index,prediction,reference,kannada_char_ratio,prompt
0,"Soutik BiswasIndia correspondent It runs a massive immunisation programme, makes 60% of the world's vaccines and is home to half a dozen major manufacturers, including Serum Institute of India - the largest in the world. Not surprisingly, there's no lack of ambition when it comes to vaccinating a billion people against Covid-19. India plans to receive and utilise some 500 million doses of vaccines against the disease and immunise up to 250 million people by July next year. This confidence is bolstered by its track record of immunising large numbers of people every year. India's 42-year-old immunisation programme, one of the world's largest health programmes, targets 55 million people - mainly newborns and pregnant","ಲಸಿಕೆ ತಯಾರಿಕೆಗಳ ವಿಚಾರಕ್ಕೆ ಬಂದಾಗ, ಭಾರತ ಶಕ್ತಿ ಕೇಂದ್ರವಾಗಿದೆ.",0.0,"ನೀನು ಸಹಾಯಕ, ನಿಖರ ಮತ್ತು ಸ್ಪಷ್ಟವಾಗಿ ಉತ್ತರಿಸುವ ಕನ್ನಡ AI ಸಹಾಯಕ. ಬಳಕೆದಾರರ ಪ್ರಶ್ನೆ ಅಥವಾ ಸೂಚನೆಗೆ ಕನ್ನಡದಲ್ಲೇ ಸೂಕ್ತ ಉತ್ತರ ನೀಡಿ.

ಕೆಳಗಿನ ಇಂಗ್ಲಿಷ್ ಪ್ಯಾರಾಗ್ರಾಫ್ ಅನ್ನು ಕನ್ನಡದಲ್ಲಿ ಸಂಕ್ಷಿಪ್ತವಾಗಿ ಸಾರಾಂಶ ಮಾಡಿ.
ಕೇವಲ ಕನ್ನಡದಲ್ಲೇ ಉತ್ತರಿಸಿ.

ಪ್ಯಾರಾಗ್ರಾಫ್:
Soutik BiswasIndia correspondent It runs a massive immunisation programme, makes 60% of the world's vaccines and is home to half a dozen major manufacturers, including Serum Institute of India - the largest in the world. Not surprisingly, there's no lack of ambition when it comes to vaccinating a billion people against Covid-19. India plans to receive and utilise some 500 million doses of vaccines against the disease and immunise up to 250 million people by July next year. This confidence is bolstered by its track record of immunising large numbers of people every year. India's 42-year-old immunisation programme, one of the world's largest health programmes, targets 55 million people - mainly newborns and pregnant women who receive some 390 million free doses of vaccines against a dozen diseases every year. The country also has a well-oiled electronic system to stock and track these vaccines. Yet vaccinating a billion people, including hundreds of millions of adults for the first time, against Covid-19 is going to be a daunting and unprecedented challenge, say experts. Five of the 30 vaccine candidates being developed in India are in clinical trials. They include the Oxford-AstraZeneca vaccine which is being tested by Serum and a home-grown one being developed by Bharat BioTech. ""Having a home-grown vaccine is a top priority,"" Dr Renu Swarup, secretary of India's Department of Biotechnology, told me. From choosing a bouquet of vaccines to grappling with distribution to identifying groups for the early jabs, ""everything is a challenge"", says Dr Gagandeep Kang, a microbiologist and the first Indian woman to be elected Fellow of the Royal Society of London. ""We are underestimating the complexity of the exercise. It will take at least a couple of years to get half of Indians vaccinated."" Here are some of the main challenges: Supply chain and logistics India has some 27,000 ""cold chain"" stores from where stocked vaccines can reach more than eight million locations. (Nearly all vaccines need to be transported and distributed between 2C and 8C in what comprises the so-called cold chain.) Will that be enough? India will also need enough auto-disabled syringes that will prevent reuse and possible reinfection. The country's biggest syringe maker says it will be making a billion such syringes by next year to meet rising demand. Then there are questions about smooth supplies of medical glass vials. And what about the disposal of the huge amount of medical waste that will be generated by this mass vaccination drive? Nearly four million doctors and nurses power India's immunisation programme, but India will need more to carry out Covid vaccinations. ""I worry about how we can [extend all the resources] to rural India,"" Kiran Mazumdar Shaw, founder of Biocon, the country's leading biotechnology enterprise, told me. Who's going to get the early jabs? Vaccine supplies will be tight next year, and deciding who will get the jabs first is going to be tricky. Health Minister Harsh Vardhan says private and government health care workers and frontline workers ""of other departments"" will receive the early doses. Experts believe it's not going to be easy. ""We will never have sufficient supply of vaccines. The prioritisation of recipients is going to be a considerable challenge,"" says epidemiologist Dr Chandrakant Lahariya. Consider this. In a country where the majority of healthcare is private, will a private health worker get priority over a public one? Will permanent workers get priority over people working on contracts? If elderly people with underlying conditions are eligible for early shots, how will different co-morbidities be prioritised? India, for example, has more than 70 million diabetics, the second highest in the world. Will all of them be given a blanket preference? Rolling out the vaccine in all the 30 states will not be possible. So will early supplies go to states worst-hit by the pandemic? Questions about equity and non-partisanship are inevitable. Tracking millions of doses Stitching up manufacturing contracts with vaccine makers with a ""reasonably good portfolio"" of vaccines should help India give sufficient doses to people relatively quickly, according to Prashant Yadav, who studies health care supply chains at the Washington-based Centre for Global Development. But the success at routine immunisation doesn't guarantee success with Covid-19 vaccines, he says. ""The routine immunisation infrastructure has a huge footprint, but is mostly for government-run clinics. There is no large-scale adult vaccination programme and adults don't routinely seek primary care in government public health care centres,"" says Dr Yadav. A well-regulated public-private partnership is the only way out this time, he adds. People like Ms Shaw and Nandan Nilekani, a co-founder of Infosys, one of India's biggest information technology services companies, suggest that India should use Aadhaar, the unique 12-digit identification number that over a billion Indians use to access welfare and pay taxes, to record and track each dose. ""We need to design a system than can do 10 million vaccinations a day across the length and breadth of the country but all unified by a digital backbone,"" Mr Nilekani told a newspaper. Fraud over access Some of the concerns are about corruption over access to vaccines. How do authorities prevent fraud such as people getting fake papers to include themselves in lists of people who are selected for early shots? And how do you prevent fake vaccines being sold in remote markets? Read more stories by Soutik Biswas Monitoring for 'adverse events' Vaccines come with side effects for some people. India has a 34-year-old surveillance programme for monitoring such ""adverse events"" following immunisation. But researchers have found that benchmarks for reporting side effects still remain weak and the number of serious adverse events are still far less than the expected numbers. A failure to transparently report adverse effects could easily lead to fear-mongering around vaccines. Who will pay for it? This is possibly the biggest question. Will the government acquire all the doses and roll out a state-run free or subsidised vaccination programme? Or will the affluent pay for their doses at market prices through private distribution and sale? Experts like Dr Lahariya believe that the government should be footing the bill for vaccinating every Indian until the pandemic is over. Others like Dr Shaw say that private firms could pay to vaccinate their employees. Mr Nilekani reckons that with vaccines costing between $3 and $5 (£2.24 and £3.74) in the beginning, a dual dose vaccine could cost up to $10 for each Indian and $13bn for India. That would be very expensive. That's why, says Gagandeep Kang, a good vaccine for India should cost below 50 cents a shot, be plentifully available and delivered as a single dose. What do I need to know about the coronavirus? Follow Soutik on Twitter

ಕನ್ನಡ ಸಾರಾಂಶ:"
1,EU ಯುರೋಪಿಯನ್ ಯೂನಿಯನ್‌ಗೆ ಸಂಕ್ಷಿಪ್ತವಾಗಿ ಸಾರಾಂಶ ಮಾಡಿ.,"ಯುರೋಪಿಯನ್ ನಾಯಕರು ಸಿರಿಯಾದಿಂದ ನಿರಾಶ್ರಿತರ ಅಲ್ಪ ಸಂಖ್ಯೆಯ ಬಗ್ಗೆ ನಾಚಿಕೆಪಡಬೇಕು, ಅವರು ಪುನರ್ವಸತಿಗೆ ಸಿದ್ಧರಾಗಿದ್ದಾರೆ, ಮಾನವ ಹಕ್ಕುಗಳ ಗುಂಪು ಅಮ್ನೆಸ್ಟಿ ಹೇಳುತ್ತದೆ.",0.9111111111111111,"ನೀನು ಸಹಾಯಕ, ನಿಖರ ಮತ್ತು ಸ್ಪಷ್ಟವಾಗಿ ಉತ್ತರಿಸುವ ಕನ್ನಡ AI ಸಹಾಯಕ. ಬಳಕೆದಾರರ ಪ್ರಶ್ನೆ ಅಥವಾ ಸೂಚನೆಗೆ ಕನ್ನಡದಲ್ಲೇ ಸೂಕ್ತ ಉತ್ತರ ನೀಡಿ.

ಕೆಳಗಿನ ಇಂಗ್ಲಿಷ್ ಪ್ಯಾರಾಗ್ರಾಫ್ ಅನ್ನು ಕನ್ನಡದಲ್ಲಿ ಸಂಕ್ಷಿಪ್ತವಾಗಿ ಸಾರಾಂಶ ಮಾಡಿ.
ಕೇವಲ ಕನ್ನಡದಲ್ಲೇ ಉತ್ತರಿಸಿ.

ಪ್ಯಾರಾಗ್ರಾಫ್:
Only 10 member states have offered to take in refugees and even then only 12,000, it complains. The UK and Italy have offered no places at all, it adds. But the UK government says it is focusing on the region and is one of the biggest international donors. European Union aid has reached 1.3bn euros (£1.1bn; $1.7bn), officials say. The bloc says its priority is providing help to Syria's internally displaced people, now thought to number 6.5 million, and those hosted in other countries. The UN estimates almost 2.3 million Syrians have fled to neighbouring countries since March 2011. Most Syrians who have fled their country have travelled to Lebanon, Jordan, Turkey and Iraq. But some 6,000 this year have reached EU member state Bulgaria, which has appealed for financial help from Brussels in responding to the influx. In September, Sweden became the first EU member state to offer Syrian refugees permanent residence. More than 14,000 Syrians have sought asylum there in the past two years. Germany has resettled 1,000 refugees and plans to admit another 9,000. The UK says it has no plans to resettle or provide temporary protection to Syrian refugees, although individual asylum claims are considered on their merits. ""Instead, we are giving as much help as possible to people in the region. Our £500m pledged so far is more than the other EU member states combined,"" a spokesman told the BBC. 'Miserably failed' Earlier this month, the EU put forward plans to do more to stop migrants dying in the Mediterranean, after more than 350 people lost their lives in a shipwreck off the Italian island of Lampedusa in October. One of the proposals involved member states making available a number of planes to enable the EU to resettle thousands more people from refugee camps. The UN has urged Western countries to take in up to 30,000 Syrians by the end of 2014. A lump sum payment of 6,000 euros would be paid to member states for each resettled refugee from the UN refugee agency's list, the Commission proposes. EU leaders will consider the package on 19 December. Amnesty International says the EU has ""miserably failed"" to provide a safe haven to Syrians, noting that 55,000 so far have been able to claim asylum. Ten countries have promised to allow in 12,000 people, it says, with 80% of the total pledges from Germany. France has offered 500 places and Spain 30, it says. The human rights group's report also criticises ""push-back"" operations aimed at halting Syrians travelling from Turkey, noting that the European Commission has provided 228m euros to bolster controls. The harsh conditions faced by Syrian refugees have been highlighted this week with the first winter snowfalls in the Bekaa valley of northern Lebanon, where tens of thousands of Syrians are sheltering in tents. A total of 838,000 Syrians have fled to Lebanon, living either in tented camps, unused buildings or with friends and family. The bitterly cold weather has also halted a UN airlift of food and other humanitarian supplies from Iraq to Kurdish areas inside north-eastern Syria. Twelve planeloads of supplies are due to be flown in, ahead of what the UN fears will be the region's harshest winter in a century.

ಕನ್ನಡ ಸಾರಾಂಶ:"
2,"Mr Ghosn, who has been detained since November, was charged with aggravated breach of trust and understating his income. He had already been indicted on a separate charge of underreporting his pay package for the five years to 2015. Mr Ghosn, whose detention has drawn some criticism, denies all wrongdoing. His lawyers said they would apply for bail, but experts say this request is very unlikely to be granted. The new charges will likely keep the 64-year-old in prison until his first trial, according to his lawyers.",ಜಪಾನ್‌ನಲ್ಲಿರುವ ಕಾನೂನುಕ್ರಮ ಜರುಗಿಸುವವರು ನಿಸ್ಸಾನ್‌ನ ಮಾಜಿ ಅಧ್ಯಕ್ಷರಾದ ಕಾರ್ಲೋಸ್ ಘೋಸ್ನ್ ಅವರನ್ನು ಹಣಕಾಸಿಗೆ ಸಂಬಂಧಿಸಿದ ಅಪರಾಧಗಳನ್ನು ಒಳಗೊಂಡ ಎರಡು ಹೊಸ ಆರೋಪಗಳೊಂದಿಗೆ ದೋಷಾರೋಪಣೆ ಮಾಡಿದ್ದಾರೆ.,0.0,"ನೀನು ಸಹಾಯಕ, ನಿಖರ ಮತ್ತು ಸ್ಪಷ್ಟವಾಗಿ ಉತ್ತರಿಸುವ ಕನ್ನಡ AI ಸಹಾಯಕ. ಬಳಕೆದಾರರ ಪ್ರಶ್ನೆ ಅಥವಾ ಸೂಚನೆಗೆ ಕನ್ನಡದಲ್ಲೇ ಸೂಕ್ತ ಉತ್ತರ ನೀಡಿ.

ಕೆಳಗಿನ ಇಂಗ್ಲಿಷ್ ಪ್ಯಾರಾಗ್ರಾಫ್ ಅನ್ನು ಕನ್ನಡದಲ್ಲಿ ಸಂಕ್ಷಿಪ್ತವಾಗಿ ಸಾರಾಂಶ ಮಾಡಿ.
ಕೇವಲ ಕನ್ನಡದಲ್ಲೇ ಉತ್ತರಿಸಿ.

ಪ್ಯಾರಾಗ್ರಾಫ್:
Mr Ghosn, who has been detained since November, was charged with aggravated breach of trust and understating his income. He had already been indicted on a separate charge of underreporting his pay over five years. Mr Ghosn, whose detention has drawn some criticism, denies all wrongdoing. His lawyers said they would apply for bail, but experts say this request is very unlikely to be granted. The new charges will likely keep the 64-year-old in prison until his first trial, according to his lawyers. What has he been charged with? Mr Ghosn was first charged last year with underreporting his pay package for the five years to 2015. On Friday, a fresh charge claimed he understated his compensation for another three years. He was also indicted on a new, more serious charge of breach of trust. Mr Ghosn, the architect of the Renault-Nissan alliance, is accused of moving personal investment losses worth 1.85bn yen (£13.4m; $17m) racked up on foreign exchange dealings to Nissan. Mr Ghosn is also accused of making $14.7m in payments to Saudi businessman Khaled al-Juffali, using Nissan funds in exchange for arranging a letter of credit to help with his investment losses. He was first detained on 19 November and rearrested twice in December. If found guilty of the financial misconduct charges, Mr Ghosn faces up to 10 years in prison as well as a fine of up to 700m yen, according to Japanese regulators. Renault audit finds 'no fraud' Following his arrest, Nissan and Mitsubishi removed Mr Ghosn as chairman. Renault has kept him on as chair, saying it has not yet found any evidence of wrongdoing. On Thursday, the board of the French firm said an investigation into executive pay had so far shown no signs of fraud. ""The review process has examined the compensation of the current Groupe Renault Executive Committee members for the financial years 2017 and 2018 and has concluded that it is both in compliance with applicable laws and free from any fraud,"" it said in a statement. It said the review process ""will continue with respect to previous financial years"". Who is Carlos Ghosn?

ಕನ್ನಡ ಸಾರಾಂಶ:"
3,"The International Alliance for Cancer Early Detection is a collaboration between UK, US and European researchers to develop more accurate tests for early detection of cancer. They aim to reduce the time from diagnosis to treatment by 50% through less invasive methods like blood, breath and urine tests. However, they acknowledge that this could be 30 years away due to the complexity of detecting cancer in its earliest stages. The collaboration will also look at genetic factors and environmental influences to predict individual risk. Currently, survival rates are low for advanced stage cancers, so early detection is crucial to improve patient outcomes.",ಬ್ರಿಟೀಷ್ ಮತ್ತು ಅಮೇರಿಕನ್ ವಿಜ್ಞಾನಿಗಳು ಕ್ಯಾನ್ಸರ್‌ನ ಆರಂಭಿಕ ಚಿಹ್ನೆಗಳನ್ನು ಹುಡುಕಲು ತಂಡವನ್ನು ರಚಿಸುತ್ತಿದ್ದಾರೆ ಮತ್ತು ರೋಗವು ಗೋಚರವಾಗುವ ಮೊದಲು ಅದನ್ನು ಪತ್ತೆಹಚ್ಚಲು ಮತ್ತು ಚಿಕಿತ್ಸೆ ನೀಡಲು ಪ್ರಯತ್ನಿಸುತ್ತಿದ್ದಾರೆ.,0.0,"ನೀನು ಸಹಾಯಕ, ನಿಖರ ಮತ್ತು ಸ್ಪಷ್ಟವಾಗಿ ಉತ್ತರಿಸುವ ಕನ್ನಡ AI ಸಹಾಯಕ. ಬಳಕೆದಾರರ ಪ್ರಶ್ನೆ ಅಥವಾ ಸೂಚನೆಗೆ ಕನ್ನಡದಲ್ಲೇ ಸೂಕ್ತ ಉತ್ತರ ನೀಡಿ.

ಕೆಳಗಿನ ಇಂಗ್ಲಿಷ್ ಪ್ಯಾರಾಗ್ರಾಫ್ ಅನ್ನು ಕನ್ನಡದಲ್ಲಿ ಸಂಕ್ಷಿಪ್ತವಾಗಿ ಸಾರಾಂಶ ಮಾಡಿ.
ಕೇವಲ ಕನ್ನಡದಲ್ಲೇ ಉತ್ತರಿಸಿ.

ಪ್ಯಾರಾಗ್ರಾಫ್:
They plan to ""give birth"" to cancer in the lab to see exactly what it looks like ""on day one"". It is just one of the research priorities of the new International Alliance for Cancer Early Detection. Working together on early detection of cancer will mean patients benefitting more quickly, it says. Cancer Research UK has teamed up with the Universities of Cambridge, Manchester, University College London, and Stanford and Oregon in the US, to share ideas, technology and expertise in this area. Already there Together, the scientists are aiming to develop less invasive tests, such as blood, breath and urine tests, for monitoring high-risk patients, improve imaging techniques for detecting cancer early and look for virtually undetectable signs of the disease. But they admit this is ""like looking for a needle in a haystack"" and could be 30 years off. ""The fundamental problem is that we never get to see a cancer being born in a human being,"" says Dr David Crosby, head of early detection research at Cancer Research UK. ""By the time it's found, it's already established."" Researchers from Manchester, for example, are growing human breast tissue in the lab with synthetic immune cells to see if they can spot the very earliest, subtle changes that could lead to cancer. Prof Rob Bristow said it was akin to a ""living tissue bank outside patients"". Yet there is always the danger of over-diagnosis, because not all early cell changes turn into cancers. So the cancer researchers say they must be more precise, also looking at the genes people are born with and the environment they grow up in, to work out an individual's unique personal risk of different cancers. Only then will they know when to intervene. 'Expensive firefighting' To date, scientists say research on early detection has been small-scale and disconnected, lacking the power of trials in big populations of people. Dr Crosby said the collaboration would ""induce a sea-change in our health systems, shifting it from expensive firefighting of late-stage disease, to being able to intervene at its earliest point and deliver rapid, cost-effective treatment"". Figures show that 98% of breast cancer patients live for five years or more if the disease is diagnosed at stage 1 - the earliest stage- compared to just 26% at stage 4, the most advanced stage. But, at present, only around 44% of breast cancer patients are diagnosed at the earliest stage. In the UK, screening programmes exist for breast, bowel and cervical cancers, when people reach a particular age. However, there are currently no reliable screening tools for other cancers, such as pancreas, liver, lung and prostate, which means survival rates are often much lower. Prof Mark Emberton, from UCL, said the growth of imaging, such as MRI, was a ""silent revolution"" which could replace needles, used in biopsies, in the diagnosis of prostate cancer. ""Imaging only sees the aggressive cells, it overlooks the stuff you don't want to find and addresses over-diagnosis,"" he said, but he warned it was expensive and took time, and was ""not ready for prime time yet"". More accurate hyper-polarised MRI scans and photo acoustics, where laser light is delivered to the tumour, creating sound waves which are analysed to produce images, are the next advances being tested in imaging. Prof Emberton said the next goal was to see which cancers lent themselves to this type of imaging. At the University of Cambridge, Prof Rebecca Fitzgerald is developing an advanced endoscope to detect pre-cancerous lesions in the food pipe and colon. She said early detection hadn't been given the attention it deserved, and some tests for cancer could be very simple and inexpensive. Prof Fitzgerald said she looked forward to working with international colleagues to take ideas ""all the way from the bench to the bedside"". Cancer Research UK is investing £40m in the International Alliance for Cancer Early Detection over the next five years, with $20m being contributed by Canary Center at Stanford University and the OHSU Knight Cancer Institute in Oregon.

ಕನ್ನಡ ಸಾರಾಂಶ:"
4,"The video features John Cantlie, a British journalist who escaped an earlier kidnapping in Syria. He says he is now a prisoner of IS and asks why the US and UK governments have abandoned him and others. In the video, Mr Henning's death was threatened. The message is that IS has been misrepresented by Western media.",ಇಸ್ಲಾಮಿಕ್ ಸ್ಟೇಟ್ (IS) ಉಗ್ರಗಾಮಿಗಳಿಂದ ಒತ್ತೆಯಾಳಾಗಿ ಇರಿಸಿಕೊಳ್ಳಲಾಗಿದೆ ಎಂದು ನಂಬಲಾದ ಬ್ರಿಟಿಷ್ ವ್ಯಕ್ತಿಯನ್ನು ತೋರಿಸುವ ಹೊಸ ವೀಡಿಯೊವನ್ನು ಬಿಡುಗಡೆ ಮಾಡಲಾಗಿದೆ.,0.0,"ನೀನು ಸಹಾಯಕ, ನಿಖರ ಮತ್ತು ಸ್ಪಷ್ಟವಾಗಿ ಉತ್ತರಿಸುವ ಕನ್ನಡ AI ಸಹಾಯಕ. ಬಳಕೆದಾರರ ಪ್ರಶ್ನೆ ಅಥವಾ ಸೂಚನೆಗೆ ಕನ್ನಡದಲ್ಲೇ ಸೂಕ್ತ ಉತ್ತರ ನೀಡಿ.

ಕೆಳಗಿನ ಇಂಗ್ಲಿಷ್ ಪ್ಯಾರಾಗ್ರಾಫ್ ಅನ್ನು ಕನ್ನಡದಲ್ಲಿ ಸಂಕ್ಷಿಪ್ತವಾಗಿ ಸಾರಾಂಶ ಮಾಡಿ.
ಕೇವಲ ಕನ್ನಡದಲ್ಲೇ ಉತ್ತರಿಸಿ.

ಪ್ಯಾರಾಗ್ರಾಫ್:
The man says he is journalist John Cantlie and that he is a prisoner. Dressed in orange, Mr Cantlie, who in 2012 escaped an earlier kidnapping in Syria, asks why he and others have been abandoned by the US and UK governments. IS has recently killed three hostages and, in a video showing the death of UK aid worker David Haines, threatened to kill British man Alan Henning next. 'Unwinnable conflict' No IS militants are seen in the video, which is entitled ""Lend Me Your Ears"" and is addressed to the Western public. In it Mr Cantlie says other European governments have negotiated for the release of their hostages but says the US and UK have done things differently. ""After two disastrous and hugely unpopular wars in Afghanistan and Iraq, why is it that our governments appear so keen to get involved in yet another unwinnable conflict?"" he says. He also says this is the first of several of what he calls programmes in which he will explain the philosophy of IS. BBC security correspondent Frank Gardner said parts of it were like a ""kind of parody of a chat show"" and ""very much a propaganda video"". ""It doesn't end with any overt threat. He's reading from a script, there's no knife or gun being held to his head,"" our correspondent said. He added that previous IS videos were directed at US and UK leaders, but this was meant for the British public, particularly Muslims. The message of the video is that IS has been ""misrepresented by the Western media"", and the hostage says he is going to be revealing the truth about IS in ""the coming programmes"", our correspondent added. From comments on the tape, it is clear it was made this year, but not precisely when. Deputy Prime Minister Nick Clegg described IS as a ""murderous, medieval, terrorist outfit"". ""We didn't need any reminding that what we're dealing with here in Isil is a movement of almost unprecedented barbarity and cynicism,"" said Mr Clegg, who has not yet seen the video. Foreign Secretary Philip Hammond said he would ""look very closely"" at any material released on the internet. He said videos such as these could be ""very distressing"" to the families of the individuals involved. Who is John Cantlie? The video featuring Mr Cantlie has been released nearly a week after footage depicting the death of Mr Haines, the first British hostage to be killed. It was in that video that the life of Mr Henning, 47, from Salford, was threatened. Mr Henning was a volunteer on an aid convoy in December 2013 when he was seized just after crossing into Syria. Earlier, British Muslim leaders called for his immediate release, saying anyone undertaking a humanitarian act should be held in the highest esteem. The video of Mr Haines's death followed the killings of US journalists James Foley and Steven Sotloff - which were also shown in videos - in August and earlier this month respectively. On Tuesday, IS released a separate video, which was described by analysts as a video response to US air strikes. The slickly produced, Hollywood-style trailer for a film entitled ""Flames of War"" refers to US President Barack Obama's insistence that US combat troops would not be returning to fight in Iraq. In an apparent taunt, it depicts wounded US troops, masked executioners standing over kneeling captives, and declares at the conclusion: ""Fighting has just begun.""

ಕನ್ನಡ ಸಾರಾಂಶ:"
5,"Apple's iOS 14.5 update has a new App Tracking Transparency feature, which requires users to opt-in for tracking. It also allows unlocking an iPhone wearing a mask and introduces diverse emojis. However, critics say Apple is inconsistent in its messaging on diversity - both at home and abroad.","Apple, iPhone ಮತ್ತು iPad ಗಾಗಿ ತನ್ನ ಹೊಸ iOS 14.5 ಅಪ್‌ಡೇಟ್‌ ಅನ್ನು ಘೋಷಿಸಿದೆ.",0.0,"ನೀನು ಸಹಾಯಕ, ನಿಖರ ಮತ್ತು ಸ್ಪಷ್ಟವಾಗಿ ಉತ್ತರಿಸುವ ಕನ್ನಡ AI ಸಹಾಯಕ. ಬಳಕೆದಾರರ ಪ್ರಶ್ನೆ ಅಥವಾ ಸೂಚನೆಗೆ ಕನ್ನಡದಲ್ಲೇ ಸೂಕ್ತ ಉತ್ತರ ನೀಡಿ.

ಕೆಳಗಿನ ಇಂಗ್ಲಿಷ್ ಪ್ಯಾರಾಗ್ರಾಫ್ ಅನ್ನು ಕನ್ನಡದಲ್ಲಿ ಸಂಕ್ಷಿಪ್ತವಾಗಿ ಸಾರಾಂಶ ಮಾಡಿ.
ಕೇವಲ ಕನ್ನಡದಲ್ಲೇ ಉತ್ತರಿಸಿ.

ಪ್ಯಾರಾಗ್ರಾಫ್:
By James ClaytonNorth America technology reporter The most newsy feature is its new App Tracking Transparency function - which means users will have to ""opt in"" if they want their online activity tracked by companies. Here are the things that caught our eye. Unlocking an iPhone wearing a mask Apple's new operating system will allow you to unlock your phone whilst wearing a mask - with a gigantic catch. Apple's facial recognition doesn't generally work when users are wearing a mask. Apple's work-around involves you also owning an Apple Watch. Apple said: ""With Apple Watch on the wrist, unlocked, and in close proximity to iPhone, users can simply glance at their iPhone and they will receive haptic feedback from Apple Watch, indicating their iPhone has been unlocked."" For anyone who doesn't own an Apple Watch, as well as an iPhone, this feature won't work. App Tracking Transparency The new update will mean a prompt will flash up when you want to download an app - asking for your permission for the app to track your online activity. That data is currently used to create highly targeted ads based on your online behaviour by companies like Facebook. Facebook has publically lobbied against the new change. The less Facebook knows about you, the less money it can charge for adverts. Apple's motives for the move have been questioned. If app developers can't make as much through advertising, they might be more inclined to charge for services - and Apple makes money from these payments. You can read more about this update here. Like millions of iPhone users I downloaded iOS 14.5 last night and waited to find out what Apple's brave new world of freedom from tracking looked like. But nothing happened. There were no alerts from the hundreds of apps I have installed, asking me to agree to tracking. I tried downloading some new apps, but again: nothing, nada, zilch. Buried in the privacy section of the phone's settings is a switch labelled ""Allow Apps to Request to Track"" which was toggled on. Underneath, just one app was listed - a streaming service which I think I updated last night. It seems that even if that is switched on, tracking stays off until the apps themselves push out a request screen inviting you to accept it. Facebook says it is in the process of pushing out its screen - preceded by another one, explaining why tracking is a good thing and has helped to keep many small businesses afloat. But a huge system of data collection, which sees app users tracked wherever they go, has been switched off for all who download the update. What's not clear is how much of it will be switched on again - by users, or even by the developers themselves. Many may decide that this kind of tracking has had its day, and they need to find a new model for advertising. New Emojis Apple has introduced several new emojis in its latest update. For example, people will be able to select different skin tones for the ""couple kissing"" emoji and ""couple with heart"" emoji. Apple said that ""Additional emoji include characters for face exhaling, face with spiral eyes, face in clouds, hearts on fire, mending heart, and woman with a beard, among others."" Siri Apple says Siri, its voice-controlled assistant, is becoming more diverse. ""Siri no longer has a default voice, allowing users to choose the voice that speaks to them when they first set up their device,"" says Apple. ""In English, users can now select more diverse voice options. These new Siri voices use Neural Text to Speech technology for an incredibly natural sound,"" says Apple. Apple says these updates represent longstanding commitments to diversity and inclusion. However many of Apple's devices are made in China, where Apple has received criticism for not being more vocal about the government's treatment of Uyghurs. Apple's critics say that the company should be consistent in its messaging on diversity - both at home and abroad. AirTags Apple's new operating system will work with the newly launched ""AirTags"". The small disc can be attached to things like your keys or wallet. If you lose them, you'll be able to track them with the Find My app. This looks very similar to another product on the market: ""Tile"". Last week Apple was criticised during a Senate hearing for copying Tile's idea. Tile's General Counsel Kirsten Daru said ""We welcome competition but it has to be fair competition and Apple's idea of competing is patently unfair."" She also accused Apple of preventing Tile from using the technology behind Apple's Find My function, giving AirTags an unfair advantage. Apple said the product was different. ""We didn't copy Tile's product... It's extremely different to anything else on the market,"" said Apple's Chief Compliance Officer, Kyle Andeer. James Clayton is the BBC's North America technology reporter based in San Francisco. Follow him on Twitter @jamesclayton5.

ಕನ್ನಡ ಸಾರಾಂಶ:"
6,"25-year-old Nevada resident COVID-19 ಗೆ ಎರಡನೇ ಬಾರಿಗೆ ಒಳಗಾದರು. ವೈರಸ್‌ಗಳು ವಿಭಿನ್ನವಾಗಿದ್ದರಿಂದ, ಇದು ಮೊದಲ ಸೋಂಕಿನಿಂದ 'ಬೌಟ್‌' (rebound) ಅಲ್ಲ ಎಂದು ಸೂಚಿಸುತ್ತದೆ. ಇದು ರೋಗನಿರೋಧಕ ಶಕ್ತಿಯ ಬಗ್ಗೆ ಪ್ರಶ್ನೆಗಳನ್ನು ಉಂಟುಮಾಡುತ್ತದೆ. ವೈರಸ್‌ಗಳ ನಡುವೆ 10-day ಅಂತರವಿತ್ತು. ಎರಡನೇ ಸೋಂಕು ತೀವ್ರವಾಗಿತ್ತು, ಇದು ಮೊದಲ ಸೋಂಕಿನಿಂದ 'ಬೌಟ್‌' (rebound) ಅಲ್ಲ ಎಂದು ಸೂಚಿಸುತ್ತದೆ. ಇದು COVID-19 ರ ರೋಗನಿರೋಧಕ ಶಕ್ತಿಯ ಬಗ್ಗೆ ನಮ್ಮ ತಿಳುವಳಿಕೆಗೆ ಸಂಭಾವ್ಯ ಪರಿಣಾಮಗಳನ್ನು ಹೊಂದಿದೆ.","ಯುನೈಟೆಡ್ ಸ್ಟೇಟ್ಸ್‌ನಲ್ಲಿ ವ್ಯಕ್ತಿಯೊಬ್ಬರು ಎರಡು ಬಾರಿ ಕೋವಿಡ್ ಸೋಂಕಿಗೆ ಒಳಗಾಗಿದ್ದಾರೆ, ಎರಡನೆಯ ಸೋಂಕು ಮೊದಲನೆಯದಕ್ಕಿಂತ ಹೆಚ್ಚು ಅಪಾಯಕಾರಿಯಾಗಿದೆ ಎಂದು ವೈದ್ಯರು ವರದಿ ಮಾಡಿದ್ದಾರೆ.",0.7774725274725275,"ನೀನು ಸಹಾಯಕ, ನಿಖರ ಮತ್ತು ಸ್ಪಷ್ಟವಾಗಿ ಉತ್ತರಿಸುವ ಕನ್ನಡ AI ಸಹಾಯಕ. ಬಳಕೆದಾರರ ಪ್ರಶ್ನೆ ಅಥವಾ ಸೂಚನೆಗೆ ಕನ್ನಡದಲ್ಲೇ ಸೂಕ್ತ ಉತ್ತರ ನೀಡಿ.

ಕೆಳಗಿನ ಇಂಗ್ಲಿಷ್ ಪ್ಯಾರಾಗ್ರಾಫ್ ಅನ್ನು ಕನ್ನಡದಲ್ಲಿ ಸಂಕ್ಷಿಪ್ತವಾಗಿ ಸಾರಾಂಶ ಮಾಡಿ.
ಕೇವಲ ಕನ್ನಡದಲ್ಲೇ ಉತ್ತರಿಸಿ.

ಪ್ಯಾರಾಗ್ರಾಫ್:
By James GallagherHealth and science correspondent The 25-year-old needed hospital treatment after his lungs could not get enough oxygen into his body. Reinfections remain rare and he has now recovered. But the study in the Lancet Infectious Diseases raises questions about how much immunity can be built up to the virus. The man from Nevada had no known health problems or immune defects that would make him particularly vulnerable to Covid. What happened when Scientists say the patient caught coronavirus twice, rather than the original infection becoming dormant and then bouncing back. A comparison of the genetic codes of the virus taken during each bout of symptoms showed they were too distinct to be caused by the same infection. ""Our findings signal that a previous infection may not necessarily protect against future infection,"" said Dr Mark Pandori, from the University of Nevada. ""The possibility of reinfections could have significant implications for our understanding of Covid-19 immunity."" He said even people who have recovered should continue to follow guidelines around social distancing, face masks and hand washing. Scientists are still grappling with the thorny issue of coronavirus and immunity. Does everyone become immune? Even people with very mild symptoms? How long does any protection last? These are important questions for understanding how the virus will affect us long-term and may have implications for vaccines and ideas such as herd immunity. So far, reinfection seems to be rare - there have been only a few examples out of more than 37 million confirmed cases. Reports in Hong Kong, Belgium and the Netherlands said they were no more serious than the first. One in Ecuador mirrored the US case in being more severe, but did not need hospital treatment. However, it is still early into the pandemic, and the history of other types of coronavirus means protection is expected to wane. As countries endure a second wave of the virus, we may start to get clearer answers. It had been assumed that a second round of Covid would be milder, as the body would have learned to fight the virus the first time around. It is still unclear why the Nevada patient became more severely ill the second time. One idea is he may have been exposed to a bigger initial dose of the virus. It also remains possible that the initial immune response made the second infection worse. This has been documented with diseases like dengue fever, where antibodies made in response to one strain of dengue virus cause problems if infected by another strain. Prof Paul Hunter, from the University of East Anglia, said the study was ""very concerning"" because of the small gap between the two infections, and the severity of the second. ""Given the fact that to date over 37 million people have had the infection, we would have expected to have heard of many more incidents if such very early reinfections with severe illness were common. ""It is too early to say for certain what the implications of these findings are for any immunisation programme. But these findings reinforce the point that we still do not know enough about the immune response to this infection."" Follow James on Twitter

ಕನ್ನಡ ಸಾರಾಂಶ:"
7,"ಪ್ರಿನ್ಸ್ ಆಂಡ್ರ್ಯೂ, 59, ಅವರು 'ಮುಂದಿನ ಕೆಲವು ವರ್ಷಗಳವರೆಗೆ' ನಿವೃತ್ತಿಯಾಗಲು ತನ್ನ ಪೋಷಕರಿಗೆ ಅನುಮತಿಯನ್ನು ಕೇಳಿದ್ದಾರೆ ಎಂದು ಹೇಳಿದರು. ಅವರು ದೈತ್ಯ ಅಪರಾಧ ಎಸ್‌ಟ್‌ನ್‌‌ನ ಬಲಿತ್ರಿಯರೊಂದಿಗೆ ಸಂಪೂರ್ಣವಾಗಿ ಒಪ್ಪಿಕೊಂಡರು ಮತ್ತು 'ಯಾರಾದರೂ ಮುಕ್ತಾಯವನ್ನು ಬಯಸುತ್ತಾನೆ' ಎಂಬವರಿಗೆ ಸಹಾನುಭೂತಿ ವ್ಯಕ್ತಪಡಿಸಿದರು. BBC ವರದಿಗಳ ನಂತರ, ಬಿಟಿ ಮತ್ತು ಬಾರ್ಕ್‌ಲೇಸ್‌ ಸೇರಿದಂತೆ ಹಲವಾರು ಕಂಪನಿಗಳು ಮತ್ತು ವಿಶ್ವವಿದ್ಯಾಲಯಗಳು/ಸ Charities Charities ರ್‌ನಿಂದ ಅವರನ್ನು ದೂರವಿಟ್ಟಿವೆ. ಕಳೆದ ಕೆಲವು ತಿಂಗಳಿಂದ, ದೈತ್ಯ ಅಪರಾಧದೊಂದಿಗೆ ಅವನ ಸಂಬಂಧದ ಬಗ್ಗೆ ಪ್ರಶ್ನೆಗಳನ್ನು ಎದುರಿಸ","ಯಾರ್ಕ್‌ನ ಡ್ಯೂಕ್ ಅವರು ರಾಜಮನೆತನದ ಕರ್ತವ್ಯಗಳಿಂದ ಹಿಂದೆ ಸರಿಯುತ್ತಿದ್ದೇನೆ ಎಂದು ಹೇಳುತ್ತಿದ್ದಾರೆ, ಏಕೆಂದರೆ ಜೆಫ್ರಿ ಎಪ್‌ಸ್ಟೈನ್ ಅವರ ಹಗರಣವು ರಾಜಮನೆತನಕ್ಕೆ ""ಪ್ರಮುಖ ಅಡ್ಡಿ""ಯಾಗಿದೆ.",0.9020979020979021,"ನೀನು ಸಹಾಯಕ, ನಿಖರ ಮತ್ತು ಸ್ಪಷ್ಟವಾಗಿ ಉತ್ತರಿಸುವ ಕನ್ನಡ AI ಸಹಾಯಕ. ಬಳಕೆದಾರರ ಪ್ರಶ್ನೆ ಅಥವಾ ಸೂಚನೆಗೆ ಕನ್ನಡದಲ್ಲೇ ಸೂಕ್ತ ಉತ್ತರ ನೀಡಿ.

ಕೆಳಗಿನ ಇಂಗ್ಲಿಷ್ ಪ್ಯಾರಾಗ್ರಾಫ್ ಅನ್ನು ಕನ್ನಡದಲ್ಲಿ ಸಂಕ್ಷಿಪ್ತವಾಗಿ ಸಾರಾಂಶ ಮಾಡಿ.
ಕೇವಲ ಕನ್ನಡದಲ್ಲೇ ಉತ್ತರಿಸಿ.

ಪ್ಯಾರಾಗ್ರಾಫ್:
Prince Andrew, 59, said he had asked the Queen for permission to withdraw for the ""foreseeable future"". He said he deeply sympathised with sex offender Epstein's victims and everyone who ""wants some form of closure"". The duke has faced a growing backlash following a BBC interview about his friendship with the US financier. Companies he has links with, such as BT and Barclays, have joined universities and charities in distancing themselves from him. For several months the duke had been facing questions over his ties to Epstein, who took his own life in August while awaiting trial on sex-trafficking charges. Virginia Giuffre, one of Epstein's accusers, claimed she was forced to have sex with the prince three times. The duke has always denied any form of sexual contact or relationship with her. His latest move, described by Buckingham Palace as ""a personal decision"", was taken following discussions with the Queen and Prince Charles. In a statement, the duke said: ""I continue to unequivocally regret my ill-judged association with Jeffrey Epstein. ""His suicide has left many unanswered questions, particularly for his victims, and I deeply sympathise with everyone who has been affected and wants some form of closure. ""I can only hope that, in time, they will be able to rebuild their lives."" He added that he was ""willing to help any appropriate law enforcement agency with their investigations, if required"". BBC royal correspondent Daniela Relph said his latest statement was ""completely different in tone"" to his recent TV interview and had ""addressed all the issues that he'd been criticised for"", including offering sympathy to Epstein's victims. She described his decision to step back as a ""drastic"" move but said ""the rumours that had been circulating had been really difficult for the Royal Family to manage"". In his interview with the BBC's Newsnight on Saturday, the duke said the ""opportunities I was given to learn"" about business meant he did not regret the friendship with Epstein, although he said meeting him for a final time in 2010 was ""the wrong decision"". The duke said he could not recall ever meeting Virginia Giuffre, then known as Roberts, and said that on the night she claims they first met that he went to Pizza Express in Woking and then returned home. He sought to cast doubt on her testimony claiming that he was ""profusely sweating"" in a nightclub, saying that a medical condition at the time meant he could not perspire. He said he had met Epstein ""through his girlfriend back in 1999"" - a reference to Ghislaine Maxwell, who had been a friend of Prince Andrew since she was at university. Since the interview, a letter written in 2011 to the Times newspaper by Buckingham Palace has emerged, saying they met in the early 1990s. This is without precedent in modern times. Prince Andrew's public life is over for now. The statement says the withdrawal is ""for the foreseeable future"". But it's hard to see what will bring him back. The interview is almost universally seen as a mistake. It was a disaster. But it may have seemed a good idea at the time. BBC Panorama has been digging into Virginia Roberts Giuffre's allegations and is going to air soon. That will have added to the pressure, alongside legal efforts in New York to have more Epstein-related papers released. There's talk of a lack of grip at the Palace, but Buckingham Palace is not like a company or a government department, with reporting lines and a chain of command. For centuries princes have gone their own way. There are lots of questions - about money, titles, military commands, patronages, about how this might speed reform, and of course about whether Prince Andrew still has a part to play in helping with investigations into Epstein, and helping Epstein's victims find answers. But right now the humiliation is complete. Born into the public eye, Prince Andrew has had to retreat into a private life. And the monarchy is shaken. Former Buckingham Palace press officer Dickie Arbiter told the BBC News Channel that the prince's position had become ""untenable"" and the only surprise was that it took so long, adding ""there was no other direction he could go"". However, he said the prince was ""not out of the woods yet"" as the FBI and lawyers for some of Epstein's alleged victims wanted to talk to him under oath. Lawyer Gloria Allred, who is representing several of Epstein's victims, told BBC Newsnight that she was ""very glad"" the prince had indicated he was willing to speak to law enforcement, but said she didn't know why he had added ""if required"" to his statement. She said he should volunteer to cooperate ""without any condition and without any more delay"". The duke's website says he carries out official duties for the Queen, focusing on promoting economic growth and skilled job creation. Over the past two months he has carried out overseas engagements in Australia, United Arab Emirates and Thailand. The prince's announcement means he won't be carrying out public engagements, but he will still attend Royal Family events such as Trooping the Colour and Remembrance Sunday. Duke ties cut BT became the latest in a series of organisations to distance themselves from Prince Andrew ""in light of recent developments"". In a statement, the firm said it had been working with iDEA - which helps people develop digital, business and employment skills - since 2017 but ""our dealings have been with its executive directors not its patron, the Duke of York"". ""We are reviewing our relationship with the organisation and hope that we might be able to work further with them, in the event of a change in their patronage,"" a spokeswoman said. Standard Chartered Bank and KPMG also announced they were withdrawing support for the duke's business mentoring initiative Pitch@Palace. Sources told the BBC the decisions were made before the interview. Four Australian universities also said they would not be continuing their involvement in Pitch@Palace Australia. Prince Andrew cancelled a planned visit to flood-hit areas of Yorkshire on Tuesday, the Sun newspaper reported. Prince Andrew & the Epstein Scandal: The Newsnight Interview was shown on BBC Two on 16 November 2019 and can be seen on BBC iPlayer in the UK. The full interview can also be seen on YouTube.

ಕನ್ನಡ ಸಾರಾಂಶ:"
8,"The policy was introduced after a national campaign against food waste. The restaurant in Changsha used scales and an app to encourage diners to order less. It caused uproar on social media, leading the restaurant to apologise for its interpretation of the campaign. President Xi's message about food wastage led to Wuhan limiting dishes per diner. State TV criticised livestreamers who filmed themselves eating large amounts of food.",ಸೆಂಟ್ರಲ್ ಚೈನಾದಲ್ಲಿರುವ ರೆಸ್ಟೋರೆಂಟ್‌ವೊಂದು ಡೈನರ್‌ಗಳನ್ನು ತೂಕ ನೋಡಲು ಮತ್ತು ಅದರ ಪ್ರಕಾರ ಆಹಾರವನ್ನು ಆರ್ಡರ್ ಮಾಡಲು ಪ್ರೋತ್ಸಾಹಿಸಿದ್ದಕ್ಕಾಗಿ ಕ್ಷಮೆಯಾಚಿಸಿದೆ.,0.0,"ನೀನು ಸಹಾಯಕ, ನಿಖರ ಮತ್ತು ಸ್ಪಷ್ಟವಾಗಿ ಉತ್ತರಿಸುವ ಕನ್ನಡ AI ಸಹಾಯಕ. ಬಳಕೆದಾರರ ಪ್ರಶ್ನೆ ಅಥವಾ ಸೂಚನೆಗೆ ಕನ್ನಡದಲ್ಲೇ ಸೂಕ್ತ ಉತ್ತರ ನೀಡಿ.

ಕೆಳಗಿನ ಇಂಗ್ಲಿಷ್ ಪ್ಯಾರಾಗ್ರಾಫ್ ಅನ್ನು ಕನ್ನಡದಲ್ಲಿ ಸಂಕ್ಷಿಪ್ತವಾಗಿ ಸಾರಾಂಶ ಮಾಡಿ.
ಕೇವಲ ಕನ್ನಡದಲ್ಲೇ ಉತ್ತರಿಸಿ.

ಪ್ಯಾರಾಗ್ರಾಫ್:
The policy was introduced after a national campaign against food waste was launched. The beef restaurant in the city of Changsha placed two large scales at its entrance this week. It then asked diners to enter their measurements into an app that would then suggest menu items accordingly. Signs reading ""be thrifty and diligent, promote empty plates"" and ""operation empty plate"" were pinned up. The policy caused uproar on Chinese social media. Hashtags about the restaurant have been viewed more than 300 million times on the social platform Weibo. The restaurant said it was ""deeply sorry"" for its interpretation of the national ""Clean Plate Campaign"". ""Our original intentions were to advocate stopping waste and ordering food in a healthy way. We never forced customers to weigh themselves,"" it said in an apology posted online. President Xi Jinping ignited the campaign this week, calling the levels of national food wastage ""shocking and distressing"". Following Mr Xi's message, the Wuhan Catering Industry Association urged restaurants in the city to limit the number of dishes served to diners - implementing a system where groups have to order one dish fewer than the number of diners. State TV also criticised livestreamers who filmed themselves eating large amounts of food.

ಕನ್ನಡ ಸಾರಾಂಶ:"
9,"91-year-old Geelani resigned, accused leaders of revolting against him. He rejected speculations about health or govt pressure. He led protests since 1989. He said he couldn't reach other leaders to discuss his decision. He called for peaceful protest in Kashmir. Other top Hurriyat leaders haven't responded yet.",ಸೈಯದ್ ಅಲಿ ಗಿಲಾನಿ ಭಾರತೀಯ ಆಡಳಿತದಲ್ಲಿರುವ ಕಾಶ್ಮೀರದ ಪ್ರಮುಖ ಪ್ರತ್ಯೇಕತಾವಾದಿ ಗುಂಪುಗಳ ರಾಜಕೀಯ ಮುಖ್ಯಸ್ಥರ ಸ್ಥಾನವನ್ನು ತ್ಯಜಿಸಿದ್ದಾರೆ.,0.0,"ನೀನು ಸಹಾಯಕ, ನಿಖರ ಮತ್ತು ಸ್ಪಷ್ಟವಾಗಿ ಉತ್ತರಿಸುವ ಕನ್ನಡ AI ಸಹಾಯಕ. ಬಳಕೆದಾರರ ಪ್ರಶ್ನೆ ಅಥವಾ ಸೂಚನೆಗೆ ಕನ್ನಡದಲ್ಲೇ ಸೂಕ್ತ ಉತ್ತರ ನೀಡಿ.

ಕೆಳಗಿನ ಇಂಗ್ಲಿಷ್ ಪ್ಯಾರಾಗ್ರಾಫ್ ಅನ್ನು ಕನ್ನಡದಲ್ಲಿ ಸಂಕ್ಷಿಪ್ತವಾಗಿ ಸಾರಾಂಶ ಮಾಡಿ.
ಕೇವಲ ಕನ್ನಡದಲ್ಲೇ ಉತ್ತರಿಸಿ.

ಪ್ಯಾರಾಗ್ರಾಫ್:
In his resignation letter, the 91-year-old has accused some Hurriyat Conference leaders of ""revolting against his leadership"". He rejected speculations that he had resigned because of pressure from the government or his ill health. Mr Geelani has spearheaded political protests against Indian rule in the disputed Kashmir region since 1989. He added that he would continue to ""lead his people"" against India. Mr Geelani said he was unable to reach other leaders of the group to discuss his decision. ""Despite my ill health and continued restrictions, I tried to approach you through various ways but none of you were available. Now that you feel that you will be held accountable for the misappropriation of funds, you openly revolted against the leadership,"" Mr Geelani said in his letter. Call for peaceful Kashmir protest However, he did not elaborate on what he meant by misappropriation of funds. Other top leaders of the Hurriyat have not responded to the letter. Mr Geelani has been a central figure in political protests against Indian rule in Kashmir for decades. He was a legislator for over 15 years before resigning in 1989 to join anti-India protests. He played a prominent role in bringing several political and religious groups under the banner of All Parties Hurriyat Conference in 1993. He was later elected as the group's chairman. Mr Geelani is known for his strong opposition to holding any kind of dialogue with India. He has always demanded that a plebiscite on whether Kashmir should remain under Indian rule should be held before any talks can take place. This often brought him in conflict with his younger colleagues, who were more open to holding talks with Indian leaders.

ಕನ್ನಡ ಸಾರಾಂಶ:"
10,"BBC ವರದಿಯ ಪ್ರಕಾರ, IS ನ ವಿಡಿಯೋದಲ್ಲಿ ಕಾಣಿಸಿಕೊಂಡ ವ್ಯಕ್ತಿಯು UK ನಿವಾಸಿಯಾಗಿರಬಹುದು ಎಂದು ಅಧಿಕಾರಿಗಳು ತೀವ್ರವಾಗಿ ವಿಚಾರಣೆ ನಡೆಸುತ್ತಿದ್ದಾರೆ. ಅವರು 2014 ರಲ್ಲಿ ಬ್ರಿಟನ್‌ಗೆ ಪಲಾಯನ ಮಾಡಿದ್ದರು ಮತ್ತು ಈಗ ತಮ್ಮನ್ನು IS ಗೆ ಸೇರಿರುವವರು ಎಂದು ಹೇಳುತ್ತಾರೆ. ಅವರ ಸಹೋದರಿಯು ವಿಡಿಯೋದಲ್ಲಿ ಕಾಣಿಸಿಕೊಂಡ ವ್ಯಕ್ತಿಯ ಧ್ವನಿ ತನ್ನ ಸಹೋದರನ ಧ್ವನಿಯಂತೆಯೇ ಇದೆ ಎಂದು ತಿಳಿಸಿದ್ದಾರೆ, ಆದರೆ ಅವರು ವೀಕ್ಷಿಸಿದ ಸಣ್ಣ ತುಣುಕಿನಲ್ಲಿ ಸಂಪೂರ್ಣವಾಗಿ ನಂಬಲಾಗಿಲ್ಲ. ಇದು UK ಗೃಹ ವ್ಯವಹಾರಗಳ ಮಂತ್ರಿಗಳು ಮತ್ತು MI5 ಅವರನ್ನು ಅವರ ಪಾಲಿನಿಂದ ತಪ್ಪಿಸಿಕೊಳ್ಳಲು ಹೇಗೆ ಸಾಧ್ಯವಾಯಿತು ಎಂಬುದಕ್ಕೆ ಸಂಬಂಧಿಸಿದಂತೆ ತೀವ್ರ ಪ್ರಶ್ನೆಗಳಿಗೆ","ಇಸ್ಲಾಮಿಕ್ ಸ್ಟೇಟ್ ಎಂದು ಕರೆಯಲ್ಪಡುವ, ಅವರ ಇತ್ತೀಚಿನ ಪ್ರಚಾರದ ವೀಡಿಯೊದಲ್ಲಿ ಪ್ರಮುಖ ಶಂಕಿತ ಬ್ರಿಟಿಷ್ ವ್ಯಕ್ತಿ ಸಿದ್ಧಾರ್ಥ ಧರ್ ಎಂದು ಭಾವಿಸಲಾಗಿದೆ ಎಂದು ಬಿಬಿಸಿ ಅರ್ಥಮಾಡಿಕೊಂಡಿದೆ.",0.9469026548672567,"ನೀನು ಸಹಾಯಕ, ನಿಖರ ಮತ್ತು ಸ್ಪಷ್ಟವಾಗಿ ಉತ್ತರಿಸುವ ಕನ್ನಡ AI ಸಹಾಯಕ. ಬಳಕೆದಾರರ ಪ್ರಶ್ನೆ ಅಥವಾ ಸೂಚನೆಗೆ ಕನ್ನಡದಲ್ಲೇ ಸೂಕ್ತ ಉತ್ತರ ನೀಡಿ.

ಕೆಳಗಿನ ಇಂಗ್ಲಿಷ್ ಪ್ಯಾರಾಗ್ರಾಫ್ ಅನ್ನು ಕನ್ನಡದಲ್ಲಿ ಸಂಕ್ಷಿಪ್ತವಾಗಿ ಸಾರಾಂಶ ಮಾಡಿ.
ಕೇವಲ ಕನ್ನಡದಲ್ಲೇ ಉತ್ತರಿಸಿ.

ಪ್ಯಾರಾಗ್ರಾಫ್:
An official source told the BBC Mr Dhar was the focus of investigations into the video, which purports to show the killing of five men IS says were spies. ""A lot of people think it is him,"" the source said, although there has been no official confirmation. Mr Dhar, also known as Abu Rumaysah, fled Britain in 2014 while on bail. The father-of-four, from Walthamstow in east London, had been arrested on suspicion of encouraging terrorism, but later travelled to Syria. The UK's security authorities are facing mounting questions over how he was able to flee the UK while on bail, one of the conditions of which was that he must hand over his passport. Shadow home secretary Andy Burnham described it as a ""serious lapse in security"" and called for an inquiry. He has been granted an urgent question in the Commons later on Tuesday about how Mr Dhar managed to flee the UK. Labour MP Keith Vaz, chair of the Home Affairs Select Committee, said a separate investigation was unlikely but the issues would form part of his committee's counter-terrorism inquiry. 'Benefit of hindsight' David Anderson QC, the independent reviewer of anti-terror legislation, said Mr Dhar had been arrested under standard police procedures, rather than anti-terror laws, which would have meant no bail but would have allowed the police less time to make a decision on charges. ""Where it seems to have broken down is not ensuring the passport was handed over. With the great benefit of hindsight, it is easy to think that a police officer should have accompanied this person to his home and ensured it was handed over to him them,"" he told BBC Radio 4's World at One. ""Secondly, (there is the question of) why the fact that this person was effectively banned from leaving the country was not picked up at an exit check."" Police powers By BBC home affairs correspondent, Dominic Casciani Police bail someone they have arrested if they have insufficient evidence to charge but they still want to continue the investigation. Conditions imposed on that bail, such as bans on meeting witnesses, are designed to protect the integrity of that ongoing probe. There is no general power to hold someone under a form of house arrest pending further investigation - although the former control order system for some terrorism suspects came close. Even if the police and MI5 had decided to subject Mr Dhar to monitoring under the successor ""TPim"" system of controls, history has shown that they have not stopped people fleeing the UK. So it's in that context that you could argue that Mr Dhar saw - and seized - a window of opportunity in the legal process. Released because there was insufficient evidence of a crime, he decided to get out of the UK before he could be stopped. Who is Siddhartha Dhar? Mr Anderson played down suggestions that security agencies should have been monitoring Mr Dhar. ""There are thousands of people who are subjects of interest. I don't know how high up the list this person was - I suspect not very near the top,"" he added. Former Chief Constable of Greater Manchester Police Sir Peter Fahy, who previously led on counter-terrorism for the Association of Chief Police Officers, said it was ""incredibly difficult"" to monitor somebody 24 hours a day. Security services have now completed an ""initial assessment"" of the identity of the masked man in the video, Downing Street said, adding work was ""ongoing"" to study the clip. ""I don't expect us to confirm our assessment of who this individual is at any stage in the process,"" a spokeswoman said. Born a Hindu, Mr Dhar ran a business renting out bouncy castles in London before converting to Islam and joining the radical group al-Muhajiroun. Mr Dhar's sister told the BBC that when she first heard the audio of the video she feared it was her brother, although having watched a clip she was now not so sure. ""I was in a state of shock,"" said Konika Dhar. ""I believed the audio to resemble, from what I remember, the voice of my brother but having viewed the short clip in detail, I wasn't entirely convinced which put me at ease"". Documentary maker Robb Leech, who has met Mr Dhar, told BBC Radio 4's Today programme it was ""surprising"" to ""see what looks like him in the video"". ""I've seen the video, it certainly sounds like him,"" he said. In the latest video by the extremist group - which has not been independently verified - the masked man, who is holding a gun, mocks Prime Minister David Cameron for daring to ""challenge the might"" of the extremist group. Five men, wearing jumpsuits and kneeling in a desert location, appear to be shot in the back of the head, after making what is claimed to be their confessions. IS says they were spying for the UK. The 10-minute video also features a boy with a British accent. After the apparent killings, he is seen pointing into the distance and talking about killing ""unbelievers"". 'Used as as shield' Channel 4 News has reported that a south London man they named as Sunday Dare recognised the boy in the video as his grandson, who was taken to Syria by his daughter Grace Dare. He said he was being used ""as a shield"", adding his daughter ""should come back and face the music because she has let herself down"". Grace Dare, who also goes by the name Khadijah, comes from a British-Nigerian background and converted to Islam when she was 18. She travelled to Syria in 2013, aged 22. At least 700 people from the UK have travelled to support or fight for jihadist organisations in Syria and Iraq, British police say. About half have since returned to Britain. The IS group seized large swathes of territory in Syria and Iraq in 2014, when it formally declared the establishment of a ""caliphate"" - a state governed in accordance with Islamic law, or Sharia. IS has previously released propaganda videos of killings, including footage showing the apparent beheading of two US journalists, James Foley and Steven Sotloff, and two British aid workers, David Haines and Alan Henning.

ಕನ್ನಡ ಸಾರಾಂಶ:"
11,"The severe water shortage has forced the city to scramble for urgent solutions, including drilling new boreholes. Residents have had to stand in line for hours to get water from government tanks, and restaurants have closed due to the lack of water. The situation has prompted clashes between residents. Officials are trying to find alternative sources of water, but the big concern is the dry reservoirs and low groundwater levels. ""The only way to make this better is to improve the groundwater level,"" an activist said.","ದಕ್ಷಿಣ ಭಾರತದ ನಗರವಾದ ಚೆನ್ನೈ (ಹಿಂದಿನ ಮದ್ರಾಸ್), ಅದರ ನಾಲ್ಕು ಪ್ರಮುಖ ನೀರಿನ ಜಲಾಶಯಗಳು ಸಂಪೂರ್ಣವಾಗಿ ಬತ್ತಿಹೋದ ನಂತರ ಬಿಕ್ಕಟ್ಟಿನಲ್ಲಿದೆ.",0.0,"ನೀನು ಸಹಾಯಕ, ನಿಖರ ಮತ್ತು ಸ್ಪಷ್ಟವಾಗಿ ಉತ್ತರಿಸುವ ಕನ್ನಡ AI ಸಹಾಯಕ. ಬಳಕೆದಾರರ ಪ್ರಶ್ನೆ ಅಥವಾ ಸೂಚನೆಗೆ ಕನ್ನಡದಲ್ಲೇ ಸೂಕ್ತ ಉತ್ತರ ನೀಡಿ.

ಕೆಳಗಿನ ಇಂಗ್ಲಿಷ್ ಪ್ಯಾರಾಗ್ರಾಫ್ ಅನ್ನು ಕನ್ನಡದಲ್ಲಿ ಸಂಕ್ಷಿಪ್ತವಾಗಿ ಸಾರಾಂಶ ಮಾಡಿ.
ಕೇವಲ ಕನ್ನಡದಲ್ಲೇ ಉತ್ತರಿಸಿ.

ಪ್ಯಾರಾಗ್ರಾಫ್:
The acute water shortage has forced the city to scramble for urgent solutions, including drilling new boreholes. Residents have had to stand in line for hours to get water from government tanks, and restaurants have closed due to the lack of water. ""Only rain can save Chennai from this situation,"" an official told BBC Tamil. The city, which, according to the 2011 census, is India's sixth largest, has been in the grip of a severe water shortage for weeks now. As the reservoirs started to run dry, many hotels and restaurants shut down temporarily. The Chennai metro has turned off air conditioning in the stations, while offices have asked staff to work from home in a bid to conserve water. Vinoth Kaligai, the general secretary of an IT workers' association, confirmed that some firms had told employees to stay at home. ""But homes are also running out of water, so what are we supposed to do?"" he added. The situation has also prompted clashes to break out between residents. Last week, police arrested a man for stabbing his neighbour during a fight over water-sharing in the neighbourhood. Officials are trying to find alternative sources of water, with the city's water department starting to identify and extract water from quarries. But the big concern is the dry reservoirs and low groundwater levels. ""The only way to make this better is to improve the groundwater level,"" Nakkeeran, a social activist, said. ""We've had dry years before but the groundwater was our saviour."" The water crisis has also meant that most of the city has to depend solely on Chennai's water department, which has been distributing water through government trucks across neighbourhoods. ""The destruction has just begun,"" an official said. ""If the rain fails us this year too, we are totally destroyed.""

ಕನ್ನಡ ಸಾರಾಂಶ:"
12,"The Pakistani national's plea for mercy to Indian President Pranab Mukherjee was rejected earlier this month. He was executed in prison in Pune early on Wednesday, the Home Ministry said. The 60-hour siege of Mumbai began on 26 November 2008. Attacks on the railway station, luxury hotels and a Jewish cultural centre claimed 166 lives. Nine gunmen were also killed. Qasab and an accomplice carried out the assault on the main railway station, killing 52 people. He was convicted of murder and other crimes in May 2010. The Supreme Court upheld his death sentence in August. 'Need for secrecy' R R Patil, Home Minister of Maharashtra state, of which Mumbai is the capital, said Qasab was hanged",2008 ರ ಮುಂಬೈ ದಾಳಿಯಲ್ಲಿ ಬದುಕುಳಿದಿದ್ದ ಏಕೈಕ ಬಂದೂಕುಧಾರಿ ಮೊಹಮ್ಮದ್ ಅಜ್ಮಲ್ ಅಮೀರ್ ಕಸಬ್‌ನನ್ನು ಗಲ್ಲಿಗೇರಿಸಲಾಗಿದೆ.,0.0,"ನೀನು ಸಹಾಯಕ, ನಿಖರ ಮತ್ತು ಸ್ಪಷ್ಟವಾಗಿ ಉತ್ತರಿಸುವ ಕನ್ನಡ AI ಸಹಾಯಕ. ಬಳಕೆದಾರರ ಪ್ರಶ್ನೆ ಅಥವಾ ಸೂಚನೆಗೆ ಕನ್ನಡದಲ್ಲೇ ಸೂಕ್ತ ಉತ್ತರ ನೀಡಿ.

ಕೆಳಗಿನ ಇಂಗ್ಲಿಷ್ ಪ್ಯಾರಾಗ್ರಾಫ್ ಅನ್ನು ಕನ್ನಡದಲ್ಲಿ ಸಂಕ್ಷಿಪ್ತವಾಗಿ ಸಾರಾಂಶ ಮಾಡಿ.
ಕೇವಲ ಕನ್ನಡದಲ್ಲೇ ಉತ್ತರಿಸಿ.

ಪ್ಯಾರಾಗ್ರಾಫ್:
The Pakistani national's plea for mercy to Indian President Pranab Mukherjee was rejected earlier this month. He was executed in prison in Pune early on Wednesday, the Home Ministry said. The 60-hour siege of Mumbai began on 26 November 2008. Attacks on the railway station, luxury hotels and a Jewish cultural centre claimed 166 lives. Nine gunmen were also killed. Qasab and an accomplice carried out the assault on the main railway station, killing 52 people. He was convicted of murder and other crimes in May 2010. The Supreme Court upheld his death sentence in August. 'Need for secrecy' R R Patil, Home Minister of Maharashtra state, of which Mumbai is the capital, said Qasab was hanged in the Yerawada prison at 0730 (0200 GMT). ""This is a tribute to all innocent people and police officers who lost their lives in this heinous attack on our nation,"" Mr Patil was quoted as telling reporters by the Associated Press news agency. Qasab did not leave behind a will and was buried inside the jail, Maharashtra Chief Minister Prithviraj Chavan said. Senior officials in Delhi said Qasab's family members had been informed about the execution ""through a letter sent by courier"". In Delhi, federal Home Minister Sushil Kumar Shinde said he had signed Qasab's execution order on 7 November, two days after President Pranab Mukherjee rejected his clemency petition. Qasab, who had been held in Mumbai's Arthur Road jail, was moved to Pune's Yerawada prison two days ago, Prithviraj Chavan said. ""We kept secrecy. It was important to maintain secrecy in this matter,"" Mr Shinde said, adding that Pakistan had been informed of the execution. The Indian government was under pressure to act against a man who helped carry out one of the deadliest attacks in the country, says the BBC's Sanjoy Majumder in Delhi. But the swiftness and secrecy in which the execution took place would have come as a surprise to many, our correspondent adds. Major political parties in India welcomed Qasab's execution. A spokesman for the main opposition Bharatiya Janata Party, Mukhtar Abbas Naqvi, said the execution would send a message to India's enemies. ""The hanging of Qasab is a case of better late than never. It also sends out a strong message and warning to India's enemies and to forces across the border that are running factories of terrorism,"" he said. Commenting on Qasab's execution, Pakistan's Foreign Ministry spokesman Moazzam Ali Khan said: ""We condemned terrorism in all its forms and manifestation... We are willing to co-operate and work closely with all countries of the region to eliminate the scourge of terrorism."" But Pakistan-based banned militant group Lashkar-e-Taiba [LeT], which was blamed for the Mumbai attacks, hailed Qasab as a ""hero"". He would ""inspire other fighters to follow his path"", an unnamed LeT commander was quoted by Reuters as saying. The Pakistani Taliban were ""shocked"" by the hanging, Reuters quoted Taliban spokesman Ehsanullah Ehsan as saying. Faridkot, the village Qasab came from in the Pakistani province of Punjab, was tense on Wednesday. Villagers who BBC Urdu spoke to denied he had ever lived there. Other reports said residents were openly hostile and threw stones at journalists. 'Help me get out of jail' There has been no information yet on Qasab's last few days, but his lawyer Raju Ramachandran, who argued his case in the Supreme Court, told Reuters that Qasab was a ""worried man"" when he last met him in August, before the court upheld his death sentence. He was scared that he would be hanged and asked the lawyer: ""Can you please help me get out of jail?"" Qasab was part of a heavily armed and well-drilled, 10-member militant unit which arrived in Mumbai by sea on 26 November. The men split into groups to attack various targets. Their assault on the Taj Mahal Hotel, Oberoi Trident Hotel and a Jewish centre went on for more than two days. Closed-circuit TV camera showed Qasab and an accomplice opening fire on passengers at one of Mumbai's busiest train stations, Chhatrapati Shivaji Terminus. Relations between India and Pakistan deteriorated sharply after India blamed Lashkar-e-Taiba for the attacks. After initial denials, Pakistan acknowledged that the assault had been partially planned on its territory and that Qasab was a Pakistani citizen. Relations have been gradually improving since then. Qasab's execution was the first in India since a man convicted of raping and killing a schoolgirl was hanged in the eastern city of Calcutta in 2004.

ಕನ್ನಡ ಸಾರಾಂಶ:"
13,"McKinsey Global Institute ನ ವರದಿಯು £1.3tn (2.8% of annual economic activity) ವೆಚ್ಚವಾಗುತ್ತದೆ ಎಂದು ಹೇಳಿದೆ, ಇದು UK ಗೆ £47bn ವೆಚ್ಚ ಮಾಡುತ್ತದೆ. 2.1bn ಜನರು (30%) ಅತಿಯಾಗಿ ದಪ್ಪ ಅಥವಾ ಬೊಜ್ಜುರಾಗಿದ್ದಾರೆ ಎಂದು ಸಂಶೋಧಕರು ಸೇರಿಸಿದ್ದಾರೆ. ಅವರು ಸಮಸ್ಯೆಯನ್ನು ಪರಿಹರಿಸಲು ವೈಯಕ್ತಿಕ ಜವಾಬ್ದಾರಿಯ ಮೇಲೆ ಕಡಿಮೆ ಅವಲಂಬಿತ ಕ್ರಮಗಳನ್ನು ಬಳಸಬೇಕು ಎಂದು ಹೇಳಿದರು.
ಪ್ರಾತಿನಿಧಿಕತೆ: 250 ಪದಗಳು",ಸ್ಥೂಲಕಾಯತೆಯ ಪ್ರಪಂಚದಾದ್ಯಂತದ ವೆಚ್ಚವು ಧೂಮಪಾನ ಅಥವಾ ಸಶಸ್ತ್ರ ಸಂಘರ್ಷದಂತೆಯೇ ಇರುತ್ತದೆ ಹಾಗೂ ಮದ್ಯಪಾನ ಮತ್ತು ಹವಾಮಾನ ಬದಲಾವಣೆ ಎರಡಕ್ಕಿಂತ ಹೆಚ್ಚಾಗಿರುತ್ತದೆ ಎಂದು ಸಂಶೋಧನೆ ಸೂಚಿಸಿದೆ.,0.7171717171717171,"ನೀನು ಸಹಾಯಕ, ನಿಖರ ಮತ್ತು ಸ್ಪಷ್ಟವಾಗಿ ಉತ್ತರಿಸುವ ಕನ್ನಡ AI ಸಹಾಯಕ. ಬಳಕೆದಾರರ ಪ್ರಶ್ನೆ ಅಥವಾ ಸೂಚನೆಗೆ ಕನ್ನಡದಲ್ಲೇ ಸೂಕ್ತ ಉತ್ತರ ನೀಡಿ.

ಕೆಳಗಿನ ಇಂಗ್ಲಿಷ್ ಪ್ಯಾರಾಗ್ರಾಫ್ ಅನ್ನು ಕನ್ನಡದಲ್ಲಿ ಸಂಕ್ಷಿಪ್ತವಾಗಿ ಸಾರಾಂಶ ಮಾಡಿ.
ಕೇವಲ ಕನ್ನಡದಲ್ಲೇ ಉತ್ತರಿಸಿ.

ಪ್ಯಾರಾಗ್ರಾಫ್:
Hugh PymHealth editor@bbcHughPymon Twitter The McKinsey Global Institute said it cost £1.3tn, or 2.8% of annual economic activity - it cost the UK £47bn. Some 2.1bn people - about 30% of the world's population - were overweight or obese, the researchers added. They said measures that relied less on individual responsibility should be used to tackle the problem. Lost output The report said there was a ""steep economic toll"", and the proportion could rise to almost half of the world's population by 2030. The financial costs of obesity are growing - for health care and more widely in the economy. By causing illness, obesity results in working days and output lost. The researchers argued that a range of ambitious policies needed to be considered and a systemic rather than piecemeal response was essential. What is obesity? A person is considered obese if they are very overweight with a high degree of body fat. The most common way to assess if a person is obese is to check their body mass index (BMI), which divides your weight in kilograms by your height in metres squared. If your BMI is above 25 you are overweight. A BMI of 30-40 is considered obese, while above 40 is very obese. A BMI of less than 18.5 is underweight. Where are you on the global BMI scale? ""These initiatives would need to draw on interventions that rely less on individual responsibility and more on changes to the environment,"" the report said. If the right measures were taken there could be long-term savings of £760m a year for the UK's National Health Service, it added. The initiatives assessed in the report include portion control for some packaged food and the reformulation of fast and processed food. 'Crisis proportions' It said these were more effective than taxes on high-fat and high-sugar products or public health campaigns. Weight management programmes and workplace fitness schemes were also considered. The report concluded that ""a strategy of sufficient scale is needed as obesity is now reaching crisis proportions"". The rising prevalence of obesity was driving the increase in heart and lung disease, diabetes and lifestyle-related cancers, it said. Dr Alison Tedstone, chief nutritionist at Public Health England (PHE), said: ""The report is a useful contribution to the obesity debate. PHE has consistently said that simple education messages alone are not enough to tackle obesity."" Dr Tedstone said obesity required action across national and local government, industry and society as a whole, and there was ""no single silver bullet solution"". The report was produced by McKinsey Global Institute, the business and economics research arm of consultancy firm McKinsey & Company.

ಕನ್ನಡ ಸಾರಾಂಶ:"
14,"Management on the Tsukuba Express line apologised for an early departure. The company said it was a mistake due to staff not checking the timetable. This is rare in Japan's reliable railway system, which carries 150 million passengers annually.",ಜಪಾನ್‌ನ ರೈಲು ಕಂಪನಿಯು ತನ್ನ ರೈಲುಗಳಲ್ಲಿನ ಒಂದು 20 ಸೆಕೆಂಡ್‌ಗಳು ಮುಂಚಿತವಾಗಿ ಹೊರಟ ನಂತರ ಕ್ಷಮೆಯಾಚಿಸಿದೆ.,0.0,"ನೀನು ಸಹಾಯಕ, ನಿಖರ ಮತ್ತು ಸ್ಪಷ್ಟವಾಗಿ ಉತ್ತರಿಸುವ ಕನ್ನಡ AI ಸಹಾಯಕ. ಬಳಕೆದಾರರ ಪ್ರಶ್ನೆ ಅಥವಾ ಸೂಚನೆಗೆ ಕನ್ನಡದಲ್ಲೇ ಸೂಕ್ತ ಉತ್ತರ ನೀಡಿ.

ಕೆಳಗಿನ ಇಂಗ್ಲಿಷ್ ಪ್ಯಾರಾಗ್ರಾಫ್ ಅನ್ನು ಕನ್ನಡದಲ್ಲಿ ಸಂಕ್ಷಿಪ್ತವಾಗಿ ಸಾರಾಂಶ ಮಾಡಿ.
ಕೇವಲ ಕನ್ನಡದಲ್ಲೇ ಉತ್ತರಿಸಿ.

ಪ್ಯಾರಾಗ್ರಾಫ್:
Management on the Tsukuba Express line between Tokyo and the city of Tsukuba say they ""sincerely apologise for the inconvenience"" caused. In a statement, the company said the train had been scheduled to leave at 9:44:40 local time but left at 9:44:20. Many social media users reacted to the company's apology with surprise. The mistake happened because staff had not checked the timetable, the company statement said. ""The crew did not sufficiently check the departure time and performed the departure operation,"" it said. It added that no customers had complained about the early departure from Minami Nagareyama Station, which is just north of Tokyo. The Tsukuba Express line takes passengers from Akihabara in eastern Tokyo to Tsukuba in about 45 minutes. It is rare for trains in Japan, which has one of the world's most reliable railways, to depart at a different time to the one scheduled. The country's Tokaido line, which runs from Tokyo to the city of Kobe, is by far the world's busiest and carries nearly 150 million passengers a year. Impressed railway users worldwide tweeted the story to their local train operators - particularly in Britain, where rail services are often delayed.

ಕನ್ನಡ ಸಾರಾಂಶ:"
15,"The Mexican director, known for his Gothic horrors, said the coveted award was a testament to staying ""with what you believe in - in my case, monsters"". Del Toro's latest film tells the tale of a cleaning lady (Sally Hawkins) who falls in love with an aquatic creature. Israeli director Samuel Maoz's Foxtrot won the runner-up Grand Jury prize. France's Xavier Legrand won the Silver Lion, named as best director for his drama Jusqu'à la Garde (Custody). Del Toro dedicated the award to young Latin American directors. ""As a Mexican, I dedicate this award to all those Mexicans and Latin American directors dreaming of doing something as a parable, who are told it can't be done. It can be done,"" he said",ಗಿಲ್ಲೆರ್ಮೊ ಡೆಲ್ ಟೊರೊ ಅವರ ವಿಮರ್ಶಾತ್ಮಕವಾಗಿ ಮೆಚ್ಚುಗೆ ಪಡೆದ ರೋಮ್ಯಾಂಟಿಕ್ ಫ್ಯಾಂಟಸಿ ದಿ ಶೇಪ್ ಆಫ್ ವಾಟರ್ 74 ನೇ ವೆನಿಸ್ ಚಲನಚಿತ್ರೋತ್ಸವದಲ್ಲಿ ಗೋಲ್ಡನ್ ಲಯನ್ ಪ್ರಶಸ್ತಿಯನ್ನು ಗೆದ್ದಿದೆ.,0.0,"ನೀನು ಸಹಾಯಕ, ನಿಖರ ಮತ್ತು ಸ್ಪಷ್ಟವಾಗಿ ಉತ್ತರಿಸುವ ಕನ್ನಡ AI ಸಹಾಯಕ. ಬಳಕೆದಾರರ ಪ್ರಶ್ನೆ ಅಥವಾ ಸೂಚನೆಗೆ ಕನ್ನಡದಲ್ಲೇ ಸೂಕ್ತ ಉತ್ತರ ನೀಡಿ.

ಕೆಳಗಿನ ಇಂಗ್ಲಿಷ್ ಪ್ಯಾರಾಗ್ರಾಫ್ ಅನ್ನು ಕನ್ನಡದಲ್ಲಿ ಸಂಕ್ಷಿಪ್ತವಾಗಿ ಸಾರಾಂಶ ಮಾಡಿ.
ಕೇವಲ ಕನ್ನಡದಲ್ಲೇ ಉತ್ತರಿಸಿ.

ಪ್ಯಾರಾಗ್ರಾಫ್:
The Mexican director, known for his Gothic horrors, said the coveted award was a testament to staying ""with what you believe in - in my case, monsters"". Del Toro's latest film tells the tale of a cleaning lady (Sally Hawkins) who falls in love with an aquatic creature. Israeli director Samuel Maoz's Foxtrot won the runner-up Grand Jury prize. France's Xavier Legrand won the Silver Lion, named as best director for his drama Jusqu'à la Garde (Custody). Del Toro dedicated the award to young Latin American directors. ""As a Mexican, I dedicate this award to all those Mexicans and Latin American directors dreaming of doing something as a parable, who are told it can't be done. It can be done,"" he said.

ಕನ್ನಡ ಸಾರಾಂಶ:"
16,"US National Weather Service-ಅಂದಾಜು ಮಾಡಲಾಗಿದೆ. ಇದು ಪಶ್ಚಿಮ ಕರಾವತಿಗೆ ಅತಿಯಾದ ಶಾಖದ ತೀವ್ರ ಹಂತದಲ್ಲಿದೆ, ಇಲ್ಲಿ ಬುಧವಾರದ ವೇಳೆಗೆ ತಾಪಮಾನ ಮತ್ತಷ್ಟು ಏರಬಹುದು ಎಂದು ನಿರೀಕ್ಷಿಸಲಾಗಿದೆ. ಈ ಬಿಸಿಲಿನ ಪರಿಸ್ಥಿತಿಗಳು ಕ್ಯಾಲಿಫೋರ್ನಿಯಾದಲ್ಲಿ ಎರಡು ದಿನಗಳ ಕಾಲ ವಿದ್ಯುತ್‌ಗೆ ಸಂಬಂಧಿಸಿದ ಕಡಿತಕ್ಕೆ ಕಾರಣವಾಯಿತು. 'ಇದು ಅತಿಯಾದ ಶಾಖವಾಗಿದೆ ಮತ್ತು ಇದು ನಿಮ್ಮ ಮುಂದೆ ಇರುತ್ತದೆ,' Death Valley ರಾಷ್ಟ್ರೀಯ ಉದ್ಯಾನವನದಲ್ಲಿ ಕೆಲಸ ಮಾಡುವ Brandi Stewart ಅವರು BBC ಗೆ ತಿಳಿಸಿದ್ದಾರೆ. Ms Stewart 5 ವರ್ಷಗಳಿಂದ ಈ ಉದ್ಯಾನವನದಲ್ಲಿ ವಾಸಿಸುತ್ತಿದ್ದಾರೆ ಮತ್ತು ಕೆಲಸ ಮಾಡುತ್ತಿದ್ದಾರೆ. ಅವಳು ಆಗಸ್ಟ್‌ನಲ್ಲಿ ಹೆಚ್ಚು ಸಮಯ ಒ",ಕ್ಯಾಲಿಫೋರ್ನಿಯಾದ ಡೆತ್ ವ್ಯಾಲಿ ನ್ಯಾಶನಲ್ ಪಾರ್ಕ್‌ನಲ್ಲಿ ಭೂಮಿಯ ಮೇಲೆ ಸಮರ್ಪಕವಾಗಿ ದಾಖಲಾದ ಗರಿಷ್ಠ ತಾಪಮಾನ ಯಾವುದು - 130ಫಾ (54.4ಸೆ) - ತಲುಪಿರಬಹುದು.,0.8399122807017544,"ನೀನು ಸಹಾಯಕ, ನಿಖರ ಮತ್ತು ಸ್ಪಷ್ಟವಾಗಿ ಉತ್ತರಿಸುವ ಕನ್ನಡ AI ಸಹಾಯಕ. ಬಳಕೆದಾರರ ಪ್ರಶ್ನೆ ಅಥವಾ ಸೂಚನೆಗೆ ಕನ್ನಡದಲ್ಲೇ ಸೂಕ್ತ ಉತ್ತರ ನೀಡಿ.

ಕೆಳಗಿನ ಇಂಗ್ಲಿಷ್ ಪ್ಯಾರಾಗ್ರಾಫ್ ಅನ್ನು ಕನ್ನಡದಲ್ಲಿ ಸಂಕ್ಷಿಪ್ತವಾಗಿ ಸಾರಾಂಶ ಮಾಡಿ.
ಕೇವಲ ಕನ್ನಡದಲ್ಲೇ ಉತ್ತರಿಸಿ.

ಪ್ಯಾರಾಗ್ರಾಫ್:
The recording is being verified by the US National Weather Service. It comes amid a heatwave on the US's west coast, where temperatures are forecast to rise further this week. The scorching conditions have led to two days of blackouts in California, after a power plant malfunctioned on Saturday. ""It's an oppressive heat and it's in your face,"" Brandi Stewart, who works at Death Valley National Park, told the BBC. Ms Stewart has lived and worked at the national park on and off for five years. She spends a lot of her time indoors in August because it's simply too uncomfortable to be outside. ""When you walk outside it's like being hit in the face with a bunch of hairdryers,"" she said. ""You feel the heat and it's like walking into an oven and the heat is just all around you."" What were the previous records? Sunday's reading was recorded in Furnace Creek in Death Valley. Before this, the highest temperature reliably recorded on Earth was 129.2F (54C) - also in Death Valley in 2013. A higher reading of 134F, or 56.6C a century earlier, also in Death Valley, is disputed. It is believed by some modern weather experts to have been erroneous, along with several other searing temperatures recorded that summer. According to a 2016 analysis from weather historian Christopher Burt, other temperatures in the region recorded in 1913 do not corroborate the Death Valley reading. Another record temperature for the planet - 131F, or 55C - was recorded in Tunisia in 1931, but Mr Burt said this reading, as well as others recorded in Africa during the colonial era, had ""serious credibility issues"". What about the heatwave? The current heatwave stretches from Arizona in the south-west, up the coast to Washington state in the north-west. It is expected to hit its peak on Monday and Tuesday, before temperatures start to drop later in the week. However, the sweltering heat will continue for at least another 10 days. As temperatures soared in California, a large ""firenado"" was observed on Saturday in Lassen County. California's Independent System Operator (CISO), which manages the state's power, has declared a Stage 3 Emergency, meaning ""when demand [for electricity] begins to outpace supply"". Because so much of the region's power relies on solar and wind energy, and because people use their electricity for air conditioning, during heatwaves the power grid becomes strained and is at risk of completely malfunctioning. In order to manage the state's demand for power and prevent a complete shutdown, officials are using scheduled rolling blackouts to control and conserve energy. What are the effects of extreme heat? Officials define extreme heat as a period of two to three days of high heat and humidity, with temperatures above 90F (32C). US public health body the Centers for Disease Control and Prevention (CDC) says heatwaves have killed more people on average than any other extreme weather event in the country. The immediate effects of heatwaves on the human body are heat cramps, dehydration and even potentially fatal heat strokes. However, extreme heat can also exacerbate pre-existing health conditions, including respiratory diseases, heart conditions and kidney disorders, the World Health Organization (WHO) says. It can affect infrastructure, too. As well as straining power grids and causing blackouts, extreme heat can ground planes, melt roads, and cause the inside of cars to overheat to dangerous levels. Heatwaves can also have a severe impact on agriculture - either by causing vegetables to wilt and die, or by encouraging the spread of plant diseases.

ಕನ್ನಡ ಸಾರಾಂಶ:"
17,"Farabi Shafiur Rahman, a fundamentalist blogger, was detained by special police forces early on Monday at a bus stop in Dhaka. He is accused of making a recent threat to kill Mr Roy on social media. Avijit Roy, a US citizen of Bangladeshi origin, was hacked to death by men with machetes last Thursday while visiting Bangladesh. His wife was badly wounded. Colonel Ziaul Ahsan, from Bangladesh's Rapid Action Battalion (RAB), told local media bdnews24.com that Mr Farabi was leaving the city when he was arrested in Dhaka's Jatrabarhi area on Monday morning. RAB spokesman Major Maksudul Alam said he was ""the main suspect"" in the attack on Avijit Roy, who was a critic of religious intolerance",ನಾಸ್ತಿಕ ಬರಹಗಾರರಾದ ಅವಿಜಿತ್ ರಾಯ್ ಹತ್ಯೆಗೆ ಸಂಬಂಧಿಸಿದಂತೆ ಬಾಂಗ್ಲಾದೇಶದ ಪೊಲೀಸರು ವ್ಯಕ್ತಿಯನ್ನು ಬಂಧಿಸಿದ್ದಾರೆ.,0.0,"ನೀನು ಸಹಾಯಕ, ನಿಖರ ಮತ್ತು ಸ್ಪಷ್ಟವಾಗಿ ಉತ್ತರಿಸುವ ಕನ್ನಡ AI ಸಹಾಯಕ. ಬಳಕೆದಾರರ ಪ್ರಶ್ನೆ ಅಥವಾ ಸೂಚನೆಗೆ ಕನ್ನಡದಲ್ಲೇ ಸೂಕ್ತ ಉತ್ತರ ನೀಡಿ.

ಕೆಳಗಿನ ಇಂಗ್ಲಿಷ್ ಪ್ಯಾರಾಗ್ರಾಫ್ ಅನ್ನು ಕನ್ನಡದಲ್ಲಿ ಸಂಕ್ಷಿಪ್ತವಾಗಿ ಸಾರಾಂಶ ಮಾಡಿ.
ಕೇವಲ ಕನ್ನಡದಲ್ಲೇ ಉತ್ತರಿಸಿ.

ಪ್ಯಾರಾಗ್ರಾಫ್:
Farabi Shafiur Rahman, a ""fundamentalist blogger"", was detained by special police forces early on Monday at a bus stop in Dhaka. He is accused of making a recent threat to kill Mr Roy on social media. Avijit Roy, a US citizen of Bangladeshi origin, was hacked to death by men with machetes last Thursday while visiting Bangladesh. His wife was badly wounded. Colonel Ziaul Ahsan, from Bangladesh's Rapid Action Battalion (RAB), told local media bdnews24.com that Mr Farabi was leaving the city when he was arrested in Dhaka's Jatrabarhi area on Monday morning. RAB spokesman Major Maksudul Alam said he was ""the main suspect"" in the attack on Avijit Roy, who was a critic of religious intolerance. Mr Roy's family said he had been threatened by Mr Farabi on Twitter and Facebook, Maj Alam said. ""[Roy's] family told us that he got threats from Farabi several times,"" he told AFP news agency. Police accuse Mr Farabi of involvement with the Islamist group Hizb ut-Tahrir, which is banned in Bangladesh. On Sunday, the Bangladeshi government accepted a US offer of FBI help to assist in the murder inquiry. Wife in hospital Avijit Roy was attacked last Thursday evening by men wielding machetes as he returned from a book fair in Dhaka, his native city. His wife Rafida Ahmed also suffered head injuries and lost a finger in the attack and remains in hospital in a serious condition. Mourners gathered on Sunday in Dhaka to pay their respects to Mr Roy. ""Free thinking in Bangladesh is becoming a great danger,"" Reuters quoted writer Shahriar Kabir as saying. ""We want to know why the government failed to ensure the safety of him, despite knowing that he had been facing threats from the Islamist radicals."" Farabi Shafiur Rahman is currently on bail in a second case, having been previously arrested over online postings following the murder of another anti-extremism blogger, Ahmed Rajib Haider, in 2013. Ahmed Rajib Haider was among a group of bloggers who had called for the execution of Islamist leaders for crimes committed in Bangladesh's 1971 independence war. Avijit Roy Obituary: US-Bangladesh writer Avijit Roy

ಕನ್ನಡ ಸಾರಾಂಶ:"
18,"Stan Lee, Marvel Comics‌ನ ಪಿತಾಮಹ, 1961 ರಲ್ಲಿ Fantastic Four ಅನ್ನು ಸೃಷ್ಟಿಸಿದರು ಮತ್ತು Spider-Man ಮತ್ತು The Incredible Hulk‌ನಂತಹ ಶೀರ್‌ಷಿಕೆಗಳನ್ನು ಸೃಷ್ಟಿಸಲು ಮುಂದುವರಿದರು. ಚ್ರಿಸ್‌ಟ್‌ನ್‌್‌‌ವನ್‌‌ಲ್‌‌ನ್‌‌ಲ್‌‌ನ್‌‌ಲ್‌‌ನ್‌‌ಲ್‌‌ನ್‌‌ಲ್‌‌ನ್‌‌ಲ್‌‌ನ್‌‌ಲ್‌‌ನ್‌‌ಲ್‌‌ನ್‌‌ಲ್‌‌ನ್‌‌ಲ್‌‌ನ್‌‌ಲ್‌‌ನ್‌‌ಲ್‌‌ನ್‌‌ಲ್‌‌ನ್‌‌ಲ್‌‌ನ್‌‌ಲ್‌‌ನ್‌‌ಲ್‌‌ನ್‌‌ಲ್‌‌ನ್‌‌ಲ್‌‌ನ್‌‌ಲ್‌‌ನ್‌‌ಲ್‌‌ನ್‌‌ಲ್‌‌ನ್‌‌ಲ್‌‌ನ್‌‌ಲ್‌‌ನ್‌‌ಲ್‌‌ನ್‌‌ಲ್‌‌ನ್‌‌ಲ್‌‌",95ನೇ ವಯಸ್ಸಿನಲ್ಲಿ ನಿಧನರಾದ ಅಮೇರಿಕನ್ ಬರಹಗಾರರು ಮತ್ತು ಮಾರ್ವೆಲ್ ಕಾಮಿಕ್ಸ್‌ನ ಮಾಜಿ ಅಧ್ಯಕ್ಷರಾದ ಸ್ಟಾನ್ ಲೀ ಅವರಿಗೆ ಶ್ರದ್ಧಾಂಜಲಿ ಸಲ್ಲಿಸಲಾಗುತ್ತಿದೆ.,0.518918918918919,"ನೀನು ಸಹಾಯಕ, ನಿಖರ ಮತ್ತು ಸ್ಪಷ್ಟವಾಗಿ ಉತ್ತರಿಸುವ ಕನ್ನಡ AI ಸಹಾಯಕ. ಬಳಕೆದಾರರ ಪ್ರಶ್ನೆ ಅಥವಾ ಸೂಚನೆಗೆ ಕನ್ನಡದಲ್ಲೇ ಸೂಕ್ತ ಉತ್ತರ ನೀಡಿ.

ಕೆಳಗಿನ ಇಂಗ್ಲಿಷ್ ಪ್ಯಾರಾಗ್ರಾಫ್ ಅನ್ನು ಕನ್ನಡದಲ್ಲಿ ಸಂಕ್ಷಿಪ್ತವಾಗಿ ಸಾರಾಂಶ ಮಾಡಿ.
ಕೇವಲ ಕನ್ನಡದಲ್ಲೇ ಉತ್ತರಿಸಿ.

ಪ್ಯಾರಾಗ್ರಾಫ್:
Lee created The Fantastic Four for Marvel Comics in 1961 and went on to create titles including Spider-Man and The Incredible Hulk. Actor Chris Evans, best known for playing Marvel's Captain America, wrote ""there will never be another Stan Lee"". X-Men star Hugh Jackman said ""we've lost a creative genius."" Robert Downey Jr, who played Iron Man, simply wrote: ""I owe it all to you, Rest in Peace Stan."" Kevin Feige, the producer and president of Marvel Studios, tweeted: ""No one has had more of an impact on my career and everything we do at Marvel Studios than Stan Lee."" The legendary comic book author died at Cedars Sinai Medical Center in Los Angeles, according to a family lawyer. Tom Hardy, who stars in Venom, the latest film based on a Marvel Comics character, shared a photo of Lee on set, via Instagram. Sir Patrick Stewart told Radio 4's Today programme he had met Lee ""numerous times"". ""He loved to visit the set and he became famous, like Hitchcock, for appearing in his movies,"" said the actor, who played Professor X in the X-Men series. ""He created flawed heroes and it was one of the things that made X-Men so interesting for all of us who worked on them,"" he continued. ""We were always very much aware that no matter what our superpowers were, we were human beings, we could make mistakes and things could go wrong. It was that quality which gave humanity to all of Stan's work."" Evangeline Lilly, who portrayed Ant Man's superhero partner, the Wasp, shared a tribute on Twitter. And Deadpool actor Ryan Reynolds posted: ""Damn... RIP Stan. Thanks for everything."" Tom Holland, who is Marvel's latest Spider-Man, wrote that he ""was indebted"" to Lee. Other stars to pay tribute include Angela Bassett, Zoe Saldana, Jamie Chung, Josh Groban, Jamie Lee Curtis, Chris Hemsworth, Benedict Cumberbatch, Chris Pratt and Josh Brolin. Shane Duffy, CEO of Lee's Pow! Entertainment, praised the ""father of pop culture"" for inventing ""universes of characters"". He was, Duffy continued, ""a true iconic pioneer with no comparable second."" The Walt Disney Company, which bought Marvel Entertainment in 2009, lauded Lee's ""unmatchable"" life and career in a statement. ""Every time you open a Marvel comic, Stan will be there,"" it said. ""Please join us today in remembering Stan 'The Man' Lee."" Rival publisher DC Comics also tweeted a tribute. Broadcaster Jonathan Ross remembered Lee as ""an incredible showman"" who had ""touched so many millions with his work"". ""He was also a very warm, very kind and very nice human being,"" Ross told BBC Breakfast. Lee's wife, Joan, died in 2017, also aged 95. He is survived by his daughter, JC Lee. Speaking to celebrity news website TMZ, JC Lee said her father was ""the greatest, most decent man"". She told Reuters: ""He felt an obligation to his fans to keep creating."" In recent years Lee had periodically suffered from illnesses, including a bout of pneumonia. He was known for making a cameo in almost every Marvel film. Despite leaving the Marvel company in 1972, he remained chairman emeritus. On Sunday - Veterans Day - his official Facebook page shared a photograph of Lee in the Army, noting that his official title during World War II was Playwright. Who was Stan Lee? Lee was born in 1922 to working-class Jewish immigrants from Romania. He began working at the comics section of Martin Goodman's Timely Publications - a company that would eventually transform into Marvel Comics - and became comics editor there at age 18. For years Lee wrote only simple comics, focusing on crime stories, horrors and westerns and aimed at young readers. Aged 40, he decided to give up on comics. But his wife Joan urged him to create the characters he always wanted to write as his comic swansong. In 1961, Lee and artist Jack Kirby created the Fantastic Four - compelling characters with individual personalities and relatable problems. Timely Publications was renamed Marvel, and the golden age of comic books began. Many Marvel characters were groundbreaking at the time. For example, Black Panther was the first black superhero featured in a mainstream US comic. Other characters he created include the Silver Surfer, the X-Men, Iron Man and Doctor Strange. Lee was also known for giving artists their due credit. Kirby, Frank Miller, John Romita and others achieved cult status in their own right. In its heyday, Marvel sold 50 million copies a year. Until he retired from editing in 1971, Lee wrote all the copy for Marvel's covers.

ಕನ್ನಡ ಸಾರಾಂಶ:"
19,"By Megha MohanGender and identity reporter The nurse stopped at the doorway leading out of Rose's hospital room and turned to face her. ""I'm sorry this happened to you,"" she said, her voice shaking. ""My daughter was raped too."" Rose looked at the nurse. She couldn't be older than 40, Rose thought, her daughter must be young, like me. She thought back to the morning after the assault, to the conversations with the emotionless policeman and the clinical doctor. Everyone had used the phrase ""alleged"" when referring to the violent, hours-long overnight attack that Rose had described to them. With the exception of her father and grandmother, most of her relatives hadn't believed her either. With the nurse it was different. ""","ಕಳೆದ ವರ್ಷ ರೋಸ್ ಕಲೆಂಬಾ ಅವರು 14 ವರ್ಷದ ಬಾಲಕಿಯಾಗಿ ಅತ್ಯಾಚಾರಕ್ಕೊಳಗಾದಾಗ - ಜನಪ್ರಿಯ ಪೋರ್ನ್ ವೆಬ್‌ಸೈಟ್‌ನಿಂದ ದಾಳಿಯ ವೀಡಿಯೊವನ್ನು ತೆಗೆದುಹಾಕಲು ಎಷ್ಟು ಕಷ್ಟವಾಯಿತು ಎಂಬುದನ್ನು ವಿವರಿಸುವ ಬ್ಲಾಗ್ ಪೋಸ್ಟ್ ಅನ್ನು ಬರೆದಿದ್ದಾರೆ. ಹತ್ತಾರು ಜನರು ಆಕೆಯನ್ನು ನಂತರ ಸಂಪರ್ಕಿಸಿ, ಇಂದು ಅವರು ಅದೇ ಸಮಸ್ಯೆಯನ್ನು ಎದುರಿಸುತ್ತಿದ್ದಾರೆ ಎಂದು ಹೇಳಿದರು.",0.0,"ನೀನು ಸಹಾಯಕ, ನಿಖರ ಮತ್ತು ಸ್ಪಷ್ಟವಾಗಿ ಉತ್ತರಿಸುವ ಕನ್ನಡ AI ಸಹಾಯಕ. ಬಳಕೆದಾರರ ಪ್ರಶ್ನೆ ಅಥವಾ ಸೂಚನೆಗೆ ಕನ್ನಡದಲ್ಲೇ ಸೂಕ್ತ ಉತ್ತರ ನೀಡಿ.

ಕೆಳಗಿನ ಇಂಗ್ಲಿಷ್ ಪ್ಯಾರಾಗ್ರಾಫ್ ಅನ್ನು ಕನ್ನಡದಲ್ಲಿ ಸಂಕ್ಷಿಪ್ತವಾಗಿ ಸಾರಾಂಶ ಮಾಡಿ.
ಕೇವಲ ಕನ್ನಡದಲ್ಲೇ ಉತ್ತರಿಸಿ.

ಪ್ಯಾರಾಗ್ರಾಫ್:
By Megha MohanGender and identity reporter The nurse stopped at the doorway leading out of Rose's hospital room and turned to face her. ""I'm sorry this happened to you,"" she said, her voice shaking. ""My daughter was raped too."" Rose looked at the nurse. She couldn't be older than 40, Rose thought, her daughter must be young, like me. She thought back to the morning after the assault, to the conversations with the emotionless policeman and the clinical doctor. Everyone had used the phrase ""alleged"" when referring to the violent, hours-long overnight attack that Rose had described to them. With the exception of her father and grandmother, most of her relatives hadn't believed her either. With the nurse it was different. ""She believed me,"" Rose says. It was a small crack of hope - someone recognising and acknowledging what had happened to her. A wave of relief washed over her, which felt like it could be the start of her recovery. But soon hundreds of thousands of people would see the rape for themselves and from those viewers she received no sympathy. A decade later, Rose Kalemba brushes her thick thigh-length black hair at the bathroom mirror, twirling the ends with her fingers to form natural ringlets. This wouldn't have been the case in the months after her attack - all the mirrors in her home had to be covered with blankets, as she couldn't bear to catch her reflection. She is now 25 and she has organised routines of self-care into her daily life. Taking care of her hair is one. Combing it takes time and effort, it's almost an act of meditation. She knows she has beautiful hair, people comment on it all the time. Every morning she also makes herself a cup of cacao, a pure, raw form of chocolate that she believes has healing qualities, and writes down her goals in a diary. She deliberately puts them in the present tense. ""I'm an excellent driver,"" is one goal. ""I'm happily married to Robert,"" is another. ""I'm a great mother."" Sitting down to talk, Rose pulls her hair over her shoulders - it covers most of her body, her own armour. Growing up in a small town in Ohio, it wasn't unusual for Rose to go for a walk alone before bedtime. It cleared her head, she enjoyed the fresh air and peace. So that evening in summer 2009 started like most for 14-year-old Rose. But then a man appeared from the shadows. At knifepoint he forced her into a car. Sitting in the passenger seat was a second man, aged about 19 - she'd seen him around town. They drove her to a house on the other side of town and raped her over a period of 12 hours, while a third man filmed parts of the assault. Rose was in shock - she could hardly breathe. She was badly beaten and stabbed on her left leg, her clothes bloody. She fell in and out of consciousness. At some point, one of the men got out a laptop and showed Rose videos of attacks on other women. ""I am of first nations ethnicity,"" she says. ""The attackers were white and the power structure was clear. Some of the victims were white but many were women of colour."" Later, the men threatened to kill her. Forcing herself to collect her senses, Rose began to talk to them. If they released her, she wouldn't reveal their identities, she said. Nothing would ever happen to them, no-one would know. Taking her back in the car, men dumped her in a street about half an hour's walk from her home. Walking through the door, she caught sight of her reflection in the hall mirror. A gash in her head was oozing blood. Her father, Ron, and some extended family were in the living room about to have lunch. Still bleeding from her stab wound, she explained what had happened to her. ""My dad called the police, he immediately comforted me, but the others said I had asked for it by walking out late at night,"" Rose says. At the hospital, Rose was greeted by a male doctor and male police officer. ""They both dealt with me in an extremely matter-of-fact manner,"" she adds, ""There was no kindness, no warmth."" The male police officer asked her if this had started as consensual. Was it a night gone wild, he wondered. Rose was stunned. ""Here I was beaten beyond recognition. Stabbed and bleeding..."" Rose told them no, it had not been consensual. And still reeling from what she had been through, she said she didn't know who had attacked her. The police had no leads to go on. When Rose was released the next day, she attempted suicide, unable to imagine how she could possibly live a normal life now. Her brother found her in time. A few months later, Rose was browsing MySpace when she found several people from her school sharing a link. She was tagged. Clicking on it, Rose was directed to the pornography-sharing site, Pornhub. She felt a wave of nausea as she saw several videos of the attack on her. ""The titles of the videos were 'teen crying and getting slapped around', 'teen getting destroyed', 'passed out teen'. One had over 400,000 views,"" Rose recounts. ""The worst videos were the ones where I was passed out. Seeing myself being attacked where I wasn't even conscious was the worst."" She made an instant decision to not tell her family about the videos - most of them had not been supportive anyway. Telling them would achieve nothing. Within days it was evident that most of her peers at school had seen the videos. ""I was bullied,"" she says, ""People would say that I asked for it. That I led men on. That I was a slut."" Some boys said their parents had told them to stay away from her, in case she seduced them and then accused them of rape. ""People have an easier time blaming the victim,"" she says. Rose says she emailed Pornhub several times over a period of six months in 2009 to ask for the videos to be taken down. ""I sent Pornhub begging emails. I pleaded with them. I wrote, 'Please, I'm a minor, this was assault, please take it down.'"" She received no reply and the videos remained live. ""The year that followed I withdrew into myself. I disassociated,"" she recalls, ""I felt nothing. Numb. I kept to myself."" She would wonder, with every stranger who made eye contact with her, if they had seen the videos. ""Had they got off to it? Had they gratified themselves to my rape?"" She couldn't bear to look at herself. That's why she covered the mirrors with blankets. She would brush her teeth and wash in the dark, thinking all the time about who could be watching the videos. Then she had an idea. She set up a new email address posing as a lawyer, and sent Pornhub an email threatening legal action. ""Within 48 hours the videos disappeared."" Months later Rose began to receive counselling, finally revealing the identity of her attackers to the psychologist, who was duty bound to report them to the police. But she didn't tell her family or the police about the videos. The police collected victim impact statements from Rose and her family. The attackers' lawyers argued that Rose had consented to sex, and the men were charged not with rape but ""contributions towards the delinquency of a minor"" - a misdemeanour - and received a suspended sentence. Rose and her family did not have the energy, or the resources, to fight for a tougher sentence. It's clear that Ron Kalemba thinks a lot about what happened to his daughter all those years ago. What could he have done differently, if he'd known more, he wonders. His daughter changed after the assault. She went from being a straight-A student to missing classes, rarely handing in her homework. We're sitting in a park near his home that Ron visits often. He and Rose sometimes read from passages of the Bible from a picnic bench together. They don't talk much about the past. ""It feels like the whole world let her down,"" he says. ""Her abuse, it was like it was a big joke to everyone. It changed her life completely, and people let her down every step of the way."" Ron only heard about the Pornhub videos in 2019, when a blog that Rose shared about her abuse went viral on social media. He had no idea that his daughter's rape had been seen by so many people, nor that people in her school had mocked her for it. ""I knew a girl in eighth grade when I was in school,"" Ron recalls. ""People would pick on her, and she would get beaten up. And none of us would say anything, we just watched it happen."" ""I ran into her years later and she thought that I was a bully too, because I had just stood by and watched it happen. In reality it had only been a couple of people who actually hurt her but she thought we were all against her because we watched it and said nothing. That's what the silence felt like to her."" Is this what he thinks happened to Rose? ""Yes but it was worse for her. She had a digital crowd of bullies too. Some silent and some abusive. Hers is a different world."" Over the next few years Rose would often disappear into the digital world. She threw herself into writing, expressing herself on blogs and social media, sometimes using aliases, sometimes her real name. One day in 2019, as she was scrolling through her social media feed she saw a number of posts about Pornhub. People were praising it for donating to bee conservation charities, adding caption facilities for deaf viewers, donating to aid domestic violence charities and providing $25,000 scholarships for women who want to enter the tech industry. According to Pornhub, there were 42 billion visits to its website in 2019 - an increase of 8.5 billion from the year before, with a daily average of around 115 million. And 1,200 searches per second. ""It's impossible to miss Pornhub if you use social media,"" says Rose. ""They've done a great job at positioning themselves as a 'woke' mission, almost transcending porn, but videos titled like mine are still on the site. There's no way of knowing if there are rapes on there and the victims don't know it."" In the viral blog post, Rose shared a detailed account of her rape, and called out Pornhub for turning a blind eye until she pretended to be a lawyer. Dozens of women and some men responded to her post, saying that videos showing them being sexually abused had also appeared on the site. In a statement to the BBC, Pornhub said: ""These horrific allegations date back to 2009, several years prior to Pornhub being acquired by its current owners, so we do not have information on how it was handled at that time. Since the change in ownership, Pornhub has continuously put in place the industry's most stringent safeguards and policies when it comes to combating unauthorised and illegal content, as part of our commitment to combating child sex abuse material. The company employs Vobile, a state-of-the-art third party fingerprinting software, which scans any new uploads for potential matches to unauthorised material and makes sure the original video doesn't go back up on the platform."" When asked why videos with titles similar to those uploaded featuring Rose's rape, such as ""teen abused while sleeping"", ""drunk teen abuse sleeping"" and ""extreme teen abuse"" are still active on Pornhub, the company said: ""We allow all forms of sexual expression that follow our Terms of Use, and while some people may find these fantasies inappropriate, they do appeal to many people around the world and are protected by various freedom of speech laws."" Pornhub introduced a ""non-consensual content removal system"" in 2015, but stories about videos of abuse on the website continue to surface. In October last year a 30-year-old Florida man, Christopher Johnson, faced charges for sexually abusing a 15-year-old. Videos of the attack had been posted on Pornhub. In a statement to the BBC regarding this case, Pornhub said its policy is to ""remove unauthorised content as soon as we are made aware of it, which is exactly what we did in this case"". In 2019 Pornhub also removed a channel called Girls Do Porn, when 22 women sued it for forcing them to take part in videos, and the channel's owners were charged with sex trafficking. ""People may say that what happened to me a decade ago isn't a reality of today, but that is simply not the case,"" says Rose. ""Women have told me that it is still happening, after they saw my blog. And these are Western women with access to social media. ""I don't doubt that videos in other parts of the world, in places we know porn is consumed in large bulks like the Middle East and Asia are places where the victim might not even be aware that their abuse is being shared."" The BBC also spoke to one woman who emailed Rose. A video showing her being abused remained for years on a smaller site, even though she sent several emails to the company, and left a post in the comments section under the video. The woman, from California, says that the video has also been downloaded and shared on other porn sites. Lawyers for the website told the BBC that their clients had ""no knowledge of any such situation"". The BBC then provided a link to the video, as well as screenshots of comments by the woman requesting for it to be removed. It was finally removed in the following days. ""What happened to Rose in 2009 is still happening today on several free streaming porn sites - and not just Pornhub,"" says Kate Isaacs from Not Your Porn, a group that investigates porn sites. ""There's nothing we can do about rogue, smaller porn sites set up by individuals but large commercial sites like Pornhub need to be held accountable and they are not right now. No laws apply to them."" So-called revenge pornography, which is a type of image-based sexual abuse, has been a criminal offence in England and Wales since 2015. The law defines it as ""the sharing of private, sexual materials, either photos or videos, of another person, without their consent and with the purpose of causing embarrassment or distress"". It is punishable by up to two years' imprisonment. However platforms that share this content have not been held accountable so far. ""Porn sites are aware that there is disturbing and non-consensual content on their platforms,"" says Isaacs. ""They know that there is no way we can differentiate fantasy role-play acting, or faked production scenarios, or real abuse."" She set up Not Your Porn when a sex video featuring a friend of hers (who was under 16 at the time) was uploaded on to Pornhub. Kate says more than 50 women in the UK have come to her in the past six months to say that sexual videos have been posted without their consent on pornography sites. Thirty of them were uploaded to Pornhub. She also points out that Pornhub and other websites enable viewers to download videos on to their own computer - so even if the video is taken down from one website it's easy for any of these users to share it or upload it again to another. Not Your Porn are campaigning for laws in that UK that would make the sharing of non-consensual pornographic videos a criminal offence. Rose has hope for the future. In her early 20s she met her boyfriend, Robert, who she says has helped her discuss and come to terms with her abuse. She hopes they'll get married and have a daughter. And her dog Bella, a pitbull is a source of strength. ""I've grown up around pitbulls. They may have a reputation of being aggressive but they're so sweet,"" she says. ""They're aggressive only if abused by humans,"" she adds pointedly. ""In many ways, I have a life sentence,"" Rose say. ""Even now I could be at the grocery store and I wonder if a stranger has seen my video."" But she no longer wants to be silent, she says. ""The most powerful weapon of a rapist is our silence."" You may also be interested in: Purnima Shil was gang-raped in northern Bangladesh at the age of 13 and she has not been allowed to forget it. Twelve years later, because of the stigma that attaches to rape victims in some parts of the country, someone shamed her by creating a pornographic Facebook page in her name - with her photograph and telephone number.

ಕನ್ನಡ ಸಾರಾಂಶ:"
20,"Horst Seehofer, CSU ನಾಯಕ, 2015 ರಲ್ಲಿ 'ಸಾರ್ವತ್ರಿಕ' ಸ್ವಾಗತದ ವಿರುದ್ಧ ಬಲವಾಗಿ ಪ್ರತಿಭಟಿಸಿದ್ದಾನೆ. ಈಗ, ಅವರು ಮರು-ಆಯ್ಕೆಗಾಗಿ SPD-CDU ಸರ್ಕಾರದಲ್ಲಿ ಪ್ರಮುಖ ಪಾತ್ರವನ್ನು ವಹಿಸಿದ್ದಾರೆ. ಅವರ ಹೇಳಿಕೆಗಳು ಮತದಾರರನ್ನು ಬಲಪಂಥೀಯ AfD ನಿಂದ ಹಿಂಪಡೆಯಲು ಪ್ರಯತ್ನಿಸುತ್ತವೆ. ಚಾನ್‌ಸೆಲ್‌ರ್‌ಗೆ ತಕ್ಷಣವೇ ದೂರವಿಳಿಯುವಂತೆ ಒತ್ತಾಯಿಸಲಾಗಿದೆ. ಅವರು ಧರ್ಮಶಾಲೆಗಳನ್ನು 'ಸಾರ್ವತ್ರಿಕ' ಸ್ವಾಗತದ ವಿರುದ್ಧದ ತಮ್ಮ ದೃಷ್ಟಿಕೋಣವನ್ನು ಮರು-ಪ್ರಸ್ತುತಪಡಿಸಿದ್ದಾರೆ, ಇದು ಧಾರ್ಮಿಕ ವಿಭಜನೆಗಳನ್ನು ಎತ್ತಿ ತೋರಿಸುತ್ತದೆ.","ಜರ್ಮನಿಯ ಹೊಸ ಆಂತರಿಕ ಮಂತ್ರಿಯವರು ಚಾನ್ಸೆಲರ್ ಏಂಜೆಲಾ ಮರ್ಕೆಲ್‌ಗೆ ನೇರ ವ್ಯತಿರಿಕ್ತವಾಗಿ ದೇಶಕ್ಕೆ ""ಇಸ್ಲಾಂ ಸೇರಿಲ್ಲ"" ಎಂದು ನಂಬುತ್ತಾರೆ ಎಂದು ಹೇಳಿದ್ದಾರೆ.",0.8746736292428199,"ನೀನು ಸಹಾಯಕ, ನಿಖರ ಮತ್ತು ಸ್ಪಷ್ಟವಾಗಿ ಉತ್ತರಿಸುವ ಕನ್ನಡ AI ಸಹಾಯಕ. ಬಳಕೆದಾರರ ಪ್ರಶ್ನೆ ಅಥವಾ ಸೂಚನೆಗೆ ಕನ್ನಡದಲ್ಲೇ ಸೂಕ್ತ ಉತ್ತರ ನೀಡಿ.

ಕೆಳಗಿನ ಇಂಗ್ಲಿಷ್ ಪ್ಯಾರಾಗ್ರಾಫ್ ಅನ್ನು ಕನ್ನಡದಲ್ಲಿ ಸಂಕ್ಷಿಪ್ತವಾಗಿ ಸಾರಾಂಶ ಮಾಡಿ.
ಕೇವಲ ಕನ್ನಡದಲ್ಲೇ ಉತ್ತರಿಸಿ.

ಪ್ಯಾರಾಗ್ರಾಫ್:
Horst Seehofer has long been a vocal critic of Mrs Merkel's refugee policies but has now taken up a key role at the heart of her new coalition. His comments are seen as an effort to win back voters from the far-right Alternative for Germany (AfD) party. The chancellor was quick to distance herself from the remarks. In his interview with the mass-circulation Bild newspaper, Mr Seehofer said Germany had been ""shaped by Christianity"", and that the country should not give up its own traditions. ""No. Islam does not belong to Germany. Germany is shaped by Christianity,"" he said. ""The Muslims who live among us naturally belong to Germany... That of course does not mean that we should, out of a false consideration for others, give up our traditions and customs. ""Muslims need to live with us, not next to us or against us."" Mr Seehofer, who heads Mrs Merkel's Bavarian sister party the CSU, also vowed to increase deportations of rejected asylum-seekers. The chancellor made plain in 2015, amid a rise in anti-immigration protests, that she believed Islam was part of Germany, echoing the words of former president Christian Wulff. On Friday she emphasised the need for coexistence between religions. ""Our country is heavily influenced by Christianity - and a Jewish influence - but in the meantime four million Muslims are living in Germany and they also practise their religion here and these Muslims also belong to Germany and so their religion, Islam, also belongs to Germany,"" she said. Divisions exposed Analysis by Jenny Hill, BBC Berlin correspondent Horst Seehofer has fashioned himself for a unique role in German politics - that of thorn in Angela Merkel's side. As leader of the CSU he was a frequent and vociferous critic of the chancellor, particularly over her asylum policy. He may now be in her cabinet - a controversial appointment made in return for CSU support for the hard-won coalition with the SPD - but Mr Seehofer is still up for a fight, directly opposing the chancellor, who has publicly stated that Islam does belong to Germany. This is, in part, about chasing the far-right AfD. Mr Seehofer has an eye on his beloved Bavaria - there are regional elections there later this year and the AfD has made gains in the state. But his comments, which come just days after several attacks on Muslim institutions, have outraged many and represent a bad start for Mrs Merkel's new government. Mr Seehofer has highlighted divisions within her coalition and he risks playing right into the hands of the AfD, the largest opposition party, who would like nothing better than to establish immigration as the central theme of this parliament. More than one million migrants arrived in Germany after Mrs Merkel opened the doors to Syrian asylum seekers in 2015. The backlash sparked by her policy helped fuel the country's far right in last year's election - the AfD entered the federal parliament for the first time - and led to the worst electoral performance in almost 70 years for her CDU party. After Germany's longest post-war period of coalition-building, Mrs Merkel was sworn in for a fourth term as chancellor on Wednesday. Under the coalition deal, the CDU-CSU conservative bloc and the Social Democrats (SPD) agreed to limit migration.

ಕನ್ನಡ ಸಾರಾಂಶ:"
21,"Apple Disability Symbolism: Apple ತನ್ನ ಪ್ರಸ್ತಾವನೆಯಲ್ಲಿ 13 ಸಿದ್ಧಾಂತಗಳನ್ನು (emojis) ಸೂಚಿಸಿದೆ, ಇದು ದೈಹಿಕ ಅಸಮರ್ಥತೆಗಳನ್ನು ಪ್ರತಿನಿಧಿಸಲು ಸಹಾಯ ಮಾಡುತ್ತದೆ ಎಂದು ಅದು ಹೇಳಿದೆ. Unicode Consortium‌ನಲ್ಲಿರುವ ಈ ಪ್ರಸ್ತಾವನೆಗಳು 'ವೈವಿಧ್ಯಮಯ' ಮತ್ತು 'ಶುದ್ಧ' ಇನ್‌ಕ್ಲೂಸಿವ್‌ಗೆ ಕಾರಣವಾಗುತ್ತವೆ ಎಂದು ಅದು ತಿಳಿಸುತ್ತದೆ.",Apple ವಿಕಲಚೇತನ ವ್ಯಕ್ತಿಗಳನ್ನು ಉತ್ತಮವಾಗಿ ಪ್ರತಿನಿಧಿಸಲು ಹೊಸ ಎಮೋಜಿಗಳನ್ನು ಪರಿಚಯಿಸಲು ಬಯಸುತ್ತದೆ.,0.7351778656126482,"ನೀನು ಸಹಾಯಕ, ನಿಖರ ಮತ್ತು ಸ್ಪಷ್ಟವಾಗಿ ಉತ್ತರಿಸುವ ಕನ್ನಡ AI ಸಹಾಯಕ. ಬಳಕೆದಾರರ ಪ್ರಶ್ನೆ ಅಥವಾ ಸೂಚನೆಗೆ ಕನ್ನಡದಲ್ಲೇ ಸೂಕ್ತ ಉತ್ತರ ನೀಡಿ.

ಕೆಳಗಿನ ಇಂಗ್ಲಿಷ್ ಪ್ಯಾರಾಗ್ರಾಫ್ ಅನ್ನು ಕನ್ನಡದಲ್ಲಿ ಸಂಕ್ಷಿಪ್ತವಾಗಿ ಸಾರಾಂಶ ಮಾಡಿ.
ಕೇವಲ ಕನ್ನಡದಲ್ಲೇ ಉತ್ತರಿಸಿ.

ಪ್ಯಾರಾಗ್ರಾಫ್:
A guide dog, a wheelchair user and prosthetic limbs are just some of the symbols it's suggested. It said very few of the current emoji options ""speak to the life experiences of those with disabilities"". ""Adding emoji emblematic to users' life experiences helps foster a diverse culture that is inclusive of disability,"" it added. Apple's submitted its proposal to the Unicode Consortium, the organisation which reviews requests for new emoji characters. In its submission Apple said: ""Currently, emoji provide a wide range of options, but may not represent the experiences of those with disabilities. ""Diversifying the options available helps fill a significant gap and provides a more inclusive experience for all."" It's made 13 suggestions of emojis to introduce. Apple said: ""This is not meant to be a comprehensive list of all possible depictions of disabilities, but to provide an initial starting point for greater representation for diversity within the emoji universe."" Follow Newsbeat on Instagram, Facebook and Twitter. Listen to Newsbeat live at 12:45 and 17:45 every weekday on BBC Radio 1 and 1Xtra - if you miss us you can listen back here.

ಕನ್ನಡ ಸಾರಾಂಶ:"
22,"Sentinel-5P ನಂತಹ ಉಪಗ್ರಹಗಳು ವಾತಾವರಣದಲ್ಲಿನ ಅನಿಲಗಳ ಮಟ್ಟಗಳನ್ನು ಪತ್ತೆಹಚ್ಚಲು ಸಹಾಯ ಮಾಡುತ್ತವೆ. Sentinel-5P ನ Tropomi ಉಪಕರಣವು 40 ದಿನಗಳಲ್ಲಿ ಭಾರತದ ವಾಯು ಮಾಲಿನ್ಯವನ್ನು ಪತ್ತೆಹಚ್ಚಿದೆ, ಇದು ದಟ್ಟವಾದ ಮಂಜಿನ ಪದರದಿಂದಾಗಿ ಉತ್ತರ-ಪಶ್ಚಿಮದಲ್ಲಿ ಕಡಿಮೆ formaldehyde ಸಾಂದ್ರತೆಯನ್ನು ತೋರಿಸುತ್ತದೆ.",ಭಾರತ ಮತ್ತು ದಕ್ಷಿಣ ಏಷ್ಯಾದ ಸುತ್ತಮುತ್ತಲಿನ ದೇಶಗಳ ಮೇಲಿನ ಗಾಳಿಯು ಬಹಳ ವಿಭಿನ್ನವಾಗಿದೆ.,0.7982832618025751,"ನೀನು ಸಹಾಯಕ, ನಿಖರ ಮತ್ತು ಸ್ಪಷ್ಟವಾಗಿ ಉತ್ತರಿಸುವ ಕನ್ನಡ AI ಸಹಾಯಕ. ಬಳಕೆದಾರರ ಪ್ರಶ್ನೆ ಅಥವಾ ಸೂಚನೆಗೆ ಕನ್ನಡದಲ್ಲೇ ಸೂಕ್ತ ಉತ್ತರ ನೀಡಿ.

ಕೆಳಗಿನ ಇಂಗ್ಲಿಷ್ ಪ್ಯಾರಾಗ್ರಾಫ್ ಅನ್ನು ಕನ್ನಡದಲ್ಲಿ ಸಂಕ್ಷಿಪ್ತವಾಗಿ ಸಾರಾಂಶ ಮಾಡಿ.
ಕೇವಲ ಕನ್ನಡದಲ್ಲೇ ಉತ್ತರಿಸಿ.

ಪ್ಯಾರಾಗ್ರಾಫ್:
By Jonathan AmosBBC Science Correspondent It is the presence of formaldehyde - a colourless gas that is naturally released by vegetation but also from a number of polluting activities. The elevated concentrations have been observed by Europe's new Sentinel-5P satellite, which was launched last October to track air quality worldwide. It is information that will inform policies to clean up the atmosphere. Compared to the major constituents like nitrogen and oxygen, the formaldehyde signal is actually very small; in every billion air molecules just a few will be HCHO. But it can be a signifier of more general pollution problems, says Isabelle De Smedt from the Royal Belgian Institute for Space Aeronomy (BIRA-IASB). ""The formaldehyde column is composed of different sorts of volatile organic compounds, and the source can be from vegetation - so, from natural origin - but also from fires and pollution,"" she told BBC News. ""It depends on the region but 50-80% of the signal is from some biogenic origin. But above that you have pollution and fire. And the fire can be from coal burning or wildfires, but in India, yes, you have a lot of agricultural fires."" India also uses considerable quantities of wood in the home for cooking and heating. When volatile organic compounds are brought together with nitrogen dioxide (NO₂, from fossil fuel burning) and sunlight, reactions will produce ground-level ozone. This is a severe respiratory irritant that can lead to significant health problems. Notice how the Himalaya Mountains essentially corral the air on the plains, preventing it from moving north. The relative low in formaldehyde concentration in north-west India is centred over the desert lands of Rajasthan, where, obviously, there is much less vegetation and fewer people. Sentinel-5P was procured and launched by the European Space Agency for the European Union's Copernicus Earth-monitoring programme. The satellite's Tropomi instrument can detect the presence in the atmosphere of a suite of trace gases in addition to formaldehyde, including nitrogen dioxide, ozone, sulphur dioxide (SO₂), methane, carbon monoxide (CO) and aerosols (small droplets and particles). All affect the air we breathe and therefore our health, and a number of them also play a role in climate change. The Tropomi instrument itself represents a remarkable step-change on the capability of its predecessor spectrometer system known as Omi, which still flies today on an American space agency satellite. ""We already had really good data, but we needed many more days of observations, sometimes years of observations, to get this kind of quality,"" said Dr De Smedt. ""The new (India) map contains four months of data. Tropomi can do in one month what Omi did in six. ""We now see much faster the details, the small emissions, the cities - the kind of signals we didn't see so well before. We needed 10 years of data to see the emissions around Tehran, for example. In this map you can see them from only four months of Tropomi data."" After a test and commissioning phase, S5P will go fully operational at the end of the month for some of its data products, such as nitrogen dioxide and carbon monoxide. Others, like formaldehyde, will have to wait until the Autumn. Overall, the Tropomi investigations on S5P are led from the Netherlands Met Office (KNMI). The BIRA-IASB heads up the HCHO and SO₂ analyses. The bus, or chassis, of the satellite was assembled by Airbus in the UK, making S5P Britain's biggest single industrial contribution to the Sentinel series of satellites that have been procured for Copernicus. Jonathan.Amos-INTERNET@bbc.co.uk and follow me on Twitter: @BBCAmos

ಕನ್ನಡ ಸಾರಾಂಶ:"
23,"1978 ರಲ್ಲಿ ನಾಲ್ಕು ಪ್ರತಿಮೆಗಳನ್ನು ತಂಜಾವೂರು ಜಿಲ್ಲೆಯಿಂದ ಕದಿಯಲಾಗಿತ್ತು, ಆದರೆ ಭಾರತದಲ್ಲಿನ ಕಳ್ಳರಿದ್ದರೂ ಅವುಗಳ ತುಂಡುಗಳು ನಾಶವಾಗಿದ್ದವು. ಕೊನೆಯ ವರ್ಷದಲ್ಲಿ, ಭಾರತೀಯ ಹೈ ಕಮಿಷನ್‌ಗೆ UK ನಲ್ಲಿ ಮಾರಾಟಕ್ಕೆ ಒಂದು ಪಟ್ಟಿ ನೀಡುವ UK ವ್ಯಾಪಾರಿ ಬಗ್ಗೆ ಎಚ್ಚರಿಕೆ ನೀಡಲಾಯಿತು. ಪೊಲೀಸರು ಅದನ್ನು ನಂಬಿಕೆಯಿಂದ ಖರೀದಿಸಲಾಗಿದೆ ಎಂದು ಹೇಳಿದರು ಮತ್ತು ಯಾವುದೇ ಅಪರಾಧ ನಡೆದಿಲ್ಲ. MET ಪ್ರಕಾರ, ಅವುಗಳನ್ನು ಹಿಂದಿರುಗಿಸುವುದರಿಂದ ಮತ್ತೊಂದು ಎರಡು ಪ್ರತಿಮೆಗಳು ಗುರುತಿಸಲ್ಪಟ್ಟಿವೆ. DET ಚಾಸ್‌‌ನ್‌‌ಇನ್‌‌ಟ್‌‌ರ್‌‌ಟೈಮ್‌‌ವೈಟ್‌‌ ಅವರು ಪ್ರತಿಮೆಯನ್ನು 'ಬೆautiful and historically significant' ಎಂದು ಕರೆ",40 ವರ್ಷಗಳ ಹಿಂದೆ ಭಾರತೀಯ ದೇವಾಲಯದಿಂದ ಕದ್ದಂತಹ ಮೂರು ಕಂಚಿನ ಶಿಲ್ಪಗಳನ್ನು ಯುಕೆಯಲ್ಲಿನ ಮಾರಾಟದಲ್ಲಿ ಗುರುತಿಸಿದ ನಂತರ ಹಿಂತಿರುಗಿಸಬೇಕು.,0.8422222222222222,"ನೀನು ಸಹಾಯಕ, ನಿಖರ ಮತ್ತು ಸ್ಪಷ್ಟವಾಗಿ ಉತ್ತರಿಸುವ ಕನ್ನಡ AI ಸಹಾಯಕ. ಬಳಕೆದಾರರ ಪ್ರಶ್ನೆ ಅಥವಾ ಸೂಚನೆಗೆ ಕನ್ನಡದಲ್ಲೇ ಸೂಕ್ತ ಉತ್ತರ ನೀಡಿ.

ಕೆಳಗಿನ ಇಂಗ್ಲಿಷ್ ಪ್ಯಾರಾಗ್ರಾಫ್ ಅನ್ನು ಕನ್ನಡದಲ್ಲಿ ಸಂಕ್ಷಿಪ್ತವಾಗಿ ಸಾರಾಂಶ ಮಾಡಿ.
ಕೇವಲ ಕನ್ನಡದಲ್ಲೇ ಉತ್ತರಿಸಿ.

ಪ್ಯಾರಾಗ್ರಾಫ್:
Four idols were taken from the Tanjavur District in 1978 and though the thieves were convicted in India the pieces were lost. Last year the Indian High Commission alerted Scotland Yard to a UK dealer offering one for sale. Police said it was bought in good faith and no offence had been committed. The Met said it had subsequently identified two more of the missing sculptures which would also be taken back to India. Det Ch Insp Tim Wright called the idols ""beautiful and historically significant"". He added that they were also ""of religious importance so it's particularly gratifying that they are to be returned to the temple from which they were taken"".

ಕನ್ನಡ ಸಾರಾಂಶ:"
24,"Kulbhushan Jadhav, ಇರನ್‌ಗೆ ಸಂಬಂಧಿಸಿದಂತೆ ಭಾರತದ ನಾಗರಿಕರಾಗಿದ್ದವರು, 2016 ರಲ್ಲಿ ಪაკಿಸ್ತಾನದ ಬಾಲೂಚಿ‌ಸ್‌ಟನ್‌ಗೆ ಕಳ್ಳತನವಾಗಿತ್ತು. ಪაკಿಸ್ತಾನವು ಅವರನ್ನು 'ಬಾಹ್ಯಾಕಾಶ ಚಟುವಟಿಕೆಗಳು' ಮತ್ತು 'ವಂಚನೆ'ಯನ್ನು ಆರೋಪಿಸಿ ವಿಚಾರಣೆ ನಡೆಸಿತು. ಭಾರತವು ಅವರ ಬಂಧನವನ್ನು 'ಕಳ್ಳತನ' ಎಂದು ಹೇಳಿದೆ, ಆದರೆ ಅವರು ವಂಚನೆಯನ್ನು ಒಪ್ಪಿಕೊಂಡಿದ್ದಾರೆ ಎಂದು ಸ್ಪಷ್ಟಪಡಿಸಿದೆ. ಬಾಲೂಚಿ‌ಸ್‌ಟನ್‌ಗೆ ಸಂಬಂಧಿಸಿದಂತೆ ಪೆಸಿಫಿಕ್‌ನಿಂದ ಉದ್ವಿಗ್ನತೆ ಮತ್ತು ಸ್ವತಂತ್ರರಾಗುವ ಚಳವಳಿಗಳು ನಡೆದಿದ್ದರಿಂದ, ಭಾರತದ",ಗೂಢಚಾರಿಕೆ ಆರೋಪದ ಮೇಲೆ ಕಳೆದ ವರ್ಷ ಬಂಧನಕ್ಕೊಳಗಾದ ಭಾರತೀಯ ನೌಕಾಪಡೆಯ ಮಾಜಿ ಅಧಿಕಾರಿಗೆ ಪಾಕಿಸ್ತಾನದ ಮಿಲಿಟರಿ ನ್ಯಾಯಾಲಯವು ಮರಣದಂಡನೆ ವಿಧಿಸಿದೆ.,0.8787061994609164,"ನೀನು ಸಹಾಯಕ, ನಿಖರ ಮತ್ತು ಸ್ಪಷ್ಟವಾಗಿ ಉತ್ತರಿಸುವ ಕನ್ನಡ AI ಸಹಾಯಕ. ಬಳಕೆದಾರರ ಪ್ರಶ್ನೆ ಅಥವಾ ಸೂಚನೆಗೆ ಕನ್ನಡದಲ್ಲೇ ಸೂಕ್ತ ಉತ್ತರ ನೀಡಿ.

ಕೆಳಗಿನ ಇಂಗ್ಲಿಷ್ ಪ್ಯಾರಾಗ್ರಾಫ್ ಅನ್ನು ಕನ್ನಡದಲ್ಲಿ ಸಂಕ್ಷಿಪ್ತವಾಗಿ ಸಾರಾಂಶ ಮಾಡಿ.
ಕೇವಲ ಕನ್ನಡದಲ್ಲೇ ಉತ್ತರಿಸಿ.

ಪ್ಯಾರಾಗ್ರಾಫ್:
Kulbhushan Jadhav was arrested in the restive Balochistan province and accused of ""espionage and sabotage activities against Pakistan"". Shortly after his arrest, Islamabad released a video in which he was shown admitting involvement in spying. Delhi says the man is an Indian citizen but has rejected spying claims. Balochistan has been hit by a separatist insurgency that Pakistan accuses India of backing. Pakistan says Mr Jadhav was detained there on 3 March 2016. ""The spy was tried through Field General Court Martial under the Pakistan Army Act (PAA) and awarded the death sentence,"" Pakistan's Inter Services Public Relations said in a statement on Monday. No date was given for his execution. 'Farcical' proceedings India has condemned the sentence and called the proceedings against Mr Jadhav ""farcical"". ""Shri Jadhav was kidnapped last year from Iran and his subsequent presence in Pakistan has never been explained credibly,"" its foreign ministry said in a statement. Officials had been denied consular access, despite 13 formal requests, and India had not been told he was being put on trial, it said. If the sentence was carried out, the statement added, India would regard it as ""premeditated murder"". The nuclear-armed neighbours have a long history of diplomatic spats and Delhi and Islamabad often accuse each other of sending spies into their territories. In November, Pakistan withdrew six officials from its mission in Delhi after they were outed as suspected spies by India. It later leaked to the press the names and photos of eight alleged Indian spies working from India's mission in Islamabad.

ಕನ್ನಡ ಸಾರಾಂಶ:"
25,"The paper said that 2015 ರಲ್ಲಿ, US ನಲ್ಲಿ ಪ್ರತಿ ದಿನ ಸುಮಾರು 2.6 ಜನರು ಪೊಲೀಸರಿಂದ ಕೊಲ್ಲಲ್ಪಟ್ಟಿದ್ದಾರೆ ಎಂದು ಕಂಡುಬಂದಿದೆ. ಇದು ದಶಕಗಳ ಕಾಲ ವರದಿಯಾದ FBI ಅಂಕಿಅಂಶಗಳಲ್ಲಿನ ಸರಾಸರಿ 1.1 ಕ್ಕಿಂತ ಎರಡರಷ್ಟು ಹೆಚ್ಚಾಗಿದೆ. ಈ ಸಂಖ್ಯೆಗಳು 'ಅಪಾಯದಲ್ಲಿರುವ' ಅಥವಾ ಇತರರನ್ನು ರಕ್ಷಿಸಲು ಪೊಲೀಸರು ಬಳಸಬಹುದಾದ ಸಾವುನೋವುಗಳನ್ನು ಹೊರಗಿವೆ. ವಾಷಿಂಗ್ಟನ್‌ಪೋಸ್ಟ್‌ನ ವರದಿಯು ಪ್ರತಿ ವರ್ಷ ಸುಮಾರು 400 ಜನರು ಕೊಲ್ಲಲ್ಪಟ್ಟಿದ್ದಾರೆ ಎಂದು ತೋರಿಸುತ್ತದೆ, ಇದು 2008 ರಿಂದ ಇಂದಿನವರೆಗೆ ದಾಖಲಿಸಲಾಗಿದೆ.

**ಸಾರಾಂಶ:**
The paper said that during",ವಾಷಿಂಗ್ಟನ್ ಪೋಸ್ಟ್ ಸುದ್ದಿಪತ್ರಿಕೆಯು ಸಂಗ್ರಹಿಸಿದ ಮಾಹಿತಿಯು ಅಧಿಕೃತ ಅಂಕಿಅಂಶಗಳ ಕ್ಲೈಮ್‌ಗಳಿಗಿಂತ ಯುಎಸ್ ಪೋಲೀಸರಿಂದ ಗುಂಡು ಹಾರಿಸಿದ ಜನರ ಸಂಖ್ಯೆಯು ಎರಡು ಪಟ್ಟು ಹೆಚ್ಚಾಗಿದೆ ಎಂದು ಸೂಚಿಸುತ್ತದೆ.,0.810126582278481,"ನೀನು ಸಹಾಯಕ, ನಿಖರ ಮತ್ತು ಸ್ಪಷ್ಟವಾಗಿ ಉತ್ತರಿಸುವ ಕನ್ನಡ AI ಸಹಾಯಕ. ಬಳಕೆದಾರರ ಪ್ರಶ್ನೆ ಅಥವಾ ಸೂಚನೆಗೆ ಕನ್ನಡದಲ್ಲೇ ಸೂಕ್ತ ಉತ್ತರ ನೀಡಿ.

ಕೆಳಗಿನ ಇಂಗ್ಲಿಷ್ ಪ್ಯಾರಾಗ್ರಾಫ್ ಅನ್ನು ಕನ್ನಡದಲ್ಲಿ ಸಂಕ್ಷಿಪ್ತವಾಗಿ ಸಾರಾಂಶ ಮಾಡಿ.
ಕೇವಲ ಕನ್ನಡದಲ್ಲೇ ಉತ್ತರಿಸಿ.

ಪ್ಯಾರಾಗ್ರಾಫ್:
The paper said that during the first five months of this year, 385 people - more than two a day - were killed. The number of black people was disproportionately high among the victims, especially unarmed ones. Official statistics rely on self-reported figures from law enforcement agencies. They suggest about 400 people have been killed each year since 2008. The US has seen a number of controversial cases where unarmed black people have been killed by white police officers. Police are allowed to use deadly force when they fear for their lives or the lives of others, however there is currently no reliable way of tracking police shooting deaths. Instead, the government relies on self-reported figures from the nation's 17,000 law enforcement agencies. The figures exclude killings deemed not to have been justified. The Washington Post says it logged every fatal shooting in 2015 by police in the line of duty using interviews, police reports, local media reports and other sources. It found a homicide rate of almost 2.6 per day so far this year - more than double the average 1.1 deaths per day reported in FBI records over the past decade. ""These shootings are grossly under­reported,"" former police chief Jim Bueermann told the newspaper. ""We are never going to reduce the number of police shootings if we don't begin to accurately track this information."" Among the report's other findings:

ಕನ್ನಡ ಸಾರಾಂಶ:"
26,"Soutik BiswasIndia correspondent But last week's revocation of special status to Jammu and Kashmir - as the Indian state was known - and the move to split it into two union territories while imposing an unprecedented lockdown there is being seen by many as a major weakening of India's federal structure. The new union territories (Jammu and Kashmir, and Ladakh) will be ruled directly from Delhi. Union territories have far less autonomy from the federal government than states. Sumantra Bose, a professor of international and comparative politics at the London School of Economics, calls them ""glorified municipalities of Delhi"". By revoking the special status of Jammu and Kashmir, ostensibly to put it on the same footing as the rest of India, Mr Modi's government, in the words of one commentator, has",ಭಾರತದ ಪ್ರಧಾನ ಮಂತ್ರಿ ನರೇಂದ್ರ ಮೋದಿಯವರು ಯಾವಾಗಲೂ ಸಂಯುಕ್ತ ವ್ಯವಸ್ಥೆಯ ಪ್ರತಿಪಾದಕರಾಗಿ ತಮ್ಮನ್ನು ತಾವು ರೂಪಿಸಿಕೊಂಡಿದ್ದಾರೆ - ದೇಶದ ರಾಜ್ಯಗಳಿಗೆ ಹೆಚ್ಚಿನ ಸ್ವಾತಂತ್ರ್ಯವನ್ನು ನೀಡುವುದರಲ್ಲಿ ನಂಬಿಕೆಯಿರಿಸಿರುವ ವ್ಯಕ್ತಿ.,0.0,"ನೀನು ಸಹಾಯಕ, ನಿಖರ ಮತ್ತು ಸ್ಪಷ್ಟವಾಗಿ ಉತ್ತರಿಸುವ ಕನ್ನಡ AI ಸಹಾಯಕ. ಬಳಕೆದಾರರ ಪ್ರಶ್ನೆ ಅಥವಾ ಸೂಚನೆಗೆ ಕನ್ನಡದಲ್ಲೇ ಸೂಕ್ತ ಉತ್ತರ ನೀಡಿ.

ಕೆಳಗಿನ ಇಂಗ್ಲಿಷ್ ಪ್ಯಾರಾಗ್ರಾಫ್ ಅನ್ನು ಕನ್ನಡದಲ್ಲಿ ಸಂಕ್ಷಿಪ್ತವಾಗಿ ಸಾರಾಂಶ ಮಾಡಿ.
ಕೇವಲ ಕನ್ನಡದಲ್ಲೇ ಉತ್ತರಿಸಿ.

ಪ್ಯಾರಾಗ್ರಾಫ್:
Soutik BiswasIndia correspondent But last week's revocation of special status to Jammu and Kashmir - as the Indian state was known - and the move to split it into two union territories while imposing an unprecedented lockdown there is being seen by many as a major weakening of India's federal structure. The new union territories (Jammu and Kashmir, and Ladakh) will be ruled directly from Delhi. Union territories have far less autonomy from the federal government than states. Sumantra Bose, a professor of international and comparative politics at the London School of Economics, calls them ""glorified municipalities of Delhi"". By revoking the special status of Jammu and Kashmir, ostensibly to put it on the same footing as the rest of India, Mr Modi's government, in the words of one commentator, has ""upset India's delicate federal balance"". In many ways, Article 370 - as the constitutional article guaranteeing special status is known - was more symbolic, as presidential decrees over the years had already eroded much of the autonomy it guaranteed. What was more important, many say, was the spirit of the status: it signalled that the Indian constitution was malleable enough to make space for people who felt alienated or estranged from the mainstream. India's federalism has in fact, been hard-earned and hard-fought. Unlike more economically advanced and culturally homogenous countries with a federal system of government like the US and Canada, consensus over power sharing in a culturally and religiously diverse, poorer country like India has not been easy to forge. Thankfully the Indian constitution has provided a clear division of powers between the elected federal government and the state legislatures. ""The constitution strives to strike a delicate balance between the unitary and federal systems,"" says Yamini Aiyar, chief executive of Delhi-based think tank Centre for Policy Research. However, there have always been doubts about what some commentators call the ""authenticity of Indian federalism"". State governors, usually political appointees of the the ruling federal government, have helped clamp direct rule in states where there has been a ""failure of constitutional machinery"". (An adverse report by the governor on the affairs of the state can become the basis of president's rule, or direct rule from Delhi, and authorise the dismissal of a state government.) Such direct rule has been declared in Indian states 88 times between 1951 and 1997. Many believe the revocation of special status from Indian-administered Kashmir - without consulting the local people and political leaders and implemented when the state was under direct rule - is another taint on India's federal record. ""The single biggest significance of this move is that we are moving towards a unitary state, and abrogation of democratic principles. This is weakening federalism in India. People are so busy celebrating the move that they don't seem to get the big picture,"" Navnita Chadha Behera, a former visiting scholar at the Brookings Institution and the author of Demystifying Kashmir, told me. ""What is more worrying is this can happen to any other state. The federal government can dissolve a state government, ride roughshod over the consultative process, split the state and downgrade its status. Also worrying is the near-complete collapse of resistance to the move with most of the civil society, media and regional parties remaining silent or protesting very feebly."" Yamini Aiyar believes ""federalism, which the framers of India's constitution saw as necessary to India's democracy, today has far fewer takers than it did in 1947. This is dangerous for India's democracy"". Supporters of the move say that strife-ridden Kashmir is a ""special case"", and a consultative process in an insurgency-hit and militarised region next door to India's nuclear-armed rival, Pakistan, would have led nowhere. Also Mr Modi's Hindu nationalist Bharatiya Janata Party (BJP) has for years consistently demanded the revocation of Article 370, calling it an example of ""appeasement"" in India's only Muslim-majority state. However, India has a history of reconciling separatist aspirations. Where else, many say, could an insurgent leader who fought a guerrilla war for independence for a quarter of a century go on to become an elected state chief minister? But this is exactly what happened when the rebel leader Laldenga signed an accord with the Indian government in the north-eastern state of Mizoram in 1986. Power sharing and inclusivity have only bolstered democracy in India and made the country more resilient. India's Supreme Court, in the past, has clearly said that the ""fact that under the scheme of constitution greater power is conferred upon the centre vis-a-vis the state does not mean that states are mere appendages of the centre."" ""Within the sphere allotted to them, states are supreme. The centre cannot tamper with their powers,"" the court added. It has also been unequivocal about the status of federalism as a basic constitutional structure. It will be interesting to see how India's Supreme Court deals with the legal challenges against the move on Kashmir. ""This will be a test case for the top court's independence,"" says Dr Behera. Read more from Soutik Biswas

ಕನ್ನಡ ಸಾರಾಂಶ:"
27,"The Supreme Court of Appeal has upheld the six-year sentence for Oscar Pistorius's murder conviction, saying it was ""shockingly light"". Defence lawyers argue that the lower court's decision to deviate from the prescribed 15-year term is justified by mitigating factors like rehabilitation and remorse. However, the prosecutor disagrees with this leniency, stating that the gravity of the crime does not match the sentence. Pistorius has been sentenced to five years for manslaughter in 2014 but was found guilty of murder on appeal in 2015. He is currently serving his sentence at a prison in Pretoria.",ಪ್ರೇಯಸಿ ರೀವಾ ಸ್ಟೀನ್‌ಕ್ಯಾಂಪ್ ಅವರನ್ನು ಹತ್ಯೆಗೈದಿದ್ದಕ್ಕಾಗಿ ಒಲಿಂಪಿಕ್ ಅಥ್ಲೀಟ್ ಆಸ್ಕರ್ ಪಿಸ್ಟೋರಿಯಸ್‌ಗೆ ದೀರ್ಘಾವಧಿ ಶಿಕ್ಷೆ ವಿಧಿಸಲು ದಕ್ಷಿಣ ಆಫ್ರಿಕಾದ ಕಾನೂನುಕ್ರಮ ಜರುಗಿಸುವವರು ಮನವಿ ಮಾಡಿಕೊಂಡಿದ್ದಾರೆ.,0.0,"ನೀನು ಸಹಾಯಕ, ನಿಖರ ಮತ್ತು ಸ್ಪಷ್ಟವಾಗಿ ಉತ್ತರಿಸುವ ಕನ್ನಡ AI ಸಹಾಯಕ. ಬಳಕೆದಾರರ ಪ್ರಶ್ನೆ ಅಥವಾ ಸೂಚನೆಗೆ ಕನ್ನಡದಲ್ಲೇ ಸೂಕ್ತ ಉತ್ತರ ನೀಡಿ.

ಕೆಳಗಿನ ಇಂಗ್ಲಿಷ್ ಪ್ಯಾರಾಗ್ರಾಫ್ ಅನ್ನು ಕನ್ನಡದಲ್ಲಿ ಸಂಕ್ಷಿಪ್ತವಾಗಿ ಸಾರಾಂಶ ಮಾಡಿ.
ಕೇವಲ ಕನ್ನಡದಲ್ಲೇ ಉತ್ತರಿಸಿ.

ಪ್ಯಾರಾಗ್ರಾಫ್:
They told the Supreme Court of Appeal the six-year sentence was ""shockingly light"" and he should get 15 years. Defence lawyers say the sentence handed down by a lower court is appropriate. Pistorius claimed he shot dead Ms Steenkamp on Valentine's Day in 2013 after mistaking her for a burglar at his home in the capital Pretoria. The lower court justified deviating from the prescribed 15-year sentence by saying mitigating circumstances such as rehabilitation and remorse outweighed aggravating factors such as his failure to fire a warning shot. But prosecutor Andrea Johnson said the sentence did not match the gravity of the crime. Pistorius, 30, is not in the court in Bloemfontein. He is being held at the Atteridgeville Correctional Centre prison in Pretoria. He was initially given a five-year term for manslaughter in 2014, but was found guilty of murder on appeal in 2015. Pistorius shot Reeva Steenkamp four times through a locked toilet door in February 2013. Previously, the six-time Paralympic gold medallist had made history by becoming the first amputee sprinter to compete at the Olympics, in 2012 in London, running on prosthetic ""blades"". He had his legs amputated below the knee as a baby. Rise and fall of Oscar Pistorius

ಕನ್ನಡ ಸಾರಾಂಶ:"
28,"LIGO-VIRGO Collaboration 21 May, 2019 ಘಟನೆಯನ್ನು GW190521 ಎಂದು ಕರೆಯಲಾಗುತ್ತದೆ. ಇದು ಎರಡು 66 ಮತ್ತು 85 ಸೌರ ದ್ರವ್ಯರಾಶಿಗಳನ್ನು ಹೊಂದಿರುವ ಕಪ್ಪು ರಂಧ್ರಗಳ ಸಂಧ್ಯಾತವನ್ನು (merger) ದಾಖಲಿಸಿತು. ಇದು 142 ಸೌರ ದ್ರವ್ಯರಾಶಿಯನ್ನು ಹೊಂದಿರುವ ಹೊಸ ವರ್ಗದ ಮಧ್ಯಮ-ಸಾಲಿನ ಕಪ್ಪು ರಂಧ್ರಗಳನ್ನು ಗುರುತಿಸುತ್ತದೆ, ಇದು ನಕ್ಷತ್ರಗಳು ಹೇಗೆ ಬೃಹತ್ ಕಪ್ಪು ರಂಧ್ರಗಳಾಗಿ ಬೆಳೆಯುತ್ತವೆ ಎಂಬುದನ್ನು ವಿವರಿಸುತ್ತದೆ.",ಒಂದು ಕ್ಷಣದಲ್ಲಿ ಬಿಡುಗಡೆಯಾದ ಎಂಟು ಸೂರ್ಯರ ಶಕ್ತಿಯನ್ನು ಊಹಿಸಿ.,0.7993421052631579,"ನೀನು ಸಹಾಯಕ, ನಿಖರ ಮತ್ತು ಸ್ಪಷ್ಟವಾಗಿ ಉತ್ತರಿಸುವ ಕನ್ನಡ AI ಸಹಾಯಕ. ಬಳಕೆದಾರರ ಪ್ರಶ್ನೆ ಅಥವಾ ಸೂಚನೆಗೆ ಕನ್ನಡದಲ್ಲೇ ಸೂಕ್ತ ಉತ್ತರ ನೀಡಿ.

ಕೆಳಗಿನ ಇಂಗ್ಲಿಷ್ ಪ್ಯಾರಾಗ್ರಾಫ್ ಅನ್ನು ಕನ್ನಡದಲ್ಲಿ ಸಂಕ್ಷಿಪ್ತವಾಗಿ ಸಾರಾಂಶ ಮಾಡಿ.
ಕೇವಲ ಕನ್ನಡದಲ್ಲೇ ಉತ್ತರಿಸಿ.

ಪ್ಯಾರಾಗ್ರಾಫ್:
By Jonathan AmosBBC Science Correspondent This is the gravitational ""shockwave"" that spread out from the biggest merger yet observed between two black holes. The signal from this event travelled for some seven billion years to reach Earth but was still sufficiently strong to rattle laser detectors in the US and Italy in May last year. Researchers say the colliding black holes produced a single entity with a mass 142 times that of our Sun. This is noteworthy. Science has long traced the presence of black holes on the sky that are quite a bit smaller or even very much larger. But this new observation inaugurates a novel class of so-called intermediate-sized black holes in the range of 100-1,000 Sun (or solar) masses. The analysis is the latest to come out of the international LIGO-VIRGO collaboration, which operates three super-sensitive gravitational wave-detection systems in America and Europe. What is a black hole? The collaboration's laser interferometer instruments ""listen"" for the vibrations in space-time that are generated by truly cataclysmic cosmic events - and on 21 May, 2019, they were all triggered by a sharp signal lasting just one-tenth of a second. Computer algorithms determined the source to be the end-stage moments of two in-spiralling black holes - one with a mass 66 times that of our Sun, and the other with 85 solar masses. The distance to the merger was calculated to be the equivalent of 150 billion trillion km. ""It's astounding, really,"" said Prof Nelson Christensen from the Côte d'Azur Observatory in France. ""This signal propagated for seven billion years. So this event happened 'just before halftime' for the Universe, and now it's mechanically moved our detectors here on Earth,"" he explained to BBC News. Gravitational waves - Ripples in space-time The involvement of an 85-solar-mass object in the collision has made collaboration scientists sit up because their understanding of how black holes form from the death of a star can't really account for something on this scale. Stars, when they exhaust their nuclear fuel, will experience an explosive core collapse to produce a black hole - if they're sufficiently big. But the physics that's assumed to operate inside stars suggests the production of black holes in the particular mass range between 65 and 120 solar masses is impossible. Dying stars that might yield such entities actually tear themselves apart and leave nothing behind. If the science is correct on this point then the most likely explanation for the existence of an 85-solar-mass object is that it was itself the result of an even earlier black hole union. And that, believes Prof Martin Hendry, from Glasgow University, UK, has implications for how the Universe evolved. ""We're talking here about a hierarchy of mergers, a possible pathway to make bigger and bigger black holes,"" he said. ""So, who knows? This 142-solar-mass black hole may have gone on to have merged with other very massive black holes - as part of a build-up process that goes all the way to those supermassive black holes we think are at the heart of galaxies."" The LIGO-VIRGO collaboration is reporting the 21 May, 2019, event (catalogued as GW190521) in two scholarly papers. One is in the journal Physical Review Letters and describes the discovery. The second can be found in The Astrophysical Journal Letters, and discusses the signal's physical properties and scientific implications. GW190521 is one of over 50 gravitational wave triggers presently being investigated at the laser laboratories. The pace of research has increased rapidly since the collaboration made its first, Nobel-Prize-winning detection of gravitational waves in 2015. ""We are increasing the sensitivity of the detectors and, yes, we could end up making more than one detection a day. We will have a rain of black holes! But this is beautiful because we will learn so much more about them,"" Prof Alessandra Buonanno, director at the Max Planck Institute for Gravitational Physics in Potsdam, told BBC News. Jonathan.Amos-INTERNET@bbc.co.uk and follow me on Twitter: @BBCAmos

ಕನ್ನಡ ಸಾರಾಂಶ:"
29,"ಪ್ಯಾರಾಗ್ರಾಫ್‌ನ ಕೇಂದ್ರ ವಿಷಯವು 'PTSD' (Post-Traumatic Stress Disorder) ಮತ್ತು ಅದರ ಪರಿಣಾಮಗಳನ್ನು ವಿವರಿಸುವುದಾಗಿದೆ. ಇದು ವೈದ್ಯರು ಮತ್ತು ದೈಹಿಕವಾಗಿ ಸವೆದಿದ್ದರೂ, ಜನರು ಈಗ ಸಾಮಾಜಿಕ ಅಂತರವನ್ನು ನಿರ್ಲಕ್ಷಿಸುವುದರಿಂದ ಉಂಟಾಗುತ್ತದೆ. ಇದು ಮಾನಸಿಕ ಆಘಾತಕ್ಕೆ ಕಾರಣವಾಗುತ್ತದೆ, ಇದರಿಂದಾಗಿ ಅನೇಕ ಆರೋಗ್ಯ ರಕ್ಷಣಾ ಸಿಬ್ಬಂದಿ ತಮ್ಮ ವೃತ್ತಿಯನ್ನು ಬಿಡುವ ಬಗ್ಗೆ ಯೋಚಿಸುತ್ತಾರೆ.

**ಪ್ಯಾರಾಗ್ರಾಫ್‌ನ ಕೇಂದ್ರ ವಿಷಯಗಳು:**
1. **PTSD**: ವೈದ್ಯರು ಮತ್ತು ದೈಹಿಕವಾಗಿ ಸವೆದಿದ್ದರೂ, ಜನರು ಈಗ ಸಾಮಾಜಿಕ ಅಂತರವನ್ನು ನಿರ್ಲಕ್ಷಿಸುವುದರಿಂದ ಉಂಟಾಗುತ್ತದೆ. ಇದು ಮಾನ",ಇಟಲಿಯಲ್ಲಿನ ವೈದ್ಯರು ಮತ್ತು ದಾದಿಯರು ಗಂಭೀರವಾಗಿ ಅಸ್ವಸ್ಥರಾದ ಕೊರೋನಾ ವೈರಸ್ ರೋಗಿಗಳಿಗೆ ಚಿಕಿತ್ಸೆ ನೀಡಿದ್ದಕ್ಕಾಗಿ ವೀರರೆಂದು ಆಚರಿಸಲಾಗುತ್ತದೆ.,0.8547619047619047,"ನೀನು ಸಹಾಯಕ, ನಿಖರ ಮತ್ತು ಸ್ಪಷ್ಟವಾಗಿ ಉತ್ತರಿಸುವ ಕನ್ನಡ AI ಸಹಾಯಕ. ಬಳಕೆದಾರರ ಪ್ರಶ್ನೆ ಅಥವಾ ಸೂಚನೆಗೆ ಕನ್ನಡದಲ್ಲೇ ಸೂಕ್ತ ಉತ್ತರ ನೀಡಿ.

ಕೆಳಗಿನ ಇಂಗ್ಲಿಷ್ ಪ್ಯಾರಾಗ್ರಾಫ್ ಅನ್ನು ಕನ್ನಡದಲ್ಲಿ ಸಂಕ್ಷಿಪ್ತವಾಗಿ ಸಾರಾಂಶ ಮಾಡಿ.
ಕೇವಲ ಕನ್ನಡದಲ್ಲೇ ಉತ್ತರಿಸಿ.

ಪ್ಯಾರಾಗ್ರಾಫ್:
By Sofia BettizaBBC World Service But now, they are suffering. Lombardy was the hardest-hit region in the world and medics are struggling to hold it together. Paolo Miranda is an intensive care nurse in Cremona. ""I'm more irritable,"" he says. ""I get angry easily and I pick fights."" A few weeks ago, Paolo decided to document the bleak situation inside the intensive care unit by taking photographs. ""I never want to forget what happened to us. It will soon become history,"" he tells me. In his photos, he wants to show how his colleagues are coping with 'Phase 2' as life goes back to normal in Italy. ""Although the emergency is slowing down, we feel surrounded by darkness,"" he says. ""It's like we are full of wounds. We carry everything we've seen inside us."" Nightmares and night sweats It's a feeling echoed by Monica Mariotti, also an intensive care nurse. ""Things are much harder now than during the crisis,"" she says. ""We had an enemy to fight. Now that I have time to reflect, I feel so lost, aimless."" During the crisis, they were overwhelmed and had no time to think. But as the strain of the pandemic fades, so does the adrenaline. All the stress accumulated in the past few weeks is coming to the surface. ""I have insomnia and nightmares,"" Monica says. ""I wake up 10 times each night with my heart racing and out of breath."" Her colleague Elisa Pizzera says she felt strong during the emergency but is now exhausted. She does not have the energy to cook or take care of the house, and when she has a day off she spends most of her time sitting on the couch. No 'new normal' Martina Benedetti is an intensive care nurse in Tuscany and still refuses to see family and friends as she fears she could infect them. ""I even social distance from my husband,"" she says. ""We sleep in separate rooms."" Even the simple things have become overwhelming. ""Every time I try to go for a walk, I feel anxious and I have to go back home immediately,"" Martina admits. Now that she's finally got time to reflect, she is full of self-doubt. ""I'm not sure I want to be a nurse anymore,"" she tells me. ""I've seen more people die in the past two months than in the whole six years."" Some 70% of health workers dealing with Covid-19 in Italy's hardest-hit areas are suffering from burnout, a recent study shows. ""This is actually the hardest moment for doctors and nurses,"" says Serena Barello, the author of the study. When we deal with a crisis, our body produces hormones that help us handle stress. ""But when you finally have time to reflect on what happened, and society is moving on, it can all come crushing down and you feel more exhausted and emotionally distressed,"" says Dr Barello. She worries that a lot of doctors and nurses will have post-traumatic stress disorder (PTSD) symptoms long after the pandemic. This is when the impact of a traumatic experience affects a person's life, sometimes months or even years later. For health workers, this could impede their ability to keep working with the intensity and focus their jobs require. Forgotten heroes Around the world, frontline doctors and nurses are being hailed as heroes for risking their lives to treat patients. But in Italy, this love is ebbing away. ""When they were scared of dying, suddenly we all became heroes but they've already forgotten us,"" says Monica. ""We will go back to being seen as people who wipe asses, lazy and useless."" In Turin, nurses recently chained themselves together and wore bin bags, a reference to how they had to improvise in wards because of a lack of PPE. They staged a protest to demand recognition for their work. ""In March we were heroes, now we've already been forgotten,"" one nurse shouted through a megaphone. They were promised a bonus for their work but have not yet seen it. No escape At least 163 doctors and 40 nurses died from Covid-19 in Italy. Four of them took their own lives. And yet, many health workers now feel that it's almost as if this pandemic never happened. ""I feel overwhelmed with anger,"" says Elisa Nanino, a doctor who dealt with Covid-19 in care homes. Since the lockdown has been lifted, she constantly sees people drinking and eating together with no face masks and no social distancing. ""I want to go up to them and scream in their face, tell them they're putting everyone in danger,"" she says. ""It's so disrespectful to me and all my colleagues."" One thing all the health workers agreed on is that public support helped them get through the crisis. ""I'm no hero but it made me feel important,"" Paolo says. Public recognition is the most powerful way we have to help health workers struggling with PTSD, according to Dr Barello's study. ""All of us, we have a crucial role to play right now,"" she says. ""We have to make sure we don't forget what doctors and nurses did for us."" Soldiers can leave the battlefield and deal with their trauma back home. But for these doctors and nurses, the next 12-hour shift is always around the corner. They have to cope with all of this in the very place where they suffered so much. ""I feel like a soldier that has just returned from war,"" says Paolo. ""Obviously I didn't see weapons or dead bodies in the street but in many ways, I feel like I was in the trenches.""

ಕನ್ನಡ ಸಾರಾಂಶ:"
30,"ಶ್ರೀಲಂಕಾ ದೇಶದಲ್ಲಿ ನಡೆದ ಭಾಷಣಗಳು ಮತ್ತು ಸ್ಫೋಟಗಳ ಬಗ್ಗೆ ವರದಿ. 48-ವರ್ಷದ ವೈದ್ಯ ಡ್ರ್ಯಾಗ್‌ಮನ್‌ ಎಮಾನುಯಲ್‌ಗೆ, ಇದು ತನ್ನ ಮೊದಲ 18 ವರ್ಷಗಳನ್ನು ಕಳೆದ ದೇಶಕ್ಕೆ ಮರಳಿದಂತೆ ಕಂಡಿದೆ. ಅವರು ತಮ್ಮ ಸಂಬಂಧಿಕರನ್ನು ಭೇಟಿಯಾಗಲು ಬಂದಿದ್ದರು ಆದರೆ ಎಲ್ಲಾ ಸೇವೆಗಳನ್ನು ಅನಿರ್ದಿಷ್ಟವಾಗಿ ರದ್ದುಗೊಳಿಸಲಾಗಿದೆ. ಅವರ ಹೋಟೆಲ್‌ಗಳು ಮತ್ತು ಚರ್ಚ್‌ಗಳು ಭಾಷಣಗಳ ನಂತರ ತೀವ್ರವಾದ ಹಾನಿಗೆ ಒಳಗಾದವು, ಇದು 30 ವರ್ಷಗಳ ಹಿಂದೆ ಅವರು ಯುದ್ಧದಿಂದ ತಪ್ಪಿಸಿಕೊಂಡ ದೇಶದಲ್ಲಿ ಶಾಂತಿಯುತ ಧಾರ್ಮಿಕ ಸಮುದಾಯದ ಮೇಲೆ ಮತ್ತೆ ದಾಳಿ ನಡೆದಿದೆ ಎಂದು ತೋರಿಸುತ್ತದೆ.",ಶ್ರೀಲಂಕಾದ ಈಸ್ಟರ್ ಭಾನುವಾರದ ಮಾರಣಾಂತಿಕ ದಾಳಿಯಲ್ಲಿ ಸಿಕ್ಕಿಬಿದ್ದ ಜನರು ತಾವು ಅನುಭವಿಸಿದ್ದನ್ನು ಬಿಬಿಸಿಗೆ ಹೇಳುತ್ತಿದ್ದಾರೆ.,0.9537275064267352,"ನೀನು ಸಹಾಯಕ, ನಿಖರ ಮತ್ತು ಸ್ಪಷ್ಟವಾಗಿ ಉತ್ತರಿಸುವ ಕನ್ನಡ AI ಸಹಾಯಕ. ಬಳಕೆದಾರರ ಪ್ರಶ್ನೆ ಅಥವಾ ಸೂಚನೆಗೆ ಕನ್ನಡದಲ್ಲೇ ಸೂಕ್ತ ಉತ್ತರ ನೀಡಿ.

ಕೆಳಗಿನ ಇಂಗ್ಲಿಷ್ ಪ್ಯಾರಾಗ್ರಾಫ್ ಅನ್ನು ಕನ್ನಡದಲ್ಲಿ ಸಂಕ್ಷಿಪ್ತವಾಗಿ ಸಾರಾಂಶ ಮಾಡಿ.
ಕೇವಲ ಕನ್ನಡದಲ್ಲೇ ಉತ್ತರಿಸಿ.

ಪ್ಯಾರಾಗ್ರಾಫ್:
Churches and hotels were hit by a series of explosions in Colombo and Negombo on the west coast, and Batticaloa on the east. The blasts came as members of Sri Lanka's peaceful Christian minority prepared to attend church services for Easter Sunday. Julian Emmanuel Dr Emmanuel is a 48-year-old physician. He grew up in Sri Lanka, and now lives in Surrey, UK, with his wife and children. They were in Colombo this week to visit some of their relatives who still live in the city. They were asleep in their room in Colombo's Cinnamon Grand Hotel when one of the bombs went off. ""We were in our bedroom and we heard this huge explosion which rocked our room, I think it was about 8:30,"" he said. ""We were then ushered to the lounge in our hotel, where we were asked to evacuate through the back. This is where we saw casualties being taken away to the hospital, and we saw some of the damage to the hotel."" A staff member commented that she had seen a dismembered body at the site of the explosion, while his friends sent him photos of the churches that had been bombed. The hotel itself, meanwhile, had ""significant damage"" - one of the restaurants had been blown up. ""We were going to go to church today, with my mum and nephew, but all the church services have been cancelled - there aren't going to be any more church services in the country because of what's happened this morning,"" he said. ""I spent my first 18 years in Sri Lanka, so I've seen a lot of ethnic strife."" Sri Lanka was ravaged by decades of conflict between the Sinhalese and Tamil ethnic groups, but has been relatively peaceful since 2009. ""Whereas my kids, my children are 11 and seven, and they've never seen anything like war, and neither has my wife. For them it's quite difficult."" He added: ""It's really sad - I thought Sri Lanka had left all this violence behind us, but now it's sad to see that it's come back again."" Usman Ali Mr Ali lives in Colombo. He first noticed something was wrong when worshippers were ""hastily"" evacuated from a Roman Catholic church near his home. His road, which leads up to the city's main hospital, was also suddenly filled with ambulances. He checked the hashtag #LKA - Lanka - and quickly learned what was going on. Among the horrific footage and images was an appeal from the country's blood centres for people to donate to help the victims. Mr Ali went to the National Blood Centre, and found it thronged with people. ""There were huge crowds and roads congested as people tried to park wherever and enter the blood centre,"" he said. ""Currently they are taking down the name, blood group and contact number of persons who are willing to donate blood, and asking them to return only if a representative of the National Blood Centre contacts them."" People were spilling out of the building, he said, forming ""massive queues leading all the way to the entrance"". Once inside, there was a strong community spirit. ""Everyone just had one intention, and that was to help victims of the blast, no matter what religion or race they may be. Each person was helping another out in filling [out forms with] the details requested. ""I wonder where this attack came from. God save us."" Kieran Arasaratnam Kieran Arasaratnam, a professor at Imperial College London Business School, was staying at the Shangri-La hotel, whose second-floor restaurant was gutted in a blast. Mr Arasaratnam, a Sri Lankan who moved to the UK as a refugee 30 years ago, was visiting the country to help launch a social enterprise. He was in his room when he heard a sound like ""thunder"". He told the BBC he started running for his life from the 18th to the ground floor amid desperate scenes. ""Everyone just started to panic, it was total chaos,"" he said. ""I looked to the room on the right and there's blood everywhere. ""Everyone was running and a lot of people just don't know what was going on. People had blood on their shirt and there was someone carrying a girl to the ambulance. The walls and the floor were covered in blood."" The 41-year-old says he might have been caught up in the blast if he had not delayed going to breakfast. He says he left his room at around 08:45 (03:15 GMT), the time when several explosions were reported to have occurred at hotels and churches in different locations. ""Something distracted me so I went back to the room to grab my debit card, opened the curtain and switched off the 'do not disturb' sign… and a big blast went off,"" he said. He says he's currently in an emergency shelter. There, he says, he can ""smell blood everywhere"", with people injured in the blast needing treatment and searching for missing family members. ""It's awful seeing kids carried off covered in blood. I left Sri Lanka 30 years ago as a refugee and never thought I had to see this again."" Simon Whitmarsh Simon Whitmarsh, a 55-year-old retired doctor from Wales, is on holiday in Sri Lanka. He was cycling near the city of Batticaloa when he heard a ""big bang"" and saw ""smoke billowing into the sky about half a mile away"". A blast ripped through a church in the city as worshippers were gathering for services. ""Then we saw the ambulances, people crying, and we were told to leave the area,"" he told the BBC. As a former consultant paediatrician, Mr Whitmarsh says he felt compelled to help those affected so volunteered at the local hospital. ""By that stage, they had activated emergency protocols,"" he says. ""The hospital was heavily guarded by the army, who were stopping most people going in. ""All the streets around it were closed. It seemed very well organised. All I did was find someone senior to see if I could help."" He says the nationwide curfew, imposed by Sri Lankan authorities in the wake of the blasts, has completely emptied streets and roads that were bustling only hours ago. ""Now it's curfew, there's nothing. No vehicles, no people walking, nothing,"" he says. ""'Stay indoors' is the message."" He added: ""London people have said they were thinking of going home, but we can't do anything until the curfew finishes.""

ಕನ್ನಡ ಸಾರಾಂಶ:"
31,"Prof Thaler, Chicago Booth business school‌ನ ಸಹಾಯಕ, Nudge ಅನ್ನು ಬರೆದಿದ್ದಾರೆ. ಇದು ಜನರು ಏಕೆ ತಪ್ಪು ಅಥವಾ ಅಸಮಂಜಸ ಆಯ್ಕೆಗಳನ್ನು ಮಾಡುತ್ತಾರೆ ಎಂಬುದನ್ನು ವಿವರಿಸುತ್ತದೆ. ನ್ಯಾಯಾಲಯಗಳು ಅವರು 'ನಡಿಗೆ' (nudge) - ಅವನು ಕಂಡುಹಿಡಿದ ಪದ - ಹೇಗೆ ಸಹಾಯ ಮಾಡಬಹುದು ಎಂದು ತೋರಿಸಿದ್ದಾರೆ ಎಂದು ಹೇಳಿದರು. UK ನಡಿಗೆ ಘಟಕವನ್ನು ಸ್ಥಾಪಿಸಲು ಪ್ರಾಯೋಜಕರು. ಇದು 2010 ರಲ್ಲಿ ಪ್ರಾರಂಭವಾಯಿತು, ಸಾರ್ವಜನಿಕ ನಡವಳಿಕೆಯನ್ನು ಬದಲಾಯಿಸಲು ಹೊಸ ಮಾರ್ಗಗಳನ್ನು ಹುಡುಕಲು. ಇದು UK, NY, ಸಿಂಗಾಪುರ ಮತ್ತು ಸೈಡನ್‌ಗೆ ಶಾಖೆಗಳನ್ನು ಹೊಂದಿದೆ. ಪ್ಯಾನಲ್‌ಗಳು ಪ್ರೊಫೆಸರ್ ಥೇಲರ್‌",ನಡವಳಿಕೆಯ ಅರ್ಥಶಾಸ್ತ್ರಜ್ಞ ಸಂಸ್ಥಾಪಕರಲ್ಲಿ ಒಬ್ಬರಾದ ಯುಎಸ್ ಅರ್ಥಶಾಸ್ತ್ರಜ್ಞರಾದ ರಿಚರ್ಡ್ ಥಾಲರ್‌ರವರು ಈ ವರ್ಷದ ಅರ್ಥಶಾಸ್ತ್ರದಲ್ಲಿ ನೊಬೆಲ್ ಪ್ರಶಸ್ತಿಯನ್ನು ಗೆದ್ದಿದ್ದಾರೆ.,0.8131067961165048,"ನೀನು ಸಹಾಯಕ, ನಿಖರ ಮತ್ತು ಸ್ಪಷ್ಟವಾಗಿ ಉತ್ತರಿಸುವ ಕನ್ನಡ AI ಸಹಾಯಕ. ಬಳಕೆದಾರರ ಪ್ರಶ್ನೆ ಅಥವಾ ಸೂಚನೆಗೆ ಕನ್ನಡದಲ್ಲೇ ಸೂಕ್ತ ಉತ್ತರ ನೀಡಿ.

ಕೆಳಗಿನ ಇಂಗ್ಲಿಷ್ ಪ್ಯಾರಾಗ್ರಾಫ್ ಅನ್ನು ಕನ್ನಡದಲ್ಲಿ ಸಂಕ್ಷಿಪ್ತವಾಗಿ ಸಾರಾಂಶ ಮಾಡಿ.
ಕೇವಲ ಕನ್ನಡದಲ್ಲೇ ಉತ್ತರಿಸಿ.

ಪ್ಯಾರಾಗ್ರಾಫ್:
Prof Thaler, of Chicago Booth business school, co-wrote the global best seller Nudge, which looked at how people make bad or irrational choices. Judges said he had demonstrated how ""nudging"" - a term he coined - may help people to exercise better self-control. He will receive 9 million Swedish krona (£850,000) from the committee. ""I will try to spend it as irrationally as possible!"" the 72 year-old economist said. Nudging Prof Thaler's work led to the UK setting up a ""nudge unit"" under former prime minister David Cameron. It was launched in 2010 to find innovative ways of changing public behaviour and has offices in the UK, New York, Singapore and Sydney. One of the Nobel prize judges, Per Stroemberg, said Prof Thaler's work had explored how human psychology shaped economic decisions. ""Richard Thaler's findings have inspired many other researchers coming in his footsteps and it has paved the way for a new field in economics which we call behavioural economics,"" Mr Stroemberg said. The panel said Prof Thaler's insights helped people to recognise marketing tricks and avoid bad economic decisions. In particular, his work looked at how to ""nudge"" people into doing more long-term planning, such as saving for a pension. Prof Thaler also made a cameo appearance in the Hollywood film, The Big Short, explaining the complex financial instruments that led to the financial crisis of 2007 and 2008. Americans dominate It is the final Nobel to be announced this year, after prizes for medicine, physics, chemistry, literature and peace were awarded last week. The economics prize is the only Nobel not created by Alfred Nobel, and was instead launched in 1968, long after the philanthropist's death. To date the US has dominated the prize, with American economists accounting for roughly half of laureates since it started. Between 2000 and 2013, US academics won or shared the prize every year. Last year, UK-born Oliver Hart and Bengt Holmstrom of Finland won the award - officially called the Sveriges Riksbank Prize in Economic Sciences in Memory of Alfred Nobel - for their work on contract theory. Analysis: How 'nudge' theory works By Kamal Ahmed, BBC economics editor Prof Thaler's central insight is that we are not the rational beings beloved of more traditional economic theory. Given two options, we are likely to pick the wrong one even if that means making ourselves less well off. Lack of thinking time, habit and poor decision making mean that even when presented with a factual analysis (for example on healthy eating) we are still likely to pick burger and chips. We're hungry, we're in a hurry and burger and chips is what we always buy. Nudge theory takes account of this, based as it is on the simple premise that people will often choose what is easiest over what is wisest. Tests have shown that putting healthier foods on a higher shelf increases sales. The food is more likely to be in someone's eye line and therefore ""nudge"" that person towards the purchase - whether they had any idea about the obesity argument or not. Read more from Kamal's blog. Previous winners of the Nobel prize for economics:

ಕನ್ನಡ ಸಾರಾಂಶ:"
32,"The man died of head injuries on the way to hospital, Australian Immigration Minister Scott Morrison said. Thirteen people suffered serious injuries, including two who are being transferred to Australia for treatment, one with a gunshot wound. He said the injuries occurred outside the camp, after the men broke out. Australia sends asylum seekers arriving by boat for detention and processing in offshore camps in Papua New Guinea and the Pacific territory of Nauru. Conditions in these camps have been strongly criticised by UN agencies and rights groups. 'Great risk' The violence took place late on Monday night. ""This was a very dangerous situation where people decided to protest in a very violent way and to take themselves outside the centre and place themselves at great risk,"" he said. Security outside the camp was the domain of the PNG police, he said",ಪಪುವಾ ನ್ಯೂಗಿನೀಯಾದಲ್ಲಿನ ಆಸ್ಟ್ರೇಲಿಯಾ ವಲಸೆ ಬಂಧನ ಕೇಂದ್ರದಲ್ಲಿ ಎರಡನೇ ರಾತ್ರಿ ನಡೆದ ಹಿಂಸಾಚಾರದಲ್ಲಿ ಒಬ್ಬರು ಆಶ್ರಯ ಕೋರಿದವರು ಸಾವನ್ನಪ್ಪಿದ್ದಾರೆ ಮತ್ತು 77 ಮಂದಿ ಗಾಯಗೊಂಡಿದ್ದಾರೆ.,0.0,"ನೀನು ಸಹಾಯಕ, ನಿಖರ ಮತ್ತು ಸ್ಪಷ್ಟವಾಗಿ ಉತ್ತರಿಸುವ ಕನ್ನಡ AI ಸಹಾಯಕ. ಬಳಕೆದಾರರ ಪ್ರಶ್ನೆ ಅಥವಾ ಸೂಚನೆಗೆ ಕನ್ನಡದಲ್ಲೇ ಸೂಕ್ತ ಉತ್ತರ ನೀಡಿ.

ಕೆಳಗಿನ ಇಂಗ್ಲಿಷ್ ಪ್ಯಾರಾಗ್ರಾಫ್ ಅನ್ನು ಕನ್ನಡದಲ್ಲಿ ಸಂಕ್ಷಿಪ್ತವಾಗಿ ಸಾರಾಂಶ ಮಾಡಿ.
ಕೇವಲ ಕನ್ನಡದಲ್ಲೇ ಉತ್ತರಿಸಿ.

ಪ್ಯಾರಾಗ್ರಾಫ್:
The man died of head injuries on the way to hospital, Australian Immigration Minister Scott Morrison said. Thirteen people suffered serious injuries, including two who are being transferred to Australia for treatment, one with a gunshot wound. He said the injuries occurred outside the camp, after the men broke out. Australia sends asylum seekers arriving by boat for detention and processing in offshore camps in Papua New Guinea and the Pacific territory of Nauru. Conditions in these camps have been strongly criticised by UN agencies and rights groups. 'Great risk' The violence took place late on Monday night. ""This was a very dangerous situation where people decided to protest in a very violent way and to take themselves outside the centre and place themselves at great risk,"" Mr Morrison said. Security outside the centre in Manus Island was the domain of the PNG police, he said. ""Those who are maintaining the safety of environment outside the centre need to use their powers and various accoutrements that they have available to them to restore order in the way that is provided for under PNG law,"" he said. Ian Rintoul of the Refugee Action Coalition, however, said detainees at Manus Island had told him that locals and PNG police entered the camp and attacked them, after a day of tensions. ""All the people that we have talked to, whether they are workers on the island or whether it's the detainees themselves, say they were attacked,"" he told the BBC. Mr Morrison, the immigration minister, said he had been told that ""PNG police did not enter the centre and that their activities related only to dealing with transferees who breached the external perimeter"". He urged people to treat ""unsubstantiated reports that are put in the public domain"" with caution, but said he could not confirm how the various injuries were incurred. He called the death of the asylum seeker ""a great tragedy"". ""We don't know what occurred outside the centre and that obviously will be the subject of an investigation into that person's death,"" he said. But he said the violence took place in PNG and that any inquiry would take place under PNG law conducted by local authorities. The violence comes after some of the detainees briefly escaped from the detention centre on Sunday. 'Must be closed' In recent months Australia has taken a very tough stance in a bid to halt the flow of asylum seekers, who arrive by boat via Indonesia. Manus Island is one of two offshore processing camps in which asylum seekers are detained. Australia has also initiated a policy - aimed as a deterrent - whereby those people found to be genuine refugees will be settled in Papua New Guinea rather than Australia. Sunday's break-out is reported to have taken place after detainees were told that they would not be resettled in Australia. Rights groups argue that prolonged detention in cramped, over-heated conditions, compounded by a lack of clarity over when asylum claims will be assessed and where the applicant might end up, can lead to mental health issues in detainees. They have also questioned whether Australia is adequately protecting vulnerable people. Greens Party spokeswoman Sarah Hanson-Young said the violence showed the centre ""must be closed"". ""The reports that one person has died, that shots have been fired, that scores of individuals have been injured, shows that it is untenable to keep the Manus Island detention camp open,"" she said. Human Rights Commission President Gillian Triggs said in quotes carried by the Sydney Morning Herald: ''Clearly there needs to be an inquiry into this.'' ''The primary obligation that Australia has is to offer protection for asylum seekers and we cannot abdicate that responsibility by sending people to a third country, in this case Papua New Guinea, but it is clear that responsibility is not being met.'' Mr Morrison said that the government was determined to stick to its policies.

ಕನ್ನಡ ಸಾರಾಂಶ:"
33,"Eggs are a cheap and effective way to prevent stunting in young children, especially those who live in low-income countries. Eggs contain essential nutrients that help improve growth and development. However, some parents may not include eggs in their child's diet due to concerns about allergies. The WHO recommends exclusive breastfeeding for the first six months followed by a balanced diet with eggs as part of it.","ಈಕ್ವೆಡಾರ್‌ನಲ್ಲಿನ ಆರು ತಿಂಗಳ ಅಧ್ಯಯನ ನಡೆಸಿರುವ ಪ್ರಕಾರ, ದಿನಕ್ಕೆ ಒಂದು ಮೊಟ್ಟೆಯು ಅಪೌಷ್ಟಿಕತೆಯ ಚಿಕ್ಕ ಮಕ್ಕಳು ಆರೋಗ್ಯಕರ ಎತ್ತರಕ್ಕೆ ಬೆಳೆಯಲು ಸಹಾಯ ಮಾಡುತ್ತದೆ.",0.0,"ನೀನು ಸಹಾಯಕ, ನಿಖರ ಮತ್ತು ಸ್ಪಷ್ಟವಾಗಿ ಉತ್ತರಿಸುವ ಕನ್ನಡ AI ಸಹಾಯಕ. ಬಳಕೆದಾರರ ಪ್ರಶ್ನೆ ಅಥವಾ ಸೂಚನೆಗೆ ಕನ್ನಡದಲ್ಲೇ ಸೂಕ್ತ ಉತ್ತರ ನೀಡಿ.

ಕೆಳಗಿನ ಇಂಗ್ಲಿಷ್ ಪ್ಯಾರಾಗ್ರಾಫ್ ಅನ್ನು ಕನ್ನಡದಲ್ಲಿ ಸಂಕ್ಷಿಪ್ತವಾಗಿ ಸಾರಾಂಶ ಮಾಡಿ.
ಕೇವಲ ಕನ್ನಡದಲ್ಲೇ ಉತ್ತರಿಸಿ.

ಪ್ಯಾರಾಗ್ರಾಫ್:
By Michelle RobertsHealth editor, BBC News online Whether soft or hard-boiled, fried or whisked into an omelette, eggs appeared to give infants a boost. It could be a cheap way to prevent stunting, say researchers in the journal Pediatrics. The first two years of life are critical for growth and development - any stunting is largely irreversible. Too short for age Poor nutrition is a major cause of stunting, along with childhood infections and illnesses. According to the World Health Organization, 155 million children under the age of five are stunted (too short for their age). Most live in low- and middle-income countries and health experts have been looking at ways to tackle the issue. Lora Iannotti and her colleagues set up a field experiment in the rural highlands of Ecuador and gave very young children (aged six to nine months) free eggs to eat to see if this might help. Egg dinners Only half of the 160 youngsters who took part in the randomised trial were fed an egg a day for six months - the others were monitored for comparison. The researchers visited the children's families every week to make sure they were sticking to the study plan and to check for any problems or side-effects, including egg allergy. Stunting was far less common among the egg treatment group by the end of the study - the prevalence was 47% less than in the non-egg group, even though relatively more of these egg-fed infants were considered short for their age at the start of the study. Some of the children in the control group did eat eggs, but nowhere near as many as the treatment group. Lead researcher Ms Iannotti said: ""We were surprised by just how effective this intervention proved to be. ""And what's great is it's very affordable and accessible for populations that are especially vulnerable to hidden hunger or nutritional deficiency."" She said eggs were great food for young children with small stomachs. ""Eggs contain a combination of nutrients, which we think is important."" Balanced diet Prof Mary Fewtrell, nutrition lead at the Royal College of Paediatrics and Child Health, said: ""In a way, it is surprising that more research has not been conducted using egg in this situation - although I know that in some cultures, parents do not necessarily find egg to be an acceptable early food mainly because of concerns about allergy. ""Egg is a good nutritious complementary food that can be introduced as part of a varied diet once the mother decides to start complementary feeding - never before four months."" She said eggs should always be well cooked to avoid any potential infection risk. The WHO recommends mothers worldwide to exclusively breastfeed infants for the child's first six months to achieve optimal growth, development and health. After the first six months, infants should be given nutritious complementary foods and continue breastfeeding up to the age of two years or beyond. The British Nutrition Foundation advised: ""While eggs are a nutritious food to include, it's very important that young children have a variety of foods in their diets. Not only is this necessary to get all the vitamins and minerals they need, but also to allow them to become familiar with a wide range of tastes and textures. ""A range of protein-rich foods should be provided when feeding young children, which can include eggs but can also feature beans, pulses, fish, especially oily fish, meat and dairy products.""

ಕನ್ನಡ ಸಾರಾಂಶ:"
34,"Radik Tagirov, 38, is a locksmith with a theft conviction. He's suspected of being the 'Volga maniac', linked to numerous crimes and killings along the Volga River. There has been no comment from him or his behalf. On Tuesday, he was questioned and provided info relating to their inquiries. Russia's Investigative Committee said he was arrested after forensic research and biological analysis. The suspect is alleged to have strangled women using dressing-gown cords and electricity cables. Police offered a reward for information leading to his arrest last year.",ರಷ್ಯಾದ ತನಿಖಾಧಿಕಾರಿಗಳು 2011 ಮತ್ತು 2012 ರ ನಡುವೆ ಮಧ್ಯ ರಷ್ಯಾದಾದ್ಯಂತ 26 ವೃದ್ಧ ಮಹಿಳೆಯರನ್ನು ದರೋಡೆ ಮಾಡಿ ಕೊಲೆ ಮಾಡಿದ್ದಾರೆ ಎಂದು ಶಂಕಿಸಿರುವ ವ್ಯಕ್ತಿಯನ್ನು ಬಂಧಿಸಿದ್ದಾರೆ.,0.0,"ನೀನು ಸಹಾಯಕ, ನಿಖರ ಮತ್ತು ಸ್ಪಷ್ಟವಾಗಿ ಉತ್ತರಿಸುವ ಕನ್ನಡ AI ಸಹಾಯಕ. ಬಳಕೆದಾರರ ಪ್ರಶ್ನೆ ಅಥವಾ ಸೂಚನೆಗೆ ಕನ್ನಡದಲ್ಲೇ ಸೂಕ್ತ ಉತ್ತರ ನೀಡಿ.

ಕೆಳಗಿನ ಇಂಗ್ಲಿಷ್ ಪ್ಯಾರಾಗ್ರಾಫ್ ಅನ್ನು ಕನ್ನಡದಲ್ಲಿ ಸಂಕ್ಷಿಪ್ತವಾಗಿ ಸಾರಾಂಶ ಮಾಡಿ.
ಕೇವಲ ಕನ್ನಡದಲ್ಲೇ ಉತ್ತರಿಸಿ.

ಪ್ಯಾರಾಗ್ರಾಫ್:
The suspect, named as 38-year-old Radik Tagirov, is a locksmith with a previous conviction for theft, police said. He is suspected of being the so-called ""Volga maniac"", who is linked to numerous crimes and killings committed in regions along Russia's Volga River. There has not yet been any comment from - or on behalf of - Mr Tagirov. On Tuesday, police said the suspect was being questioned and was providing information relating to their inquiries. Russia's Investigative Committee (SK), which operates like the FBI, said in a statement that Mr Tagirov's arrest was the result of forensic research and biological analysis, which suggested that the criminal acts against the women had been committed by one individual. It also alleged that the ""pattern"" of a number of the attacker's actions appeared to match the behaviour of the suspect, and that the committee had made the decision to detain him following ""painstaking and systematic work"". Mr Tagirov, who investigators say lives in the Russian city of Kazan, is alleged to have gained access to the homes of the victims by posing as a utility worker, before using objects such as dressing-gown cords and electricity cables to strangle them. Last year, police offered a reward of three million roubles (£30,000) for information leading to the arrest of the ""Volga maniac"" after hunting him for several years. You might also be interested in:

ಕನ್ನಡ ಸಾರಾಂಶ:"
35,"18-year-olds marriage rights, contract signing and loan taking abilities ಹೆಚ್ಚಾಗುತ್ತವೆ. 20-ವರ್ಷದ ಕನಿಷ್ಠ ವಯಸ್ಸಿನವರೆಗೆ ಅಲ್ಕೋಹಾಲ್ ಮತ್ತು ಗೇಂಬಲ್‌ಗಳನ್ನು ನಿಷೇಧಿಸಲಾಗುತ್ತದೆ. 2022 ರಲ್ಲಿ ಪರಿಣಾಮ ಬೀರಲು ಸಂಸತ್ತು ಅಂಗೀಕರಿಸಿದರೆ ಇದು 1876 ರಿಂದ ಇರುವ ವಯಸ್ಕರ ಕಾನೂನಿಗೆ ಮೊದಲ ಬದಲಾವಣೆಯಾಗಿದೆ.

**ಸಾರಾಂಶ:**
18-year-olds marriage rights, contract signing and loan taking abilities ಹೆಚ್ಚಾಗುತ್ತವೆ. 20-ವರ್ಷದ ಕನಿಷ್ಠ ವಯಸ್ಸಿನವರೆಗೆ ಅಲ್ಕೋಹಾಲ್ ಮತ್ತು ಗೇಂಬಲ್‌ಗಳನ್ನು ನಿಷೇಧಿಸಲಾಗುತ್ತದೆ. 2022 ರಲ್ಲಿ ಪರಿ",ಸರ್ಕಾರದಿಂದ ಬೆಂಬಲಿತವಾಗಿರುವ ಹೊಸ ಪ್ರಸ್ತಾಪದ ಅಡಿಯಲ್ಲಿ ಜಪಾನ್‌ನಲ್ಲಿ ಮಕ್ಕಳನ್ನು 20 ವರ್ಷಕ್ಕೆ ಬದಲಾಗಿ 18 ವರ್ಷದವರಾಗಿದ್ದಾಗ ವಯಸ್ಕರು ಎಂದು ಪರಿಗಣಿಸಲಾಗುತ್ತದೆ.,0.6098765432098765,"ನೀನು ಸಹಾಯಕ, ನಿಖರ ಮತ್ತು ಸ್ಪಷ್ಟವಾಗಿ ಉತ್ತರಿಸುವ ಕನ್ನಡ AI ಸಹಾಯಕ. ಬಳಕೆದಾರರ ಪ್ರಶ್ನೆ ಅಥವಾ ಸೂಚನೆಗೆ ಕನ್ನಡದಲ್ಲೇ ಸೂಕ್ತ ಉತ್ತರ ನೀಡಿ.

ಕೆಳಗಿನ ಇಂಗ್ಲಿಷ್ ಪ್ಯಾರಾಗ್ರಾಫ್ ಅನ್ನು ಕನ್ನಡದಲ್ಲಿ ಸಂಕ್ಷಿಪ್ತವಾಗಿ ಸಾರಾಂಶ ಮಾಡಿ.
ಕೇವಲ ಕನ್ನಡದಲ್ಲೇ ಉತ್ತರಿಸಿ.

ಪ್ಯಾರಾಗ್ರಾಫ್:
If the change is approved, 18-year-olds will be able to get married, sign contracts and take out loans without the consent of their parents. But teenagers will still be banned from smoking, drinking alcohol and gambling until they are 20. If parliament votes in favour of the bill it will take effect in 2022. It would be the first change to the law that defines adulthood since it was set in 1876. Under the existing law, people under 20 can only get married with the consent of their parents. Men can do so at 18 and women at 16. But this amendment will raise the age that women can get married so that all 18-year-olds will be able to do so without parental consent. The government decided to make the age of marriage the same for both sexes because there was no justifiable reason for the difference, according to Japan's Kyodo news service. Separately, the bill will allow 18 and 19-year-olds to sign contracts for mobile phones and credit cards. This has led to fears that some businesses may use sales tactics that target and exploit vulnerable young people. The bill includes clauses that are designed to protect against this problem. For example, young people will be able to cancel a contract if they believe salespeople have manipulated or pressured them into signing it. The Education and Justice Ministries have also said they will educate teenagers about the responsibilities that would come with the change.

ಕನ್ನಡ ಸಾರಾಂಶ:"
36,"Ali Ahsan Mohammad Mujahid, a key figure in the Jamaat-e-Islami party, was convicted of five charges for mass killing and torture. He led a militia accused of killing leaders and intellectuals supporting independence. The tribunal sentenced him to death by hanging. Hundreds took to the streets on Tuesday to protest against Ghulam Azam's sentence. At least two people were killed when police clashed with demonstrators. The tribunal was set up in 2010 by the Awami League-led government to try alleged local collaborators of the Pakistani army during Bangladesh's war of independence. More than 100 people have been killed since January in violent protests prompted by verdicts handed down by the tribunal. Jamaat-e-Islami says the trials are politically motivated, and Human",ಬಾಂಗ್ಲಾದೇಶದ ಪ್ರಮುಖ ಇಸ್ಲಾಮಿ ರಾಜಕಾರಣಿಯೊಬ್ಬರು ಪಾಕಿಸ್ತಾನದೊಂದಿಗಿನ 1971 ರ ಸ್ವಾತಂತ್ರ್ಯದ ಯುದ್ಧದ ಸಮಯದಲ್ಲಿ ಮಾಡಿದ ಯುದ್ಧದ ಅಪರಾಧಗಳಿಂದಾಗಿ ಮರಣದಂಡನೆಗೆ ಗುರಿಯಾಗಿದ್ದಾರೆ.,0.0,"ನೀನು ಸಹಾಯಕ, ನಿಖರ ಮತ್ತು ಸ್ಪಷ್ಟವಾಗಿ ಉತ್ತರಿಸುವ ಕನ್ನಡ AI ಸಹಾಯಕ. ಬಳಕೆದಾರರ ಪ್ರಶ್ನೆ ಅಥವಾ ಸೂಚನೆಗೆ ಕನ್ನಡದಲ್ಲೇ ಸೂಕ್ತ ಉತ್ತರ ನೀಡಿ.

ಕೆಳಗಿನ ಇಂಗ್ಲಿಷ್ ಪ್ಯಾರಾಗ್ರಾಫ್ ಅನ್ನು ಕನ್ನಡದಲ್ಲಿ ಸಂಕ್ಷಿಪ್ತವಾಗಿ ಸಾರಾಂಶ ಮಾಡಿ.
ಕೇವಲ ಕನ್ನಡದಲ್ಲೇ ಉತ್ತರಿಸಿ.

ಪ್ಯಾರಾಗ್ರಾಫ್:
Ali Ahsan Mohammad Mujahid, a key figure in the Jamaat-e-Islami party, was accused of mass killing and torture and convicted of five of seven charges. Prosecutors say he led a militia accused of killing leaders and intellectuals supporting independence. The party's spiritual leader was jailed for 90 years on Monday. Hundreds killed Thousands of people took to the streets on Tuesday to protest against Ghulam Azam's sentence, which was handed down by the International Crimes Tribunal in Dhaka. At least two people were killed when police clashed with demonstrators. The tribunal was set up in 2010 by the current Awami League-led government to try alleged local collaborators of the Pakistani army during Bangladesh's war of independence. More than 100 people have been killed since January in violent protests prompted by verdicts handed down by the tribunal. Jamaat-e-Islami says the trials are politically motivated, and Human Rights Watch describes them as ""flawed"". AFP news agency reported that Justice Obaidul Hassan ordered that Mr Mujahid be ""hanged by the neck"" after the panel of three judges read out the verdict at Wednesday's hearing to the packed courtroom in Dhaka. Mr Mujahid was a student leader in 1971 and among those who supported a unified Pakistan. Like many other Jamaat leaders he went into hiding soon after independence, but resurfaced after Gen Ziaur Rahman came to power in a military coup in 1977. He later became social welfare minister in the Bangladesh Nationalist Party-led government from 2001-2006. He is highly regarded for his oratory and organisational skills, but critics say he was a leader of the al-Badr group, which was an auxiliary force that helped the Pakistani army identify and kill pro-independence Bengali activists. There is a range of estimates for the exact number of people killed in the nine-month Bangladeshi war of secession. Government figures suggest as many as three million people died.

ಕನ್ನಡ ಸಾರಾಂಶ:"
37,"1950 ರಲ್ಲಿ, ಜಾಗತಿಕ ಸರಾಸರಿ ಜೀವಿತಾವಧಿಯು ಕೇವಲ 46 ಆಗಿತ್ತು. 2015 ರ ಹೊತ್ತಿಗೆ, ಇದು ಸುಮಾರು 71 ಕ್ಕೆ ಏಕೇನಾಯು. ಕೆಲವು ದೇಶಗಳಲ್ಲಿ, ಪ್ರಗತಿಯು ಯಾವಾಗಲೂ ತಟಸ್ಥವಾಗಿರಲಿಲ್ಲ. ಕಾಯಿಲೆಗಳು, ವೈರಸ್‌ಗಳು ಮತ್ತು ಅನಿರೀಕ್ಷಿತ ಘಟನೆಗಳು ದೀರ್ಘಕಾಲದ ಜೀವಿತಾವಧಿಯನ್ನು ಖಾತರಿಪಡಿಸುವುದಿಲ್ಲ ಎಂಬುದನ್ನು ನೆನಪಿಸುತ್ತವೆ. ಅದೇ ಸಮಯದಲ್ಲಿ, ಹೆಚ್ಚಿನ ಜನರು ಇನ್ನೂ ತುಂಬಾ ಮುಂಚೆಯೇ ಸಾವನ್ನಪ್ಪುತ್ತಿದ್ದಾರೆ ಮತ್ತು ತಡೆಗಟ್ಟಬಹುದಾದ ಕಾರಣಗಳಿಂದಾಗಿ. ನಾವು ಕಾಳಜಿ ವಹಿಸುವ ಮರಣಗಳ ಸಂಖ್ಯೆ (terrorism, war, natural disasters) ಕೇವ",ಪ್ರಪಂಚದಾದ್ಯಂತ ಜನರು ಹೆಚ್ಚು ಕಾಲ ಬದುಕುತ್ತಿದ್ದಾರೆ.,0.8571428571428571,"ನೀನು ಸಹಾಯಕ, ನಿಖರ ಮತ್ತು ಸ್ಪಷ್ಟವಾಗಿ ಉತ್ತರಿಸುವ ಕನ್ನಡ AI ಸಹಾಯಕ. ಬಳಕೆದಾರರ ಪ್ರಶ್ನೆ ಅಥವಾ ಸೂಚನೆಗೆ ಕನ್ನಡದಲ್ಲೇ ಸೂಕ್ತ ಉತ್ತರ ನೀಡಿ.

ಕೆಳಗಿನ ಇಂಗ್ಲಿಷ್ ಪ್ಯಾರಾಗ್ರಾಫ್ ಅನ್ನು ಕನ್ನಡದಲ್ಲಿ ಸಂಕ್ಷಿಪ್ತವಾಗಿ ಸಾರಾಂಶ ಮಾಡಿ.
ಕೇವಲ ಕನ್ನಡದಲ್ಲೇ ಉತ್ತರಿಸಿ.

ಪ್ಯಾರಾಗ್ರಾಫ್:
By Hannah RitchieOxford Martin School In 1950, global average life expectancy at birth was only 46. By 2015, it had shot up to over 71. In some countries, progress has not always been smooth. Disease, epidemics and unexpected events are a reminder that ever-longer lives are not a given. Meanwhile, the deaths that may preoccupy us - from terrorism, war and natural disasters - make up less than 0.5% of all deaths combined. But across the world, many are still dying too young and from preventable causes. The story of when people die is really a story of how they die, and how this has changed over time. Causes of death around the world About 56 million people in the world died in 2017. This is 10 million more than in 1990, as the global population has increased and people live longer on average. More than 70% die from non-communicable, chronic diseases. These are not passed from person to person and typically progress slowly. The biggest single killer is cardiovascular disease, which affects the heart and arteries and is responsible for every third death. This is twice the rate of cancers - the second leading cause - which account for about one in six of all deaths. Other non-contagious diseases such as diabetes, certain respiratory diseases and dementia are also near the top of the list. Preventable deaths What may be more shocking is the number of people who still die from preventable causes. About 1.6 million died from diseases related to diarrhoea in 2017, putting it in the top 10 causes of death. In some countries, it's one of the largest killers. Neonatal disorders - the death of a baby within the first 28 days - claimed 1.8 million newborns in 2017. The frequency of these deaths varies greatly from country to country. In Japan, fewer than one in 1,000 babies die in the first 28 days of life, compared with just under one in 20 in some of the world's poorest countries. Other preventable deaths are high up the list. Road accidents incur a high death toll in the richest and poorest countries alike, claiming 1.2 million lives in 2017. While many high-income countries have seen significant falls in road deaths in recent decades, globally the number dying on the roads has almost stayed the same. Meanwhile, almost twice as many people around the world died from suicide as from homicide - the killing of one person by another. In the UK, suicide deaths were 16 times higher; it is the leading cause of death for men aged 20-40. What types of death tell us What people die from changes over time and as their country develops. In the past, infectious diseases played a bigger part than they do today. In 1990, one in three deaths resulted from communicable and infectious diseases; by 2017 this had fallen to one in five. Children are particularly vulnerable to infectious diseases. As recently as the 19th Century, every third child in the world died before the age of five. Child mortality rates have fallen significantly since then thanks to vaccines and improvements in hygiene, nutrition, healthcare and clean water access. Child deaths in rich countries are now relatively rare, while the poorest regions today have child mortality rates similar to the UK and Sweden in the first half of the 20th Century, and are continuing to catch up. The decline in global child deaths is one of the greatest success stories of modern healthcare. The number of children dying each year has more than halved in recent decades, as we have got better at fighting contagious and infectious diseases. This has shifted death rates towards non-contagious diseases in elderly people. Many countries have growing concerns about the increasing burden on relatives and healthcare systems as people get older and have longer-term illnesses. More stories like this Unexpected events can throw this steady improvement off course. The 1980s HIV/Aids crisis is a striking example of this. The epidemic was felt across all regions of the world, but the most notable impact on life expectancy was in sub-Saharan Africa. After decades of steady improvement, life expectancy fell substantially across many countries in the region. A combination of anti-retroviral therapy, treatment and education on prevention means global deaths from Aids-related illness have halved in the last decade alone - from 2 million per year down to 1 million. Life expectancy has since began to recover in these countries, but is only now returning to pre-crisis levels. Even in the richest countries, continued progress is not a given. Life expectancy in the US has fallen slightly over the past few years, largely as a result of the opioid drug crisis. Life expectancy for new mothers has also not consistently increased. There are about 10 countries where a young woman today would be more likely to die during or shortly after childbirth than her mother was, including the US. Further to go Today's overall picture is positive: we are living longer lives while fewer people - especially children - are dying from preventable causes. But it's also true that we still have a long way to go. Further improvements in sanitation, hygiene, nutrition, vaccination and basic healthcare are all crucial to this. So too are increased safety measures and mental health provision. Understanding what people die from is crucial if we want this recent progress to continue. About this piece This analysis piece was commissioned by the BBC from an expert working for an outside organisation. Hannah Ritchie is an Oxford Martin fellow, and is currently working as a researcher at OurWorldinData.org. This is a joint project between Oxford Martin and non-profit organisation Global Change Data Lab, which aims to present research on how the world is changing through interactive visualisations. You can follow her on Twitter here. Edited by Eleanor Lawrie

ಕನ್ನಡ ಸಾರಾಂಶ:"
38,"Mr Weinstein, 66, also agreed to wear a GPS tracker and surrender his passport. He denies non-consensual sex. The actress Rose McGowan said it's an ""amazing day"" for survivors. Charges include rape, sexual abuse and criminal sex act. He was led out in handcuffs after being charged with two women. His lawyer said the charges are constitutionally flawed.","ಮಾಜಿ ಹಾಲಿವುಡ್ ಚಲನಚಿತ್ರ ಮೊಗಲ್ ಹಾರ್ವೆ ವೈನ್‌ಸ್ಟೈನ್ ನ್ಯೂಯಾರ್ಕ್‌ನಲ್ಲಿ ಅತ್ಯಾಚಾರ ಮತ್ತು ಲೈಂಗಿಕ ದೌರ್ಜನ್ಯದ ಆರೋಪದ ನಂತರ $1ಮಿ (£ 751,000) ಜಾಮೀನಿನ ಮೇಲೆ ಬಿಡುಗಡೆಗೊಂಡಿದ್ದಾರೆ.",0.0,"ನೀನು ಸಹಾಯಕ, ನಿಖರ ಮತ್ತು ಸ್ಪಷ್ಟವಾಗಿ ಉತ್ತರಿಸುವ ಕನ್ನಡ AI ಸಹಾಯಕ. ಬಳಕೆದಾರರ ಪ್ರಶ್ನೆ ಅಥವಾ ಸೂಚನೆಗೆ ಕನ್ನಡದಲ್ಲೇ ಸೂಕ್ತ ಉತ್ತರ ನೀಡಿ.

ಕೆಳಗಿನ ಇಂಗ್ಲಿಷ್ ಪ್ಯಾರಾಗ್ರಾಫ್ ಅನ್ನು ಕನ್ನಡದಲ್ಲಿ ಸಂಕ್ಷಿಪ್ತವಾಗಿ ಸಾರಾಂಶ ಮಾಡಿ.
ಕೇವಲ ಕನ್ನಡದಲ್ಲೇ ಉತ್ತರಿಸಿ.

ಪ್ಯಾರಾಗ್ರಾಫ್:
Mr Weinstein, 66, also agreed to wear a GPS tracker and to surrender his passport after turning himself in to police on Friday. He denies non-consensual sex and his lawyer said he would plead not guilty. The actress Rose McGowan, who accused Mr Weinstein of rape, told the BBC it was an ""amazing day for his survivors"". ""It's a very significant moment, it's a concrete slap in the face of abusive power,"" she said. ""It's just the beginning of that process and if we can see this through to the end, I hope we emerge victorious."" The allegations against the disgraced film producer triggered the #MeToo movement, which sought to demonstrate and draw attention to the widespread prevalence of sexual abuse and harassment. More than 70 women have accused Mr Weinstein of sexual misconduct although the charges relate to only two of them. Some allegations date back decades. Led to court in handcuffs New York City police said on Friday that Mr Weinstein had been charged with rape, sex abuse, sexual misconduct and a criminal sex act. The charges related to incidents involving two women, who were not identified. He had arrived at a police station in lower Manhattan during the morning, carrying three books. After having his mugshot and fingerprints taken, he was led out in handcuffs and taken to court. In the brief court appearance, prosecutor Joan Illuzzi said the former studio boss had ""used his position, money and power to lure young women into situations where he was able to violate them sexually"". Witnesses say Mr Weinstein appeared pale and stared into space while prosecutors outlined the bail agreement. The case was then adjourned until 30 July. Outside the court, Mr Weinstein's lawyer, Ben Brafman, told reporters his client would enter a not guilty plea. ""We intend to move very quickly to dismiss these charges,"" Mr Brafman said. ""We believe that they are constitutionally flawed. We believe that they are not factually supported by the evidence."" The New York Police Department issued a statement thanking ""these brave survivors for their courage to come forward and seek justice"". The identity of one of the women whose accusations prompted the charges was confirmed by her lawyer on Friday. Former actress Lucia Evans had already publicly accused Mr Weinstein of forcing her into oral sex in 2004. ""This is an emotional moment,"" her lawyer, Carrie Golberg, said in a statement. ""Today is big. But sexual violence is still happening. A victim or offender's fame should not matter. These cases must be prosecuted."" These are the first criminal charges against Mr Weinstein, who already faces a raft of civil lawsuits. Mr Weinstein was fired last year from his production firm, the Weinstein Company, which later filed for bankruptcy. He has been condemned by top industry figures, and the organisation behind the Oscars expelled him from its membership.

ಕನ್ನಡ ಸಾರಾಂಶ:"
39,"1. ಪ್ಯಾರಾಗ್ರಾಫ್‌ನ ಸಾರಾಂಶ: ಇದು 1906 ರ ಮೊದಲ ಭಾರತೀಯ ಕ್ರಿಕೆಟ್‌ಗೆ ಸಂಬಂಧಿಸಿದೆ, ಇದು ಬ್ರಿಟಿಷ್‌ರ ಆಳ್ವಿಕೆಯಲ್ಲಿ ಭಾರತದ ರಾಷ್ಟ್ರೀಯತೆ ಮತ್ತು ಕ್ರಿಕೆಟ್‌ಗೆ ಸಂಬಂಧಿಸಿದ ಐತಿಹಾಸಿಕ ಸಂಬಂಧವನ್ನು ವಿವರಿಸುತ್ತದೆ.
2. ಪ್ಯಾರಾಗ್ರಾಫ್‌ನ ಕೇಂದ್ರ ವಿಷಯ: ಇದು 1906 ರ ಮೊದಲ ಭಾರತೀಯ ತಂಡದ ರಚನೆಯನ್ನು ವಿವರಿಸುತ್ತದೆ, ಇದು ಬ್ರಿಟಿಷ್‌ರ ಆಳ್ವಿಕೆಯಲ್ಲಿ ಭಾರತದ ರಾಷ್ಟ್ರೀಯತೆ ಮತ್ತು ಕ್ರಿಕೆಟ್‌ಗೆ ಸಂಬಂಧಿಸಿದ ಐತಿಹಾಸಿಕ ಸಂಬಂಧವನ್ನು ವಿವರಿಸುತ್ತದೆ.
3. ಪ್ಯಾರಾಗ್ರಾಫ್‌ನ ಕೇಂದ್ರ ವಿಷಯ: ಇದು 1906 ರ ಮೊದಲ ಭಾರತೀಯ ತಂಡ","ಕ್ರಿಕೆಟ್, ಇದು ಆಂಗ್ಲರು ಆಕಸ್ಮಿಕವಾಗಿ ಕಂಡುಹಿಡಿದ ಭಾರತೀಯ ಆಟವಾಗಿದೆ ಎಂದು ಇದನ್ನು ಪ್ರಸಿದ್ಧವಾಗಿ ಹೇಳಲಾಗುತ್ತದೆ.",0.9122340425531915,"ನೀನು ಸಹಾಯಕ, ನಿಖರ ಮತ್ತು ಸ್ಪಷ್ಟವಾಗಿ ಉತ್ತರಿಸುವ ಕನ್ನಡ AI ಸಹಾಯಕ. ಬಳಕೆದಾರರ ಪ್ರಶ್ನೆ ಅಥವಾ ಸೂಚನೆಗೆ ಕನ್ನಡದಲ್ಲೇ ಸೂಕ್ತ ಉತ್ತರ ನೀಡಿ.

ಕೆಳಗಿನ ಇಂಗ್ಲಿಷ್ ಪ್ಯಾರಾಗ್ರಾಫ್ ಅನ್ನು ಕನ್ನಡದಲ್ಲಿ ಸಂಕ್ಷಿಪ್ತವಾಗಿ ಸಾರಾಂಶ ಮಾಡಿ.
ಕೇವಲ ಕನ್ನಡದಲ್ಲೇ ಉತ್ತರಿಸಿ.

ಪ್ಯಾರಾಗ್ರಾಫ್:
By Prashant KidambiHistorian By a curious historical irony, a sport that was the exclusive preserve of colonial elite is now the national passion of the formerly colonised. What is equally extraordinary is that India has become world cricket's sole superpower. It is a status much savoured by contemporary Indians, for whom their cricket team is the nation. They regard ""team India"" as a symbol of national unity, and its players a reflection of the country's diversity. Cricket Country ""In this last decade,"" former cricketer Rahul Dravid noted in 2011, ""the Indian team represents, more than ever before, the country we come from - of people from vastly different cultures, who speak different languages, follow different religions, belong to different classes."" But the link between cricket and the nation was neither natural nor inevitable. It took 12 years and three aborted attempts before the first composite Indian team took to the cricket field in the summer of 1911. And contrary to popular perception - fostered by the hugely successful Hindi film Lagaan - this ""national team"" was constituted by - and not against - empire. A diverse coalition of Indian businessmen, princely aristocrats and publicists, working in tandem with British governors, civil servants, journalists, soldiers, and professional coaches made possible the idea of India on the cricket pitch. Because of this alliance between colonial and local elites, India was represented by a cricket team in imperial Britain more than a hundred summers before Virat Kohli and his men embarked on their campaign for the 2019 ICC World Cup. The magical Ranji The project to construct an ""Indian"" cricket team had a long and tortuous history. The idea was first floated in 1898, following the stunning rise of Kumar Shri Ranjitsinhji or Ranji, an Indian prince who bewitched Britain and the wider imperial world with his sublime batting. Indian cricket promoters sought to capitalise on Ranji's celebrity in putting together a team. But Ranji, who used his cricketing prestige to become the ruler of Nawanagar, was wary of a project that might raise questions about his nationality and, in particular, his right to represent England on the cricket field. There were some in the English establishment - notably, Lord Harris, the ex-Governor of what was then Bombay - who had never reconciled themselves to Ranji's astonishing cricketing success and continued to regard him as a mere ""bird of passage"". Four years later, a different imperative was at work. Now, Europeans in colonial India, who sought to attract teams from home, collaborated with powerful local elites to create an Indian team that would showcase the country's potential as a cricketing destination. But the venture failed because of fierce divisions between Hindus, Parsis and Muslims over the question of their representation in the proposed team. A subsequent attempt in 1906 met with the same fate as previous failed ventures. The years between 1907 and 1909 saw a wave of ""revolutionary"" violence by young Indians who targeted British officials and their local collaborators. And there were strident calls in Britain to prevent the free movement of Indians into the country. Curious Cast Dismayed by the negative publicity generated by these acts, leading businessmen and public figures, along with prominent Indian princes, sought to revive the project of sending an Indian cricket team to London. This was the historical context within which the first ""all-India"" cricket team took shape. The men who were chosen to represent India on the imperial stage made for an improbable cast of characters. The captain of the team was 19-year old Bhupinder Singh of Patiala, the pleasure-seeking, newly enthroned maharaja of the most powerful Sikh state in India. The rest of the team was selected on the basis of religion: there were six Parsis, five Hindus and three Muslims in the side. But the most remarkable feature of the first Indian cricket team was the presence of two Dalits from what was then Bombay - the Palwankar brothers, Baloo and Shivram, who overcame the resistance of upper-caste Hindus to become top cricketers of their time. The composition of this team shows how in the early 20th Century, cricket took on a range of cultural and political meanings within colonial India. For the Parsis, the cricket field acquired new significance at a time of deepening anxieties about the community's supposed deterioration. As Hindus and Muslims became more competitive on the pitch and elsewhere, Parsis began to fret about their own decline. Among northern India's Muslims too, cricket came to embody a new relationship with the political order established by British rule in the subcontinent. Notably, the game was an integral feature of the one of the most important educational initiatives in colonial India: to forge a new Muslim political identity. Of the four Muslim players named in the first Indian team, three came from Aligarh, whose most well-known institution - the Muhammadan Anglo-Oriental College - had been established by the social reformer Sir Sayyid Ahmad Khan to promote western learning within his community. And finally, cricket also became a prism through which Hindu society was forced to reassess the insidious effects of the caste system. At the heart of these debates was the stirring example of an extraordinary Dalit family, whose cricketing ability and achievements questioned the pernicious system of inequity and exclusion practiced by upper-castes Hindus. For the Palwankars, cricket made their struggle for dignity and justice against discrimination possible. Baloo, in particular, became one of the most well-known public figures among his downtrodden compatriots. He was also the hero of the great BR Ambedkar, the architect of India's Constitution and a Dalit icon. For Maharaja Bhupinder Singh, on the other hand, the imperial game was an important instrument in furthering his political interests. The embattled ruler sought to use his position as captain of the first all-India cricket team to quell growing imperial doubts about his abilities as a ruler. Empire loyalism For the empire loyalists who financed and organised the venture, cricket became a means of promoting a positive image of India and assuring authorities in Britain that the country would remain a loyal part of the British Empire. That was the principal aim of the first all-India cricket tour of Great Britain and Northern Ireland. The timing was not a coincidence: it was the year George V was formally crowned king-emperor in London and then travelled to India for the Delhi Durbar. It is salutary to recall this long-forgotten history at a time when cricket in the subcontinent has become the vehicle of a shrill hyper-nationalism that views sport as ""war minus the shooting"". Dr Prashant Kidambi is associate professor of colonial urban history at the University of Leicester and author of Cricket Country: The Untold History of the First All India Team (Penguin Viking)

ಕನ್ನಡ ಸಾರಾಂಶ:"
40,ಈ ನಿರ್ಧಾರವು 2012 ರಲ್ಲಿ ಮಾಜಿ ಆರ್‌‌ಎಸ್‌‌‌ಸ್‌‌‌‌‌‌‌‌‌‌‌‌‌‌‌‌‌‌‌‌‌‌‌‌‌‌‌‌‌‌‌‌‌‌‌‌‌‌‌‌‌‌‌‌‌‌‌‌‌‌‌‌‌‌‌‌‌‌‌‌‌‌‌‌‌‌‌‌‌‌‌‌‌‌‌‌‌‌‌‌‌‌‌‌‌‌‌‌‌‌‌‌‌‌‌‌‌‌‌‌‌‌‌‌‌‌‌‌‌‌‌‌‌‌‌‌‌‌‌‌‌‌‌‌‌‌‌‌‌‌‌‌‌‌‌‌‌‌‌‌,ಹೊಸ ಪ್ರಸ್ತಾಪಗಳ ಅಡಿಯಲ್ಲಿ ಅಂತರಾಷ್ಟ್ರೀಯ ವಿದ್ಯಾರ್ಥಿಗಳಿಗೆ ಉದ್ಯೋಗವನ್ನು ಹುಡುಕಲು ಪದವಿಯ ನಂತರ ಎರಡು ವರ್ಷಗಳ ಕಾಲ ಯುಕೆಯಲ್ಲಿ ಉಳಿಯಲು ಅನುಮತಿಸಲಾಗುತ್ತದೆ ಎಂದು ಗೃಹ ಕಚೇರಿ ಘೋಷಿಸಿದೆ.,0.1534090909090909,"ನೀನು ಸಹಾಯಕ, ನಿಖರ ಮತ್ತು ಸ್ಪಷ್ಟವಾಗಿ ಉತ್ತರಿಸುವ ಕನ್ನಡ AI ಸಹಾಯಕ. ಬಳಕೆದಾರರ ಪ್ರಶ್ನೆ ಅಥವಾ ಸೂಚನೆಗೆ ಕನ್ನಡದಲ್ಲೇ ಸೂಕ್ತ ಉತ್ತರ ನೀಡಿ.

ಕೆಳಗಿನ ಇಂಗ್ಲಿಷ್ ಪ್ಯಾರಾಗ್ರಾಫ್ ಅನ್ನು ಕನ್ನಡದಲ್ಲಿ ಸಂಕ್ಷಿಪ್ತವಾಗಿ ಸಾರಾಂಶ ಮಾಡಿ.
ಕೇವಲ ಕನ್ನಡದಲ್ಲೇ ಉತ್ತರಿಸಿ.

ಪ್ಯಾರಾಗ್ರಾಫ್:
The move reverses a decision made in 2012 by then-Home Secretary Theresa May that forced overseas students to leave four months after finishing a degree. Prime Minister Boris Johnson said the change would see students ""unlock their potential"" and begin careers in the UK. But campaign group Migration Watch called it a ""retrograde"" step. The change will apply to international students in the UK - there were around 450,000 last year - who start courses at undergraduate level or above from next year onwards. They must be studying at an institution with a track record in upholding immigration checks. Under the proposals, there is no restriction on the kinds of jobs students would have to seek and no cap on numbers. ""If one needed evidence of a new approach to immigration within government, today's announcement allowing all foreign students to stay for two years after graduation is just that,"" the BBC's home editor Mark Easton said. ""Where Theresa May introduced what she called a hostile environment around migration rules, with an ambition to reduce net migration to the tens of thousands, Boris Johnson has promised to scrap that target and encourage the brightest and best to come and live and work in global Britain."" 'To hell and back' Student Shreya Swamy, from India, says the proposal is ""a great step forward"" but it is ""a sad day"" for her as it has come too late to help students already in the UK. She has just finished studying for a master's degree at the University for the Creative Arts, in Kent and Surrey, and says she has ""struggled so much"" with the current rule giving her up to four months to look for work. Jobs for international graduates ""are close to nil"", she says, blaming their lack of experience. ""I have been through hell and back trying to figure out my career plan these past few months because it seems practically impossible to have one in the UK,"" she says. ""I feel really helpless, and almost regret coming here to study because I'm going to end up going back home with a very expensive piece of paper."" Read more here Chancellor Sajid Javid tweeted that the move was ""about time"", adding that the government ""should have reversed this silly policy years ago"". Former universities minister Jo Johnson - who quit his brother's government last week - tweeted that it was ""success at last"" after being involved in the cross-party campaign. Alistair Jarvis, chief executive of Universities UK, welcomed the decision, saying it would benefit the UK economy and reinstate the UK as a ""first choice study destination"". ""Evidence shows that international students bring significant positive social outcomes to the UK as well as £26bn in economic contributions, but for too long the lack of post-study work opportunities in the UK has put us at a competitive disadvantage in attracting those students,"" he said. But Alp Mehmet, chairman of Migration Watch UK, said the decision was an ""unwise"" step that would ""likely lead to foreign graduates staying on to stack shelves"". ""Our universities are attracting a record number of overseas students so there is no need to devalue a study visa by turning it into a backdoor route for working here,"" he added. Others suggested that the overhaul of the rules should come in sooner so students who are due to graduate next year could be eligible for the visa. Stephen Isherwood, chief executive of the Institute of Student Employers, said there was ""ample time"" for the new rules to be implemented for those who finish their studies in 2020. How many international students stay in the UK? By BBC Reality Check team Just over 450,000 international students are currently studying in UK universities. Of these, almost two-thirds are from outside the EU, so will require a student visa to be in the country. Between about 170,000 and 185,000 of these students graduate each year and, under current rules, they have four months to transfer to another visa - such as a work visa - or decide to continue studying. In 2018, 6,300 individuals moved from student visas to skilled work visas, meaning they have officially been offered a job paying at least £20,800 in the first year. A further 450 were granted ""high-value migrant"" visas, which are normally reserved for those with particular expertise in a field or those who have a set sum of money to invest in the country. We also know that almost 40,000 student visas are extended each year, implying that a large number of graduates are continuing studies in the UK. That still leaves more than 100,000 students not formally extending their visas - and we don't have complete figures for how many of them leave the UK. However, analysis of exit checks by the Office of National Statistics suggests that 97% of them were leaving on time. Shadow home secretary Diane Abbott said Labour has always said graduates should be able to work here after their studies. ""It enables them to contribute to our economy, our universities and to research, and helps us to attract the brightest and best from around the world. ""It is a great pity that ministers have previously supported measures that did the opposite."" 'International collaboration' The government's announcement coincides with the launch of a £200m genetics project at the UK Biobank, a charity and health resource that contains information and samples from 500,000 people. The UK Biobank collected DNA samples and health questionnaire information from 500,000 British volunteers over several years and is now open to researchers from anywhere in the world who want to use those resources to develop new treatments for diseases. The prime minister said projects of this kind wouldn't be possible ""without being open to the brightest and the best from across the globe to study and work"" in the UK. Mr Johnson said: ""That's why we're unveiling a new route for international students to unlock their potential and start their careers in the UK."" Britain had a ""proud history"" of being at the centre of international collaboration, he said, adding that it was ""bringing together experts from around the globe to work in the UK on the world's largest genetics research project"".

ಕನ್ನಡ ಸಾರಾಂಶ:"
41,"The alleged hacker, Paige Thompson, was arrested on Monday after reportedly boasting about the breach online. Capital One said the data included names, addresses and phone numbers of people who applied for its products. But the hacker did not gain access to credit card account numbers, it said. The data breach is believed to be one of the largest in banking history. How many people have been affected? Capital One is a major credit card issuer in the US and also operates retail banks. The firm said in a statement released on Monday that the breach affected approximately 100 million individuals in the US and six million people in Canada. The statement added that about 140,000 social security numbers and 80,000 linked bank account numbers were compromised in the US. In",ಯುಎಸ್ ಮತ್ತು ಕೆನಡಾದಾದ್ಯಂತ ಸುಮಾರು 106 ಮಿಲಿಯನ್ ವ್ಯಕ್ತಿಗಳ ವೈಯಕ್ತಿಕ ವಿವರಗಳನ್ನು ಹಣಕಾಸು ಸೇವಾ ಸಂಸ್ಥೆ ಕ್ಯಾಪಿಟಲ್ ಒನ್ ಅನ್ನು ಟಾರ್ಗೆಟ್ ಆಗಿ ಇಟ್ಟುಕೊಂಡು ಹ್ಯಾಕ್ ಮಾಡಲಾಗಿದೆ ಎಂದು ಕಂಪನಿ ಬಹಿರಂಗಪಡಿಸಿದೆ.,0.0,"ನೀನು ಸಹಾಯಕ, ನಿಖರ ಮತ್ತು ಸ್ಪಷ್ಟವಾಗಿ ಉತ್ತರಿಸುವ ಕನ್ನಡ AI ಸಹಾಯಕ. ಬಳಕೆದಾರರ ಪ್ರಶ್ನೆ ಅಥವಾ ಸೂಚನೆಗೆ ಕನ್ನಡದಲ್ಲೇ ಸೂಕ್ತ ಉತ್ತರ ನೀಡಿ.

ಕೆಳಗಿನ ಇಂಗ್ಲಿಷ್ ಪ್ಯಾರಾಗ್ರಾಫ್ ಅನ್ನು ಕನ್ನಡದಲ್ಲಿ ಸಂಕ್ಷಿಪ್ತವಾಗಿ ಸಾರಾಂಶ ಮಾಡಿ.
ಕೇವಲ ಕನ್ನಡದಲ್ಲೇ ಉತ್ತರಿಸಿ.

ಪ್ಯಾರಾಗ್ರಾಫ್:
The alleged hacker, Paige Thompson, was arrested on Monday after reportedly boasting about the breach online. Capital One said the data included names, addresses and phone numbers of people who applied for its products. But the hacker did not gain access to credit card account numbers, it said. The data breach is believed to be one of the largest in banking history. How many people have been affected? Capital One is a major credit card issuer in the US and also operates retail banks. The firm said in a statement released on Monday that the breach affected approximately 100 million individuals in the US and six million people in Canada. The statement added that about 140,000 social security numbers and 80,000 linked bank account numbers were compromised in the US. In Canada, about one million social insurance numbers belonging to Capital One credit card customers were also compromised. The hack was identified on 19 July. Capital One said the hacker was able to ""exploit"" a ""configuration vulnerability"" in the company's infrastructure. Aside from names and dates of birth, the hacker also managed to obtain credit scores, limits, balances, payment history and contact information. How has Capital One reacted? Capital One said it was unlikely the information was used for fraud but it would continue to investigate the breach. The company will notify those affected and will provide them with free credit monitoring and identity protection. Chairman Richard Fairbank said in a statement: ""While I am grateful that the perpetrator has been caught, I am deeply sorry for what has happened. ""I sincerely apologise for the understandable worry this incident must be causing those affected and I am committed to making it right. "" What do we know about the alleged hacker? The US justice department has confirmed it has arrested a former Seattle technology company software engineer in connection with the breach. Ms Thompson, 33, was arrested on Monday on charges of computer fraud and abuse. She made an initial appearance in federal court in Seattle. A hearing has been scheduled for 1 August. Court documents claim she boasted about the data breach on an online forum. A statement by the US attorney's office in Washington said: ""On July 17 2019, a GitHub user who saw the post alerted Capital One to the possibility it had suffered a data theft."" Ms Thompson faces a maximum sentence of five years in prison and a $250,000 (£204,713) fine. You may also be interested in:

ಕನ್ನಡ ಸಾರಾಂಶ:"
42,"The total lunar eclipse was visible from Europe, Africa, Australia and most of Asia. In the UK, it lasted for 1 hour 43 minutes. The Moon turned red as it passed through Earth's shadow. It coincided with Mars's closest approach to Earth since 2003 - a ""procession of planets"" that made it visible from the south-east horizon.","ಪ್ರಪಂಚದಾದ್ಯಂತದ ಆಕಾಶವೀಕ್ಷಕರು 21ನೇ ಶತಮಾನದ ದೀರ್ಘವಾದ ""ರಕ್ತ ಚಂದ್ರ"" ಗ್ರಹಣವನ್ನು ವೀಕ್ಷಿಸಿದ್ದಾರೆ.",0.0,"ನೀನು ಸಹಾಯಕ, ನಿಖರ ಮತ್ತು ಸ್ಪಷ್ಟವಾಗಿ ಉತ್ತರಿಸುವ ಕನ್ನಡ AI ಸಹಾಯಕ. ಬಳಕೆದಾರರ ಪ್ರಶ್ನೆ ಅಥವಾ ಸೂಚನೆಗೆ ಕನ್ನಡದಲ್ಲೇ ಸೂಕ್ತ ಉತ್ತರ ನೀಡಿ.

ಕೆಳಗಿನ ಇಂಗ್ಲಿಷ್ ಪ್ಯಾರಾಗ್ರಾಫ್ ಅನ್ನು ಕನ್ನಡದಲ್ಲಿ ಸಂಕ್ಷಿಪ್ತವಾಗಿ ಸಾರಾಂಶ ಮಾಡಿ.
ಕೇವಲ ಕನ್ನಡದಲ್ಲೇ ಉತ್ತರಿಸಿ.

ಪ್ಯಾರಾಗ್ರಾಫ್:
By Victoria GillScience correspondent, BBC News As it rose, during this total eclipse, Earth's natural satellite turned a striking shade of red or ruddy brown. The ""totality"" period, where light from the Moon was totally obscured, lasted for one hour, 43 minutes. At least part of the eclipse was visible from Europe, the Middle East, Africa, Australia, most of Asia and South America. In the UK, where the weather allowed, the Moon could be seen to turn red - fully eclipsed by Earth - from when it rose at 21:00 until 22:15 BST. Over the coming days, Mars will be at its closest point to Earth since 2003 - visible as a ""bright red star"" where skies are clear. Why did the eclipse last so long? The Moon passed right through the centre of the Earth's shadow, at the shadow's widest point. ""This is actually almost as long as a lunar eclipse could be,"" Prof Tim O'Brien, an astrophysicist at University of Manchester, explained. It coincided not only with Mars's close approach, but with what he described as a ""procession of planets"" - a line-up of our celestial neighbours that gave skywatchers a particularly good view of Venus, Jupiter, Saturn and Mars. Eclipse terms Umbra: The darker, central part of the Earth's shadow Penumbra: The lighter, outer part of the shadow cast by our planet Because the Moon is far away from Earth relatively speaking - its orbit is an ellipse, so it moves closer and further and looks larger and smaller from Earth. Mars could also be seen as a bright red star just below the Moon. ""Every couple of years or so, the Earth overtakes Mars on the inside as it orbits the Sun, so Mars is closest to us,"" said Prof O'Brien. ""And because of the elliptical shape of the orbit, it's even closer than normal."" Where was the eclipse visible? Where skies were free of cloud, the spectacle was visible almost everywhere around the world, with the exception of North America. The eclipse had already started by the time the Moon rose over the UK and Western Europe. People in the UK needed a clear south-eastern horizon as the Moon came up in order to see it. The best views - where the weather permitted - were across Eastern Europe, Central and East Africa and South East Asia, from where the entire eclipse was visible. So, from the UK and Europe, the south-east was the place to look for the rising, eclipsing Moon with a bright red Mars below. Jupiter could also be seen in the southern sky and Venus in the west. Dr Emily Brunsden, director of the University of York's Astrocampus, added that this eclipse was a ""micro blood moon"". ""This is a total eclipse at a time in its orbit when it is close to being the farthest from Earth, or at apogee,"" she said. ""Hence the Moon was fractionally smaller than usual."" Stages of a total lunar eclipse Source: timeanddate.com Did you see the ""blood moon""? Send pictures or video to yourpics@bbc.co.uk Please include your name and location when sending your pictures. Please include a contact number if you are willing to speak to a BBC journalist. You can also contribute your images in the following ways:

ಕನ್ನಡ ಸಾರಾಂಶ:"
43,"The White Garden at Kensington Palace was planted to commemorate 20 years since Princess Diana's death. The Duchess of Cambridge joined the princes on a tour of the garden. A palace spokeswoman said that this engagement would allow them to pay tribute to their mother's life and work. They met representatives from causes supported by her, including Royal Marsden Hospital, Great Ormond Street Hospital, National Aids Trust, Centrepoint youth charity, and Leprosy Mission. Public tributes have been left at the gates of the palace. The Princess died on 31 August 1997 in Paris when William was 15 and Harry was 12. The garden is inspired by her style and image, such as her white dress. It has a tradition from Sissinghurst Castle's",ಪ್ರಿನ್ಸ್ ವಿಲಿಯಂ ಮತ್ತು ಪ್ರಿನ್ಸ್ ಹ್ಯಾರಿ ತಮ್ಮ ತಾಯಿಯ ಮರಣದ 20ನೇ ವಾರ್ಷಿಕೋತ್ಸವದ ಮುನ್ನಾದಿನದಂದು ಲಂಡನ್ ಸ್ಮಾರಕ ಉದ್ಯಾನವನಕ್ಕೆ ಭೇಟಿ ನೀಡಿದ್ದಾರೆ.,0.0,"ನೀನು ಸಹಾಯಕ, ನಿಖರ ಮತ್ತು ಸ್ಪಷ್ಟವಾಗಿ ಉತ್ತರಿಸುವ ಕನ್ನಡ AI ಸಹಾಯಕ. ಬಳಕೆದಾರರ ಪ್ರಶ್ನೆ ಅಥವಾ ಸೂಚನೆಗೆ ಕನ್ನಡದಲ್ಲೇ ಸೂಕ್ತ ಉತ್ತರ ನೀಡಿ.

ಕೆಳಗಿನ ಇಂಗ್ಲಿಷ್ ಪ್ಯಾರಾಗ್ರಾಫ್ ಅನ್ನು ಕನ್ನಡದಲ್ಲಿ ಸಂಕ್ಷಿಪ್ತವಾಗಿ ಸಾರಾಂಶ ಮಾಡಿ.
ಕೇವಲ ಕನ್ನಡದಲ್ಲೇ ಉತ್ತರಿಸಿ.

ಪ್ಯಾರಾಗ್ರಾಫ್:
The White Garden, at Kensington Palace, was planted to mark 20 years since Princess Diana died in a car crash. The Duchess of Cambridge joined the princes on the garden tour. A spokeswoman for Kensington Palace said: ""The engagement will allow the princes to pay tribute to the life and work of their mother."" They met representatives from the causes and charities supported by Diana, including the Royal Marsden and Great Ormond Street hospitals, the National Aids Trust, Centrepoint youth homelessness charity and the Leprosy Mission. Members of the public have been leaving tributes and flowers at the gates of the palace to mark the anniversary of Diana's death. The Princess of Wales died on 31 August 1997 in Paris, when William, now the Duke of Cambridge, was 15 and his brother was 12. The garden at their mother's former home has been inspired by memories of her life, style and image, such as her white ""Elvis"" Catherine Walker dress. The White Garden, as it is known, follows a tradition first established at Sissinghurst Castle in Kent, famous for its own white garden created in the 1930s. Their Royal Highnesses met gardener Sean Harkin who designed the display and Graham Dillamore who knew the princess when he worked there some 30 years ago. The garden has been open since spring and will continue into September with white roses, lilies, gladioli and cosmos. It is the fourth London memorial created in tribute to Diana - the others are the Diana Memorial Playground at Kensington Palace, the Diana Memorial Fountain in Hyde Park, and the Diana Memorial Walk at St James's Palace.

ಕನ್ನಡ ಸಾರಾಂಶ:"
44,"The Indian telecoms market has seen a bloodbath due to two reasons: 1. High data prices before Jio's entry, which led to a massive shift from voice to data. 2. A new tax imposed by the Supreme Court that significantly increased operating costs for companies like Vodafone-Idea. This has caused losses and forced Vodafone to write off its investment in India. However, customers should not worry immediately as telecoms prices will likely rise, but this is necessary for competition and survival of the market.","ಭಾರತದ ಅತಿದೊಡ್ಡ ಟೆಲಿಕಾಂ ಸಂಸ್ಥೆಗಳಲ್ಲಿ ಒಂದಾದ ವೊಡಾಫೋನ್ ಇಂಡಿಯಾ, 510 ಬಿಲಿಯನ್ ರೂಪಾಯಿಗಳ ($7 ಬಿಲಿಯನ್; £5.4 ಬಿಲಿಯನ್) ದಾಖಲೆಯ ಎರಡನೇ ತ್ರೈಮಾಸಿಕ ನಷ್ಟವನ್ನು ಪೋಸ್ಟ್ ಮಾಡಿದೆ, ಇದು ಉದ್ಯಮದ ಸ್ಥಿತಿಯ ಕುರಿತ ಭಯವನ್ನು ಇನ್ನಷ್ಟು ಹೆಚ್ಚಿಸಿದೆ. ಅರ್ಥಶಾಸ್ತ್ರಜ್ಞರಾದ ವಿವೇಕ್ ಕೌಲ್ ಮತ್ತಷ್ಟು ವಿವರಿಸುತ್ತಾರೆ.",0.0,"ನೀನು ಸಹಾಯಕ, ನಿಖರ ಮತ್ತು ಸ್ಪಷ್ಟವಾಗಿ ಉತ್ತರಿಸುವ ಕನ್ನಡ AI ಸಹಾಯಕ. ಬಳಕೆದಾರರ ಪ್ರಶ್ನೆ ಅಥವಾ ಸೂಚನೆಗೆ ಕನ್ನಡದಲ್ಲೇ ಸೂಕ್ತ ಉತ್ತರ ನೀಡಿ.

ಕೆಳಗಿನ ಇಂಗ್ಲಿಷ್ ಪ್ಯಾರಾಗ್ರಾಫ್ ಅನ್ನು ಕನ್ನಡದಲ್ಲಿ ಸಂಕ್ಷಿಪ್ತವಾಗಿ ಸಾರಾಂಶ ಮಾಡಿ.
ಕೇವಲ ಕನ್ನಡದಲ್ಲೇ ಉತ್ತರಿಸಿ.

ಪ್ಯಾರಾಗ್ರಾಫ್:
What has caused these losses in such a big market? With more than a billion mobile subscribers, India is one of the world's biggest telecoms markets. But there are two reasons for this bloodbath. The first is that for many years while the prices of telephone calls fell, data prices continued to remain high. However, with the entry of Reliance Jio three years ago, this entirely changed. The company slashed data prices and, in the process, managed to change what was essentially a voice market into a data market. This resulted in India ending up with the cheapest mobile data in the world. But this put massive pressure on the players already in the market. They had to match Reliance and, in the process, they ended up with too little profit or making losses. But the second and more imminent reason is the battle over adjusted gross revenue - in layman's terms this means that a certain proportion of revenues earned by telecoms companies needs to be shared with the government's department of telecoms. However, telecoms companies and the government have been disagreeing on the definition of adjusted gross revenue since 2005. The companies only wanted revenue from telecoms to be calculated in this figure, but the government wanted a much wider definition, including non-telecoms revenue like sale of assets and interest earned on deposits. But recently, the Supreme Court ruled in favour of the government, which meant that telecoms companies needed to pay the authorities 900bn rupees. Just Vodafone India's share is 390bn rupees. This new charge means that losses have gone up dramatically. Will Vodafone really exit India? Where is all this money going to come from? That's the question all the telecoms companies are asking. Earlier this week, Vodafone's CEO Nick Read warned that the company's India operation could be in doubt unless the government stopped hitting operators with higher taxes and charges. Known as Vodafone-Idea in the country, after it formed a joint venture with a local firm, the company controls about 29% of the telecoms market, in revenue terms. ""Financially there's been a heavy burden through unsupportive regulation, excessive taxes and, on top of that, we got the negative Supreme Court decision,"" he was reported as saying on Tuesday. A day later, he apologised to the government and said the company had no plans to exit India. But the fact is that regardless of this apology, the bigger issue is that Vodafone has written off their India investment to zero. Also, the buzz is that neither Vodafone nor Aditya Birla Group, the other owner of Vodafone-Idea, is keen to bring in new money into the company. So essentially, unless the owners actually reverse this stand and agree to put more money into India, the possibility that they will exit is still very high. How bad is this for business? If a company as big as Vodafone decides to exit, it does not show India in a very good light. This is not just about the current Supreme Court decision. The fact is that there has been a retrospective tax issue going on between Vodafone and the Indian government for the past 10 years. So when a big brand like Vodafone decides to shut shop and get out of the country, it is bound to make other investors think twice before entering India. Should customers be worried? Not immediately, but what is likely to happen now is that irrespective of Vodafone leaving India or not, telecoms prices will go up. But prices going up is not necessarily a bad thing - it would in fact be a good thing, because that is the only way to have some competition in this market. This needs to happen for telecoms - and Vodafone - to survive and thrive in India. The fact is that if Vodafone exits, there will be basically just two big players, and a duopoly is not good for any market.

ಕನ್ನಡ ಸಾರಾಂಶ:"
45,"ಈ ಪ್ಯಾರಾಗ್ರಾಫ್‌ನ ಸಾರಾಂಶವು ಈ ಕೆಳಗಿನ ಅಂಶಗಳನ್ನು ಒಳಗೊಂಡಿದೆ: 1. ಇದು 55km (34 miles) ದ್ವಾರವನ್ನು ಹೊಂದಿದೆ, ಇದು ಹಾಂಗ್‌ಕಾಂಗ್‌ಗೆ ಮಕಾೋ ಮತ್ತು ಚೀನಾದ ಜುಹೈ ನಗರದೊಂದಿಗೆ ಸಂಪರ್ಕ ಕಲ್ಪಿಸುತ್ತದೆ. 2. ಇದು $20bn ವೆಚ್ಚದಲ್ಲಿತ್ತು ಆದರೆ 2016 ರಲ್ಲಿ ಮುಕ್ತಾಯಗೊಳ್ಳಬೇಕಿತ್ತು. 3. ಸುರಕ್ಷತಾ ಸಮಸ್ಯೆಗಳಿಂದಾಗಿ ನಿರ್ಮಾಣವು ವಿಳಂಬಕ್ಕೆ ಒಳಗಾಯಿತು; 18 ಕಾರ್ಮಿಕರು ಸಾವನ್ನಪ್ಪಿದ್ದಾರೆ ಎಂದು ಅಧಿಕಾರಿಗಳು ತಿಳಿಸಿದ್ದಾರೆ. 4. ಅಧ್ಯಕ್ಷ ಕ್ಸಿ ಜಿನ್‌ಪಿಂಗ್‌ ಅವರು ಹಾಂಗ್‌ಕಾಂಗ್‌ನೊಂದಿಗೆ ಸಂಪರ್ಕವನ್ನು ಖಚಿತ",ಚೀನಾ ಅಧ್ಯಕ್ಷರಾದ ಝೀ ಜಿನ್‌ಪಿಂಗ್ ಅವರು ವಿಶ್ವದ ಅತಿ ಉದ್ದದ ಸಮುದ್ರ ದಾಟುವ ಸೇತುವೆಯನ್ನು ನಿರ್ಮಾಣ ಪ್ರಾರಂಭವಾದ ಒಂಬತ್ತು ವರ್ಷಗಳ ನಂತರ ಅಧಿಕೃತವಾಗಿ ತೆರೆದಿದ್ದಾರೆ.,0.8796791443850267,"ನೀನು ಸಹಾಯಕ, ನಿಖರ ಮತ್ತು ಸ್ಪಷ್ಟವಾಗಿ ಉತ್ತರಿಸುವ ಕನ್ನಡ AI ಸಹಾಯಕ. ಬಳಕೆದಾರರ ಪ್ರಶ್ನೆ ಅಥವಾ ಸೂಚನೆಗೆ ಕನ್ನಡದಲ್ಲೇ ಸೂಕ್ತ ಉತ್ತರ ನೀಡಿ.

ಕೆಳಗಿನ ಇಂಗ್ಲಿಷ್ ಪ್ಯಾರಾಗ್ರಾಫ್ ಅನ್ನು ಕನ್ನಡದಲ್ಲಿ ಸಂಕ್ಷಿಪ್ತವಾಗಿ ಸಾರಾಂಶ ಮಾಡಿ.
ಕೇವಲ ಕನ್ನಡದಲ್ಲೇ ಉತ್ತರಿಸಿ.

ಪ್ಯಾರಾಗ್ರಾಫ್:
Including its access roads, the bridge spans 55km (34 miles) and connects Hong Kong to Macau and the mainland Chinese city of Zhuhai. The bridge cost about $20bn (£15.3bn) and should have opened in 2016. Construction has been dogged by safety issues - at least 18 workers have died on the project, officials say. Mr Xi attended the opening ceremony of the bridge, which took place in Zhuhai, along with the leaders of Hong Kong and Macau. Limited bus services begin on Wednesday. What's so special about this bridge? Designed to withstand earthquakes and typhoons, it was built using 400,000 tonnes of steel, enough to build 60 Eiffel Towers. About 30km of its total length crosses the sea of the Pearl River delta. To allow ships through, a 6.7km section in the middle dips into an undersea tunnel that runs between two artificial islands. The remaining sections are link roads, viaducts and land tunnels connecting Zhuhai and Hong Kong to the main bridge. Why has it been built? It is part of China's plan to create a Greater Bay Area, including Hong Kong, Macau and nine other cities in southern China. The area is currently home to 68 million people. In the past, travelling between Zhuhai and Hong Kong would take up to four hours - the new bridge cuts this down to 30 minutes. Can anyone drive across the bridge? No. Those who want to cross the bridge must obtain special permits, allocated by a quota system. And all vehicles will pay a toll. The bridge is not served by public transport, so private shuttle buses will ply the route. There is no rail link. Authorities initially estimated that 9,200 vehicles would cross the bridge every day. They later lowered their estimations after new transport networks were built in the region. What are people saying about it? There's been a great deal of criticism of the project. It has been dubbed the ""bridge of death"" by some local media. At least nine workers on the Hong Kong side have died and officials told BBC News Chinese that nine had died on the mainland side, too. Hundreds of workers have also been injured during the construction. It's fitted with 'yawn cams'? Special cameras will be on the look-out for drivers on the bridge who show signs of getting sleepy, among other checks - yawn three times and the authorities will be alerted, local media report. To help counter potential terror attacks, there will also be ""48 high-definition surveillance cameras"" mounted at intervals along the bridge as well as anti-terror police patrols, the South China Morning Post reports. And drivers will have to change which side of the road they are on at the crossing. People drive on the left in Hong Kong and Macau but the bridge is Chinese territory and special merger channels have been built to cope with this. You might also be interested in: There have also been concerns about the environmental impact. Environmental groups say the project may have caused serious harm to marine life in the area, including the critically rare Chinese white dolphin. The number of dolphins seen in Hong Kong waters has decreased from 148 to 47 in the past 10 years and they are now absent from the waters near the bridge, according to the Hong Kong branch of the World Wide Fund for Nature (WWF). ""The project has made irreversible damage to the sea,"" said Samantha Lee, Assistant Director of Ocean Conservation at the WWF. ""I am worried that the number will never rise again."" Is it going to recoup its costs? The bridge, surrounding link roads and artificial islands cost a staggering $20bn to build - the main bridge alone cost $6.92bn. Chinese officials say it will generate up to 10 trillion yuan ($1.44tn; £1tn) for the economy, but one Hong Kong lawmaker cast doubt on that figure. ""I am not so sure either how the bridge can sustain itself if not many cars are using it,"" Tanya Chan told BBC News Chinese. ""I am pretty sure that we would never earn that [construction cost] back."" According to an estimate by BBC Chinese, the bridge will only earn around $86m in tolls per year. In fact, the bridge's maintenance costs would already take away a third of this income. Critics have called the bridge a ""big white elephant"" that guarantees no economic return. Others have said its main purpose is symbolic, ensuring Hong Kong is physically connected to the mainland. Additional reporting by Lam Cho Wai, BBC Chinese.

ಕನ್ನಡ ಸಾರಾಂಶ:"
46,"Local residents reported heavy blasts and gunfire at Baledogle airport in the southern Lower Shabelle region. Al-Shabab militant group claimed responsibility, using a car bomb to breach the gates before sending its fighters inside. Military officials say jihadists were repulsed without breaching perimeter fence. No casualties were reported among Somali military. US Ambassador Donald Yamamoto praised Somali military for their 'alertness and swift response'. This attack shows al-Shabab's violent opposition to peace and prosperity in Somalia, he said. Al-Shabab claimed it launched raid, adding: after breaching perimeters of heavily fortified base, mujahideen stormed complex engaging crusaders in intense firefight. The base is used as launch site for US drones and training centre. It houses US special forces, Somali special forces and",ಸೊಮಾಲಿಯಾದಲ್ಲಿರುವ ಅಮೇರಿಕ ಸೈನಿಕರು ಕಮಾಂಡೋಗಳಿಗೆ ತರಬೇತಿ ನೀಡುವ ಸೇನಾ ನೆಲೆಯ ಮೇಲೆ ಜಿಹಾದಿಗಳು ದಾಳಿ ನಡೆಸಿದ್ದಾರೆ.,0.0,"ನೀನು ಸಹಾಯಕ, ನಿಖರ ಮತ್ತು ಸ್ಪಷ್ಟವಾಗಿ ಉತ್ತರಿಸುವ ಕನ್ನಡ AI ಸಹಾಯಕ. ಬಳಕೆದಾರರ ಪ್ರಶ್ನೆ ಅಥವಾ ಸೂಚನೆಗೆ ಕನ್ನಡದಲ್ಲೇ ಸೂಕ್ತ ಉತ್ತರ ನೀಡಿ.

ಕೆಳಗಿನ ಇಂಗ್ಲಿಷ್ ಪ್ಯಾರಾಗ್ರಾಫ್ ಅನ್ನು ಕನ್ನಡದಲ್ಲಿ ಸಂಕ್ಷಿಪ್ತವಾಗಿ ಸಾರಾಂಶ ಮಾಡಿ.
ಕೇವಲ ಕನ್ನಡದಲ್ಲೇ ಉತ್ತರಿಸಿ.

ಪ್ಯಾರಾಗ್ರಾಫ್:
Local residents reported heavy blasts and gunfire at Baledogle airport in the southern Lower Shabelle region. The al-Shabab militant group said it had carried out the attack, using a car bomb to blast through the gates before sending its fighters inside. Military officials say the jihadists were repulsed without breaching the perimeter fence. No casualties were reported among the Somali military. In a statement, US Ambassador Donald Yamamoto praised the Somali military for their ""alertness and swift response"". ""This attack yet again demonstrates al-Shabab violently opposes progress towards peace and prosperity in Somalia,"" he said. Al-Shabab said in a statement it had launched the raid, adding: ""After breaching the perimeters of the heavily fortified base, the mujahideen [holy warriors] stormed the military complex, engaging the crusaders in an intense firefight."" The base, about 100km (60 miles) west of the capital Mogadishu, is said to house US special forces, Somali special forces and Ugandan peacekeepers. It is used as a launch site for US drones as well as being a training centre. US Somali operation shrouded in secrecy By Mary Harper, BBC World Service Africa editor The fact that al-Shabab managed to attack two foreign targets in a single day proves its enduring power, 13 years after it came into existence. It shows it is a well-coordinated force, with a sophisticated intelligence network. The assault on the US military training base at Baledogle airport will be an embarrassment to the Americans, who have stepped up drone attacks on al-Shabab since Donald Trump became president. The US military is also active on the ground in Somalia, training an elite group of Somali commandos known as The Shield and taking part in special operations, always shrouded in secrecy. Al-Shabab seems impervious to the multitude of forces ranged against it, from thousands of African Union troops, to Western and other foreign special forces, to a large if fractured Somali army. The group does far more than stage attacks on its enemies. It imposes fines and taxes, even in government-controlled areas. It provides effective - if brutal - judicial services, which are as popular with those living outside the areas it controls as those inside them. It is essentially a governing force, and is likely to remain so until the Somali government and its allies form a credible, functioning alternative. Read more from Mary:Somalia's network of Islamist spies Separately, an Italian military convoy was hit by an explosion in Mogadishu itself, Italy's defence ministry said. No casualties have as yet been reported in this attack.

ಕನ್ನಡ ಸಾರಾಂಶ:"
47,"Sridevi, 54, died of drowning in her hotel apartment's bathtub. Bollywood stars and politicians have reacted with shock to the news. The Dubai government has released a post-mortem report confirming the cause of death as accidental drowning. The full autopsy report will explain how the initial cardiac arrest was linked to the final cause of death. Sridevi had been in Dubai for her nephew's wedding when she suffered a heart attack and drowned. She was one of India's biggest female stars, known for her acting skills and box-office success.",ಸೂಪರ್ ಸ್ಟಾರ್ ಬಾಲಿವುಡ್ ನಟಿ ಶ್ರೀದೇವಿ ಕಪೂರ್‌ರವರು ಆಕಸ್ಮಿಕವಾಗಿ ನೀರಿನಲ್ಲಿ ಮುಳುಗಿ ಸಾವನ್ನಪ್ಪಿದ್ದಾರೆ ಎಂದು ದುಬೈನ ಮರಣೋತ್ತರ ಪರೀಕ್ಷೆಯ ವರದಿಯು ತಿಳಿಸಿದೆ.,0.0,"ನೀನು ಸಹಾಯಕ, ನಿಖರ ಮತ್ತು ಸ್ಪಷ್ಟವಾಗಿ ಉತ್ತರಿಸುವ ಕನ್ನಡ AI ಸಹಾಯಕ. ಬಳಕೆದಾರರ ಪ್ರಶ್ನೆ ಅಥವಾ ಸೂಚನೆಗೆ ಕನ್ನಡದಲ್ಲೇ ಸೂಕ್ತ ಉತ್ತರ ನೀಡಿ.

ಕೆಳಗಿನ ಇಂಗ್ಲಿಷ್ ಪ್ಯಾರಾಗ್ರಾಫ್ ಅನ್ನು ಕನ್ನಡದಲ್ಲಿ ಸಂಕ್ಷಿಪ್ತವಾಗಿ ಸಾರಾಂಶ ಮಾಡಿ.
ಕೇವಲ ಕನ್ನಡದಲ್ಲೇ ಉತ್ತರಿಸಿ.

ಪ್ಯಾರಾಗ್ರಾಫ್:
The 54-year-old actress, known simply as Sridevi, drowned in her hotel apartment's bathtub following loss of consciousness, it says. It had earlier been reported that she died of cardiac arrest on Saturday while at a family wedding in Dubai. Bollywood stars, sporting giants and leading politicians have reacted with shock to her death. The media arm of the Dubai government said the post-mortem analysis had been completed and the cause of death ascertained. The case has been passed to the Dubai Public Prosecution for what officials said were ""regular legal procedures"". The post-mortem report has been released by Dubai police to Sridevi's family and the Indian consulate, the Gulf News says. The paper said the report could mean a delay to the repatriation of the body. It had been expected to be flown home on Monday. Crowds have gathered outside Sridevi's home in Mumbai to pay their last respects ahead of a cremation. The Dubai government tweet did not reveal the results of any toxicology tests. The full post-mortem report has not yet been made public and will be expected to explain how the original report of cardiac arrest and the listing of ""accidental drowning"" are linked. The actress had been in the United Arab Emirates to attend the wedding of her nephew, Mohit Marwah. Few details had been given about the case prior to Monday's release of the cause of death. What has the reaction been to Sridevi's death? Why was she such a huge box-office draw? The star of such classics as Mr India, Chandni, ChaalBaaz and Sadma, Sridevi worked in the Tamil, Telugu, Malayalam, Kannada and Hindi languages. Her acting career began at the age of four and by 13 she was cast in the adult role of a woman avenging her lover's death. Sridevi debuted as a lead actress in a Bollywood film in 1978, soon becoming one of India's biggest film stars. She was considered one of the very few Indian female superstars capable of huge box-office success without the support of a male hero. The actress decided to take a break from the film industry after the release of Judaai in 1997. She made a comeback in 2012, starring in English Vinglish. In 2013, the Indian government awarded her the Padma Shri - the country's fourth-highest civilian honour. Other stories from the BBC today The snooker queen on top of the world K2 climber aborts 'suicidal' solo ascent Why China is censoring Winnie the Pooh again

ಕನ್ನಡ ಸಾರಾಂಶ:"
48,"ಕಾನೂನುಬಾಧೆಯು ದೈಹಿಕವಾಗಿ ದುರ್ಬಲ ಮತ್ತು ಬಡವರನ್ನು ಶಿಕ್ಷಿಸಲು ಕಾರಣವಾಗುತ್ತದೆ ಎಂದು ವರದಿಗಾರರು ತೋರಿಸುತ್ತಾರೆ. ಇದು ಅವರ ಜೀವನದ 'ಅಂತಿಮ' ಹಂತವಾಗಿದೆ, ಅಲ್ಲಿ ಅವರು ತಮ್ಮ ಜೀವನವನ್ನು ಕಳೆದುಕೊಳ್ಳಬಹುದು. ಇದು ಅವರ ದೈಹಿಕ ಕ್ಷೀಣತೆಯಿಂದಾಗಿ ಸಂಭವಿಸುತ್ತದೆ, ಆದರೆ ಇದು ಹೆಚ್ಚಾಗಿ ಅವರ ಸಾಮಾಜಿಕ-ಆರ್ಥಿಕ ಸ್ಥಿತಿಯಿಂದ ಉಂಟಾಗುತ್ತದೆ.

The report shows that the law is punishing the physically weak and poor. It is their 'final' stage in life where they can lose their lives. This is due to their physical frailty but it is largely caused by their socio-economic status.",ಜಪಾನ್‌ನ ಹಿರಿಯ ಅಪರಾಧ ಅಲೆಯ ಹಿಡಿತದಲ್ಲಿದೆ - 65 ವರ್ಷಕ್ಕಿಂತ ಮೇಲ್ಪಟ್ಟ ಜನರು ಮಾಡಿದ ಅಪರಾಧಗಳ ಪ್ರಮಾಣವು 20 ವರ್ಷಗಳಿಂದ ಸ್ಥಿರವಾಗಿ ಹೆಚ್ಚುತ್ತಿದೆ. ಬಿಬಿಸಿಯ ಎಡ್ ಬಟ್ಲರ್ ಏಕೆ ಎಂದು ಕೇಳುತ್ತಿದ್ದಾರೆ.,0.5421412300683371,"ನೀನು ಸಹಾಯಕ, ನಿಖರ ಮತ್ತು ಸ್ಪಷ್ಟವಾಗಿ ಉತ್ತರಿಸುವ ಕನ್ನಡ AI ಸಹಾಯಕ. ಬಳಕೆದಾರರ ಪ್ರಶ್ನೆ ಅಥವಾ ಸೂಚನೆಗೆ ಕನ್ನಡದಲ್ಲೇ ಸೂಕ್ತ ಉತ್ತರ ನೀಡಿ.

ಕೆಳಗಿನ ಇಂಗ್ಲಿಷ್ ಪ್ಯಾರಾಗ್ರಾಫ್ ಅನ್ನು ಕನ್ನಡದಲ್ಲಿ ಸಂಕ್ಷಿಪ್ತವಾಗಿ ಸಾರಾಂಶ ಮಾಡಿ.
ಕೇವಲ ಕನ್ನಡದಲ್ಲೇ ಉತ್ತರಿಸಿ.

ಪ್ಯಾರಾಗ್ರಾಫ್:
At a halfway house in Hiroshima - for criminals who are being released from jail back into the community - 69-year-old Toshio Takata tells me he broke the law because he was poor. He wanted somewhere to live free of charge, even if it was behind bars. ""I reached pension age and then I ran out of money. So it occurred to me - perhaps I could live for free if I lived in jail,"" he says. ""So I took a bicycle and rode it to the police station and told the guy there: 'Look, I took this.'"" The plan worked. This was Toshio's first offence, committed when he was 62, but Japanese courts treat petty theft seriously, so it was enough to get him a one-year sentence. Small, slender, and with a tendency to giggle, Toshio looks nothing like a habitual criminal, much less someone who'd threaten women with knives. But after he was released from his first sentence, that's exactly what he did. ""I went to a park and just threatened them. I wasn't intending to do any harm. I just showed the knife to them hoping one of them would call the police. One did."" Altogether, Toshio has spent half of the last eight years in jail. I ask him if he likes being in prison, and he points out an additional financial upside - his pension continues to be paid even while he's inside. ""It's not that I like it but I can stay there for free,"" he says. ""And when I get out I have saved some money. So it is not that painful."" Toshio represents a striking trend in Japanese crime. In a remarkably law-abiding society, a rapidly growing proportion of crimes is carried about by over-65s. In 1997 this age group accounted for about one in 20 convictions but 20 years later the figure had grown to more than one in five - a rate that far outstrips the growth of the over-65s as a proportion of the population (though they now make up more than a quarter of the total). And like Toshio, many of these elderly lawbreakers are repeat offenders. Of the 2,500 over-65s convicted in 2016, more than a third had more than five previous convictions. Another example is Keiko (not her real name). Seventy years old, small, and neatly presented, she also tells me that it was poverty that was her undoing. ""I couldn't get along with my husband. I had nowhere to live and no place to stay. So it became my only choice: to steal,"" she says. ""Even women in their 80s who can't properly walk are committing crime. It's because they can't find food, money."" We spoke some months ago in an ex-offender's hostel. I've been told she's since been re-arrested, and is now serving another jail-term for shoplifting. Find out more Japan's Elderly Crime Wave can be heard on Assignment on the BBC World Service from Thursday 31 January - click here for transmission times Or listen now online Theft, principally shoplifting, is overwhelmingly the biggest crime committed by elderly offenders. They mostly steal food worth less than 3,000 yen (£20) from a shop they visit regularly. Michael Newman, an Australian-born demographer with the Tokyo-based research house, Custom Products Research Group points out that the ""measly"" basic state pension in Japan is very hard to live on. In a paper published in 2016 he calculates that the costs of rent, food and healthcare alone will leave recipients in debt if they have no other income - and that's before they've paid for heating or clothes. In the past it was traditional for children to look after their parents, but in the provinces a lack of economic opportunities has led many younger people to move away, leaving their parents to fend for themselves. ""The pensioners don't want to be a burden to their children, and feel that if they can't survive on the state pension then pretty much the only way not to be a burden is to shuffle themselves away into prison,"" he says. The repeat offending is a way ""to get back into prison"" where there are three square meals a day and no bills, he says. ""It's almost as though you're rolled out, so you roll yourself back in."" Newman points out that suicide is also becoming more common among the elderly - another way for them to fulfil what he they may regard as ""their duty to bow out"". The director of ""With Hiroshima"", the rehabilitation centre where I met Toshio Takata, also thinks changes in Japanese families have contributed to the elderly crime wave, but he emphasises the psychological consequences not the financial ones. ""Ultimately the relationship among people has changed. People have become more isolated. They don't find a place to be in this society. They cannot put up with their loneliness,"" says Kanichi Yamada, an 85-year-old who as a child was pulled out of the rubble of his home when the atomic bomb was dropped on Hiroshima. ""Among the elderly who commit crimes a number have this turning point in their middle life. There is some trigger. They lose a wife or children and they just can't cope with that... Usually people don't commit crime if they have people to look after them and provide them with support."" Toshio's story about being driven to crime as a result of poverty is just an ""excuse"", Kanichi Yamada suggests. The core of the problem is his loneliness. And one factor that may have prompted him to reoffend, he speculates, was the promise of company in jail. It's true that Toshio is alone in the world. His parents are dead, and he has lost contact with two older brothers, who don't answer his calls. He has also lost contact with his two ex-wives, both of whom he divorced, and his three children. I ask him if he thinks things would have turned out differently if he'd had a wife and family. He says they would. ""If they had been around to support me I wouldn't have done this,"" he says. Michael Newman has watched as the Japanese government has expanded prison capacity, and recruited additional female prison guards (the number of elderly women criminals is rising particularly fast, though from a low base). He's also noted the steeply rising bill for medical treatment of people in prison. You might also be interested in... The plight of Japan's modern hermits I hire a man to pretend to be my daughter's dad - and she doesn't know The Japanese men who prefer virtual girlfriends to sex There have been other changes too, as I see for myself at a prison in Fuchu, outside Tokyo, where nearly a third of the inmates are now over 60. There's a lot of marching inside Japanese prisons - marching and shouting. But here the military drill seems to be getting harder to enforce. I see a couple of grey-haired inmates at the back of one platoon struggling to keep up. One is on crutches. ""We have had to improve the facilities here,"" Masatsugu Yazawa, the prison's head of education tells me. ""We've put in handrails, special toilets. There are classes for older offenders."" He takes me to watch one of them. It begins with a karaoke rendition of a popular song, The Reason I was Born, all about the meaning of life. The inmates are encouraged to sing along. Some look quite moved. ""We sing to show them that the real life is outside prison, and that happiness is there,"" Yazawa says. ""But still they think the life in prison is better and many come back."" Michael Newman argues that it would be far better - and much cheaper - to look after the elderly without the expense of court proceedings and incarceration. ""We actually costed a model to build an industrial complex retirement village where people would forfeit half their pension but get free food, free board and healthcare and so on, and get to play karaoke or gate-ball with the other residents and have a relative amount of freedom. It would cost way less than what the government's spending at the moment,"" he says. But he also suggests that the tendency for Japanese courts to hand down custodial sentences for petty theft ""is slightly bizarre, in terms of the punishment actually fitting the crime"". ""The theft of a 200-yen (£1.40) sandwich could lead to an 8.4m-yen (£58,000) tax bill to provide for a two-year sentence,"" he writes in his 2016 report. That may be a hypothetical example, but I met one elderly jailbird whose experience was almost identical. He'd been given a two-year jail term for only his second offence: stealing a bottle of peppers worth £2.50. And I heard from Morio Mochizuki, who provides security for some 3,000 retail outlets in Japan, that if anything the courts are getting tougher on shoplifters. ""Even if they only stole one piece of bread,"" says Masayuki Sho of Japan's Prison Service, ""it was decided at trial that it is appropriate for them to go to prison, therefore we need to teach them the way: how to live in society without committing crime."" I don't know whether the prison service has taught Toshio Takata this lesson, but when I ask him if he is already planning his next crime, he denies it. ""No, actually this is it,"" he says. ""I don't want to do this again, and I will soon be 70 and I will be old and frail the next time. I won't do that again."" More from BBC Stories: Just over a year ago, Greek pilot Vasileios Vasileiou checked into a luxury hilltop hotel in Kabul. The Intercontinental was popular with foreign visitors - which is why, on 20 January, Taliban gunmen stormed it, killing at least 40 people. Vasileios explains how he survived. 'The bed that saved me from the Taliban' Join the conversation - find us on Facebook, Instagram, YouTube and Twitter.

ಕನ್ನಡ ಸಾರಾಂಶ:"
49,"ಬ್ಯಾಕ್‌ಟನ್‌ಗಳು (Back-to-the-future)
Stock markets have bounced back from steep drops in March. The Nasdaq has seen a huge rise since the start of the year, but just five companies - Google, Apple, Microsoft, Amazon and Facebook - have almost the same value as the remaining 95 combined. This means that a good year for tech companies has masked a bad year for airlines. Investors are banking on vaccines to get growth back to normal. Money is cheap, which boosts valuations of financial assets. The dominance of a few big companies in an index has coincided with the rise of passive investing, where pensioners and speculators can buy funds tracking indexes. This means that when investors buy these funds, they buy the underlying shares and help give prices a boost.","ಪ್ರಪಂಚದಾದ್ಯಂತ, ಲಕ್ಷಾಂತರ ಜನರು ತಮ್ಮ ಉದ್ಯೋಗವನ್ನು ಕಳೆದುಕೊಂಡಿದ್ದಾರೆ ಅಥವಾ ಮನೆಯಲ್ಲಿಯೇ ಇರಲು ಅವರ ಸರ್ಕಾರಗಳಿಂದ ಹಣ ಪಡೆದಿದ್ದಾರೆ.",0.018779342723004695,"ನೀನು ಸಹಾಯಕ, ನಿಖರ ಮತ್ತು ಸ್ಪಷ್ಟವಾಗಿ ಉತ್ತರಿಸುವ ಕನ್ನಡ AI ಸಹಾಯಕ. ಬಳಕೆದಾರರ ಪ್ರಶ್ನೆ ಅಥವಾ ಸೂಚನೆಗೆ ಕನ್ನಡದಲ್ಲೇ ಸೂಕ್ತ ಉತ್ತರ ನೀಡಿ.

ಕೆಳಗಿನ ಇಂಗ್ಲಿಷ್ ಪ್ಯಾರಾಗ್ರಾಫ್ ಅನ್ನು ಕನ್ನಡದಲ್ಲಿ ಸಂಕ್ಷಿಪ್ತವಾಗಿ ಸಾರಾಂಶ ಮಾಡಿ.
ಕೇವಲ ಕನ್ನಡದಲ್ಲೇ ಉತ್ತರಿಸಿ.

ಪ್ಯಾರಾಗ್ರಾಫ್:
By Howard Mustoe & Daniele PalumboBusiness reporters Yet stock markets have bounced back from steep drops in March. The most striking gains have been made in the US, with the tech-heavy Nasdaq up a whopping 42% and the wider S&P 500 up 15% on the year. But the UK's FTSE 100, with its struggling oil companies, banks and airlines, all of which were whacked by the pandemic, has not had such an easy time. While it is still down 14% since the start of the year, it has seen a steady rise over the last few months and received a recent boost after a trade deal with the EU was reached and another vaccine was approved. In Japan, shares bounced back after a vaccine was found, with pharmaceutical stocks and gaming companies leading the way. Some of the growth is down to the way we measure the performance of stock markets, and some might be down to some overenthusiasm, according to investors. There is also the matter of the amount of money central banks are creating, they say. And finally, there are some small reasons for optimism. An important thing to consider is that stock market prices aren't just about the here and now, says Sue Noffke, head of UK equities at money manager Schroders. ""Stock markets look forward so they are a bit like driving a car - you have your eyes on the horizon, rather than the pothole that's in front of you,"" she says. Investors are banking on the success of the various new vaccines that have been approved or are in development in getting growth and sales back to normal. Cheap money They are also factoring in cheap borrowing, which is a boon for businesses. There is also all the money being created by central banks, and the effect that is having. The Bank of England alone plans to buy £895bn of government and corporate bonds with new money, via quantitative easing (QE). Since March the US Fed has bought more than $3 trillion (£2.25tn) of assets. These purchases are part of an effort to keep borrowing costs low, and while this new money enters the economy as purchased bonds, it has the effect of driving up prices elsewhere. ""Money has become cheaper, and cheaper money boosts the valuations of financial assets and that is what we have seen globally supporting the stock market,"" says Ms Noffke. Five dominate When we look at the performance of markets, we are typically looking at an index, which is a group of companies lumped together. The growth - or otherwise - of large companies has a bigger effect on the index's value than the movements of smaller ones. But of late, especially in the US, the larger ones have become very, very large. This means that a good year for tech companies, whose earnings have grown as more people work remotely, has masked a bad year for firms like airlines. The Nasdaq, for instance, has seen a huge rise since the start of the year. But just five companies - Google owner Alphabet, Apple, Microsoft, Amazon and Facebook - have almost the same value as the remaining 95 combined. ""So you look at the performance of the index, and you would think that coronavirus had not really impacted the US economy at all,"" says Ms Noffke. ""And that's clearly not the case. So it's not necessarily representative."" 10-year trend The dominance of a few big companies in an index has coincided with the rise of so-called passive investing, where pensioners, money managers and speculators can buy a cheap investment fund that tracks an index. Hence, when investors buy these funds, they buy the underlying shares and help give prices a boost. ""What you can see for the last 10 years is an outflow of money from active funds into passive funds and that didn't change with the pandemic,"" says Johannes Petry, a post-doctoral researcher in financial markets at the University of Warwick. He says the companies that oversee these indexes, which companies go in them, and therefore which ones benefit when someone invests in a FTSE 100 fund or Nasdaq fund, have growing power because of this. While many companies join an index or leave it because of their size, this is not always the case, and index setters' rules can mean that big companies, like online retailer Boohoo for instance, aren't part of large indexes like the FTSE 100. For example, he says, electric car maker Tesla, which entered the S&P 500 index this month, is estimated to have generated an extra $100bn of demand for its shares as funds scramble to buy them. Nervous? That being said, things might be ready for a drop, says Joe Saluzzi, a partner at brokerage firm Themis Trading. ""Every day is a rally and everyone's shaking their heads,"" he says. While plenty of investors think that markets can't keep rising forever, it's hard to tell when a drop will come. He says he watches an indicator published by CNN called the Fear & Greed index. It was as high as 92 a month ago, indicating ""extreme greed"", although it has since fallen. ""When I see that it tells me people aren't really nervous and they should be,"" says Mr Saluzzi. Another pointer he watches is the ratio of bets that the market will rise compared to bets that it will fall. Recently, rising bets outweighed falling bets by the most since 2012. ""A big mistake people make is they go through the analysis we just did, we come to the conclusion that we are priced too high, I have to get out,"" he says. ""They say, 'But I'm smarter than the market.' No you're not. Nobody is."" There are a few reasons for markets to carry on their run, says Ms Noffke, at least for a while. Plenty of people who have kept their jobs have been spending much less and will want to have some fun and make some purchases once they can, she says. Governments are unlikely to return to the austerity measures seen in the wake of the last crisis, she adds. But when markets do drop, it will be interesting to see how investors react, says Mr Saluzzi, especially younger ones who have mainly experienced a market that goes up and recovers quickly. They are a small but active part of the market. ""They are not battle-tested. They haven't been in the markets that long,"" he says. ""It gets ugly quick.""

ಕನ್ನಡ ಸಾರಾಂಶ:"
50,"NSW ನಲ್ಲಿ ಭಾರಿ ಮಳೆಯು ದೈತ್ಯ ಉಪಾಯವಾಗಿದೆ. ಇದು 391mm ಮಳೆ ಮತ್ತು 100,000 ಮನೆಗಳ ವಿದ್ಯುತ್‌ಗೆಯನ್ನು ಕಡಿತಗೊಳಿಸಿತು. ಇದು 17 ಬೆಂಕಿಯನ್ನು ಇರಿಸಲು ಸಹಾಯ ಮಾಡಿದೆ ಆದರೆ 500,000 ಹೆಕ್ಟೇರ್‌ಗಳನ್ನು ಸುಟ್ಟುಹೋಗಿದೆ. ಇದು 30 ಬೆಂಕಿಯನ್ನು ಇರಿಸಲು ಕಾರಣವಾಗಿದೆ. ಇದು NSW ನಲ್ಲಿನ ಅತ್ಯಂತ ಜನನಿಬಿಡ ರಾಜ್ಯವಾಗಿದೆ. ಜನರು ಮಳೆಯನ್ನು ಆಚರಿಸುತ್ತಿದ್ದಾರೆ, ಇದು ದೀರ್ಘಕಾಲದ ಬರಗಾಲದ ನಂತರದ ಭಾರಿ ಉಪಾಯವಾಗಿದೆ.","ಸಿಡ್ನಿಗೆ 30 ವರ್ಷಗಳಲ್ಲಿ ಅತಿ ಹೆಚ್ಚಿನ ಮಳೆಯು ಅಪ್ಪಳಿಸಿದೆ, ಇದು ವ್ಯಾಪಕವಾದ ಪ್ರವಾಹವನ್ನು ತಂದಿದೆ, ಆದರೆ ನ್ಯೂ ಸೌತ್ ವೇಲ್ಸ್‌ನಲ್ಲಿ ಎರಡು ಬೃಹತ್ ಕಾಡ್ಗಿಚ್ಚುಗಳನ್ನು ನಂದಿಸಿದೆ.",0.8716216216216216,"ನೀನು ಸಹಾಯಕ, ನಿಖರ ಮತ್ತು ಸ್ಪಷ್ಟವಾಗಿ ಉತ್ತರಿಸುವ ಕನ್ನಡ AI ಸಹಾಯಕ. ಬಳಕೆದಾರರ ಪ್ರಶ್ನೆ ಅಥವಾ ಸೂಚನೆಗೆ ಕನ್ನಡದಲ್ಲೇ ಸೂಕ್ತ ಉತ್ತರ ನೀಡಿ.

ಕೆಳಗಿನ ಇಂಗ್ಲಿಷ್ ಪ್ಯಾರಾಗ್ರಾಫ್ ಅನ್ನು ಕನ್ನಡದಲ್ಲಿ ಸಂಕ್ಷಿಪ್ತವಾಗಿ ಸಾರಾಂಶ ಮಾಡಿ.
ಕೇವಲ ಕನ್ನಡದಲ್ಲೇ ಉತ್ತರಿಸಿ.

ಪ್ಯಾರಾಗ್ರಾಫ್:
Australia's weather agency said 391.6mm of rain had fallen in the past four days in Sydney, more than three times the average rainfall for February. About 100,000 homes are without power, and officials have warned flash floods could be life-threatening. But the rainfall means only 17 fires are still burning across the state. The NSW Rural Fire Service (RFS) said on Monday afternoon that the rains had extinguished more than 30 fires over the weekend, calling it ""the most positive news we've had in some time"". The latest to be declared out is the Gospers Mountain blaze, north-west of Sydney. Since October it has burned 512,000 hectares, and was considered a mega-blaze that was ""too big to put out"". On Sunday, the Currowan fire, around the town of Shoalhaven, was also put out. It had burned for 74 days, destroying nearly 500,000 hectares and 312 homes. However, the Bureau of Meteorology (BoM) has warned that fire-hit areas can be particularly prone to flooding, and that fast-moving waters can carry large amounts of debris. Water supplies in the region have also been replenished, after years of drought. The Warragamba Dam, which supplies most of Sydney's water, is heading towards being 70% full, says WaterNSW. At the end of last week it was at only 42% after one of the driest years on record. 'Huge reprieve' for firefighters From #NSWFires to #NSWFloods... the state has gone from one wave of extreme weather to another. But despite the massive disruptions, many people have been celebrating the heavy rainfall, posting videos on social media cheering it on as it thrashed the city. This has been a devastating summer for eastern and southern Australia. While I was out reporting the bushfires in recent months, I'd ask firefighters what was needed to tackle the fires. They would tell me about creating containment lines, and the importance of hazard reductions. Then almost all of them would look at the sky and tell me what they really needed was rain. Lots of it. And now, after they've put in so much work on the ground, the weather has given them what they asked for. Thirty out of 60 blazes in NSW have now been put out - a huge reprieve for the volunteer firefighters who have not stopped working for months. A severe weather warning is now in place for the entire coast of NSW, Australia's most populous state. In Sydney alone, at least 200 people were rescued by emergency services over the weekend. ""Everywhere has been hit, it's hard to pinpoint where it's worst,"" said Matt Kirby, spokesman for the State Emergency Services (SES). Several people have been injured, including four who were inside a car which was crushed by a falling tree in the city centre on Sunday afternoon. On Monday morning, emergency services were searching for one man believed to have been swept off a bridge in his car. Rail and ferry services in Sydney were also disrupted, with several platforms at one of Sydney's main stations, Central, left underwater. Dozens of schools have been closed. The state emergency minister David Elliott urged Sydney residents to help rescue services by taking warnings seriously, staying away from flooding and keeping off the roads if possible. Emergency services had advised people to stay home from work on Monday to avoid the disruption. Thousands of people in low-lying areas of the city have been told to leave or get ready to leave their homes. The Northern Beaches area has already seen significant damage, with several metres of beach being washed away in places. On Sunday night, people living around the Narrabeen Lagoon, a low-lying area in northern Sydney, were told to evacuate before roads became impassable. Waves more than 5m high have lashed the coast in areas like Collaroy, just south of Narrabeen, stripping away front gardens facing the sea. While it had stopped raining in central Sydney on Monday, more rain is forecast for the week. Government agencies have warned that high tides forecast for the coming days - known as king tides - could further worsen the flooding.

ಕನ್ನಡ ಸಾರಾಂಶ:"
51,"MSF (Médecins Sans Frontières) ನ ಸಮೀಕ್ಷೆಯು 25 अगस्त ಮತ್ತು 24 सितंबरದ ನಡುವೆ 6,700 మంది ರಹಾಗ್‌ನ್‌ಗಿಗಳ ಸಾವಿಗೆ ಕಾರಣವಾದ ಕನಿಷ್ಠ 9,000 ಸಾವುಗಳನ್ನು ಪತ್ತೆಹಚ್ಚಿದೆ ಎಂದು ಹೇಳುತ್ತದೆ. ಇದು ICC ಗೆ ಕ್ರಿಮಿನಲ್‌ಟ್‌ಗೆಸ್‌‌ಅನ್‌‌ಕನ್‌ಮನ್‌‌ಟಿಟಿ‌ಟ್‌‌ಟ್‌‌ಟ್‌‌ಟ್‌‌ಟ್‌‌ಟ್‌‌ಟ್‌‌ಟ್‌‌ಟ್‌‌ಟ್‌‌ಟ್‌‌ಟ್‌‌ಟ್‌‌ಟ್‌‌ಟ್‌‌ಟ್‌‌ಟ್‌‌ಟ್‌‌ಟ್‌‌ಟ್‌‌ಟ್‌‌ಟ್‌‌ಟ್‌‌ಟ್‌‌ಟ್‌‌ಟ್‌‌ಟ್‌‌ಟ್‌‌ಟ್‌‌ಟ್‌‌ಟ್‌‌ಟ್‌‌ಟ್‌‌ಟ್‌‌","ಆಗಸ್ಟ್‌ನಲ್ಲಿ ಮ್ಯಾನ್ಮಾರ್‌ನಲ್ಲಿ ಹಿಂಸಾಚಾರ ಭುಗಿಲೆದ್ದ ನಂತರ ತಿಂಗಳಲ್ಲಿ ಕನಿಷ್ಠ 6,700 ರೋಹಿಂಗ್ಯಾಗಳನ್ನು ಕೊಲ್ಲಲಾಗಿದೆ ಎಂದು ಮೆಡೆಸಿನ್ಸ್ ಸಾನ್ಸ್ ಫ್ರಾಂಟಿಯರ್ಸ್ (MSF) ಹೇಳಿದೆ.",0.5718654434250765,"ನೀನು ಸಹಾಯಕ, ನಿಖರ ಮತ್ತು ಸ್ಪಷ್ಟವಾಗಿ ಉತ್ತರಿಸುವ ಕನ್ನಡ AI ಸಹಾಯಕ. ಬಳಕೆದಾರರ ಪ್ರಶ್ನೆ ಅಥವಾ ಸೂಚನೆಗೆ ಕನ್ನಡದಲ್ಲೇ ಸೂಕ್ತ ಉತ್ತರ ನೀಡಿ.

ಕೆಳಗಿನ ಇಂಗ್ಲಿಷ್ ಪ್ಯಾರಾಗ್ರಾಫ್ ಅನ್ನು ಕನ್ನಡದಲ್ಲಿ ಸಂಕ್ಷಿಪ್ತವಾಗಿ ಸಾರಾಂಶ ಮಾಡಿ.
ಕೇವಲ ಕನ್ನಡದಲ್ಲೇ ಉತ್ತರಿಸಿ.

ಪ್ಯಾರಾಗ್ರಾಫ್:
Based on surveys of refugees in Bangladesh, the number is much higher than Myanmar's official figure of 400. MSF said it was ""the clearest indication yet of the widespread violence"" by Myanmar authorities. The Myanmar military blames the violence on ""terrorists"" and has denied any wrongdoing. More than 647,000 Rohingya have fled into Bangladesh since August, MSF says. The aid group's survey found that at least 9,000 Rohingya died in Myanmar, also known as Burma, between 25 August and 24 September. ""In the most conservative estimations"" at least 6,700 of those deaths have been caused by violence, including at least 730 children under the age of five, according to MSF. Previously, the armed forces stated that around 400 people had been killed, most of them described as Muslim terrorists. A case for the International Criminal Court? Jonathan Head, South East Asia correspondent There have been plenty of detailed reports by journalists and researchers, based on interviews conducted with refugees, which make it hard to dispute that terrible human rights abuses took place at the hands of the security forces. But many of these reports focussed on the worst cases; there are several media reports about a massacre at one village called Tula Toli. Some Rohingya I interviewed told me they had fled in fear of violence, but had not actually experienced it. This well-researched figure by MSF suggests the operation conducted by the military was brutal enough to raise the possibility of taking a case to the International Criminal Court (ICC) for crimes against humanity. The problem would be that Myanmar has not ratified the Rome Statute of the ICC and is not bound to co-operate with it. Bringing a case would require the approval of all five permanent members of the UN Security Council, and China has until now given its full support to the Myanmar government's handling of the crisis. The military crackdown began on 25 August after Rohingya Arsa militants attacked more than 30 police posts. After an internal investigation, the Myanmar army in November exonerated itself of any blame regarding the crisis. It denied killing any civilians, burning their villages, raping women and girls, and stealing possessions. The mostly Muslim minority are denied citizenship by Myanmar, where they are seen as immigrants from Bangladesh. The government does not use the term Rohingya but calls them Bengali Muslims. The government's assertions contradicted evidence seen by BBC correspondents. The United Nations human rights chief has said it seems like ""a textbook example of ethnic cleansing"". ""What we uncovered was staggering, both in terms of the numbers of people who reported a family member died as a result of violence, and the horrific ways in which they said they were killed or severely injured,"" MSF Medical Director Sidney Wong said. According to MSF: Among the dead children below the age of five, MSF says more than 59% were reportedly shot, 15% burnt to death, 7% beaten to death and 2% killed by landmine blasts. ""The numbers of deaths are likely to be an underestimation as we have not surveyed all refugee settlements in Bangladesh and because the surveys don't account for the families who never made it out of Myanmar,"" Mr Wong said. In November, Bangladesh signed a deal with Myanmar to return hundreds of thousands of the refugees. MSF said the agreement was ""premature"" pointing out that ""currently people are still fleeing"" and reports of violence have come even in recent weeks. The group also warned there was still very limited access for aid groups into Rakhine state. The Rohingya are a stateless Muslim minority who have long experienced persecution in Myanmar.

ಕನ್ನಡ ಸಾರಾಂಶ:"
52,"Abdul Majed, 73, was executed on Tuesday for his role in the assassination of Sheikh Mujibur Rahman. He had been sentenced to death in 1998 after fleeing India and returning to Bangladesh. His execution came just four years after Bangladesh gained independence from Pakistan.",1975 ರಲ್ಲಿ ಬಾಂಗ್ಲಾದೇಶದ ಸ್ವಾತಂತ್ರ್ಯ ನಾಯಕರನ್ನು ಕೊಂದ ಮಾಜಿ ಸೇನಾಧಿಕಾರಿಯನ್ನು ಗಲ್ಲಿಗೇರಿಸಲಾಗಿದೆ.,0.0,"ನೀನು ಸಹಾಯಕ, ನಿಖರ ಮತ್ತು ಸ್ಪಷ್ಟವಾಗಿ ಉತ್ತರಿಸುವ ಕನ್ನಡ AI ಸಹಾಯಕ. ಬಳಕೆದಾರರ ಪ್ರಶ್ನೆ ಅಥವಾ ಸೂಚನೆಗೆ ಕನ್ನಡದಲ್ಲೇ ಸೂಕ್ತ ಉತ್ತರ ನೀಡಿ.

ಕೆಳಗಿನ ಇಂಗ್ಲಿಷ್ ಪ್ಯಾರಾಗ್ರಾಫ್ ಅನ್ನು ಕನ್ನಡದಲ್ಲಿ ಸಂಕ್ಷಿಪ್ತವಾಗಿ ಸಾರಾಂಶ ಮಾಡಿ.
ಕೇವಲ ಕನ್ನಡದಲ್ಲೇ ಉತ್ತರಿಸಿ.

ಪ್ಯಾರಾಗ್ರಾಫ್:
Abdul Majed was hanged in the capital Dhaka after his appeal for presidential clemency was rejected this week. He was arrested on Tuesday after spending 25 years on the run for the assassination of Sheikh Mujibur Rahman. Rahman - the father of the current prime minister, Sheikh Hasina - was killed during a military coup in 1975, along with most of his family. His death came just four years after Bangladesh gained independence from Pakistan. Majed continued to live in the country after the coup but it is believed he fled to India in 1996 when Mrs Hasina was elected prime minister. Her government overturned a law protecting her father's killers from prosecution, and in 1998 Majed and a dozen other army officers were sentenced to death. Bangladesh's supreme court upheld the verdict in 2009 and five of the killers were executed soon afterwards. Majed was arrested after returning to the country last month.

ಕನ್ನಡ ಸಾರಾಂಶ:"
53,"Yantai ಗಮ್ಯಸ್ಥಾನದ ಮೈನ್‌ಗೆ ಭಾನುವಾರ ಸಂಜೆ 11 ರಕ್ಷಕರು ತಲುಪಿದರು. ಅವರು 12ನೇ ಗಣಕ್ಕೆ (Sixth Central Section) ಪ್ರವೇಶಿಸಿದರು, ಅಲ್ಲಿ 11 ಗಣಗಳು ಇದ್ದವು. 17 ನೇಂದು, ಅವರು 12ನೇ ಗಣದಲ್ಲಿನ 11ರೊಂದಿಗೆ ಸಂಪರ್ಕವನ್ನು ಕಳೆದುಕೊಂಡರು. 10 ಜನರನ್ನು ರಕ್ಷಿಸಲಾಯಿತು, ಆದರೆ 9 ಮರಣ ಹೊಂದಿದ್ದರು. 12ನೇ ಗಣದ 11ರಲ್ಲಿ ಒಬ್ಬರು (ಕಮಾ ಸ್ಥಿತಿ) ಮತ್ತು 10ನೇ ಗಣದ 11ರಲ್ಲಿ ಒಬ್ಬರು (ಕಣ್ಣಿನ ಗಾಯ) ಸಾವನ್ನಪ್ಪಿದರು. 17 ನೇಂದು, ಅವರು ಸಾ",ಶಾಂಡೋಂಗ್ ಪ್ರಾಂತ್ಯದಲ್ಲಿರುವ ಚಿನ್ನದ ಗಣಿಯಲ್ಲಿ ಎರಡು ವಾರಗಳು ಸಿಲುಕಿದ್ದ ತಮ್ಮ 11 ಸಹೋದ್ಯೋಗಿಗಳನ್ನು ರಕ್ಷಿಸಿದ ದಿನದ ನಂತರ ಒಂಬತ್ತು ಚೈನೀಸ್ ಗಣಿಗಾರರು ಶವವಾಗಿ ಪತ್ತೆಯಾಗಿದ್ದಾರೆ.,0.7877813504823151,"ನೀನು ಸಹಾಯಕ, ನಿಖರ ಮತ್ತು ಸ್ಪಷ್ಟವಾಗಿ ಉತ್ತರಿಸುವ ಕನ್ನಡ AI ಸಹಾಯಕ. ಬಳಕೆದಾರರ ಪ್ರಶ್ನೆ ಅಥವಾ ಸೂಚನೆಗೆ ಕನ್ನಡದಲ್ಲೇ ಸೂಕ್ತ ಉತ್ತರ ನೀಡಿ.

ಕೆಳಗಿನ ಇಂಗ್ಲಿಷ್ ಪ್ಯಾರಾಗ್ರಾಫ್ ಅನ್ನು ಕನ್ನಡದಲ್ಲಿ ಸಂಕ್ಷಿಪ್ತವಾಗಿ ಸಾರಾಂಶ ಮಾಡಿ.
ಕೇವಲ ಕನ್ನಡದಲ್ಲೇ ಉತ್ತರಿಸಿ.

ಪ್ಯಾರಾಗ್ರಾಫ್:
The Yantai city mayor confirmed the deaths, state broadcaster CCTV said. One miner remains missing. Another died last week after falling into a coma. The miners became trapped in the Hushan mine when the entrance to the tunnel collapsed after a blast on 10 January. There was joy on Sunday after the 11 were brought to the surface. ""From Sunday afternoon to this afternoon, rescue workers have not stopped searching, and found a further nine trapped miners who unfortunately all died,"" Yantai Mayor Chen Fei told a briefing on Monday. ""Along with one miner who died on Thursday, the bodies of the nine deceased miners were all lifted out of the mine."" How did rescuers reach the miners? Rescue efforts had been expected to take weeks, but took a ""big step forwards"" on Sunday morning when ""a huge obstacle blocking the well suddenly fell to the bottom of the shaft,"" lead rescue worker Du Bingjian told the state-run Global Times. The first man to be rescued had been trapped in a different part of the gold mine to the main group of 10. TV footage showed him being lifted out as emergency workers cheered. He was blindfolded to protect his eyes from the light and was immediately taken to hospital for treatment, with his condition described as ""extremely weak"". About an hour after his rescue, 10 more miners were brought out from a different section of the mine. CCTV said one of them was injured. Several others were seen walking by themselves, supported by rescue workers, before being transported to hospital. The nine dead miners were believed to have been in the ""Sixth Central Section"" of the mine, but details of how they were located are not yet known. How did the survivors cope? The miners had been working 600m (2,000ft) beneath the surface when the unexplained explosion happened, severely damaging entry to the mine and cutting off communication. For a week, there was no sign of life. Then, on 17 January, rescuers felt a pull on one of the ropes they were lowering into small shafts leading down into the dark. A paper note was then sent up on a rope from a group of 12 surviving miners - 11 trapped in one place and a 12th trapped further below. After that, the contact with the 12th miner was lost, while one of the group of 11, who had fallen into a coma after sustaining a head wound in the explosion, was confirmed dead on Thursday. A communication line was established and food and medicine were lowered down through a narrow shaft. The miners received porridge and nutritional liquids, and a few days before their rescue, requested a traditional meal of sausages. Mining accidents are not uncommon in China, where the industry safety regulations can be poorly enforced. In December last year, 23 miners died after a carbon monoxide leak at a coal mine. In September, 16 workers were killed at another mine on the outskirts of Chongqing, also due to carbon monoxide. In December 2019, an explosion at a coal mine in Guizhou province, south-west China, killed at least 14 people.

ಕನ್ನಡ ಸಾರಾಂಶ:"
54,"Shahrzad Rafati, 13 ರವಲಿದ್ದಾಗ, ತನ್ನ ಭವಿಷ್ಯವನ್ನು ರೂಪಿಸಲು ನಿರ್ಧರಿಸಿದವರು. ಇರಾನಿನಂತಹ ದೇಶದಲ್ಲಿ, ಅವರು ತಮ್ಮ ಕನಸುಗಳನ್ನು ನನಸಾಗಿಸುವುದನ್ನು ನಿರಾಕರಿಸಿದರು. 17 ನೇ ವಯಸ್ಸಿನಲ್ಲಿ, ಅವರ ದೈರ್ಘಕಾಲದ ಶ್ರಮವು ಮತ್ತು ವಿಶ್ವಾಸವು, ತಮಗೆ ಅವಕಾಶ ನೀಡಲು ತಮ್ಮ ಪೋಷಕರನ್ನು ಒಪ್ಪಿಸಲು ಕಾರಣವಾಯಿತು. 1996 ರಲ್ಲಿ, ಅವರು ಕೇವಲ ಒಂದು ಹೂಪಿನೊಂದಿಗೆ (suitcase) ವೆನೆಜುವೆಲ್ಲಾಕ್ಕೆ (Vancouver) ಪ್ರಯಾಣಿಸಿದರು. ಇಂಗ್ಲಿಷ್‌ನಲ್ಲಿನ ಅವರ ಅರಿವು ಸೀಮಿತವಾಗಿತ್ತು. ""I couldn't communicate what I wanted",ಬಿಬಿಸಿಯ ಸಾಪ್ತಾಹಿಕ ದಿ ಬಾಸ್ ಸರಣಿಯು ಪ್ರಪಂಚದಾದ್ಯಂತದ ವಿವಿಧ ವ್ಯಾಪಾರ ನಾಯಕರನ್ನು ಪ್ರೊಫೈಲ್ ಮಾಡುತ್ತದೆ. ಈ ವಾರ ನಾವು ಇಂಟರ್ನೆಟ್ ವೀಡಿಯೊ ತಂತ್ರಜ್ಞಾನ ಸಂಸ್ಥೆ BroadbandTV (BBTV) ಸಂಸ್ಥಾಪಕರು ಮತ್ತು ಮುಖ್ಯಸ್ಥರಾದ ಶಹರ್ಜಾದ್ ರಫಾತಿ ಅವರ ಜೊತೆಗೆ ಮಾತನಾಡುತ್ತೇವೆ.,0.767379679144385,"ನೀನು ಸಹಾಯಕ, ನಿಖರ ಮತ್ತು ಸ್ಪಷ್ಟವಾಗಿ ಉತ್ತರಿಸುವ ಕನ್ನಡ AI ಸಹಾಯಕ. ಬಳಕೆದಾರರ ಪ್ರಶ್ನೆ ಅಥವಾ ಸೂಚನೆಗೆ ಕನ್ನಡದಲ್ಲೇ ಸೂಕ್ತ ಉತ್ತರ ನೀಡಿ.

ಕೆಳಗಿನ ಇಂಗ್ಲಿಷ್ ಪ್ಯಾರಾಗ್ರಾಫ್ ಅನ್ನು ಕನ್ನಡದಲ್ಲಿ ಸಂಕ್ಷಿಪ್ತವಾಗಿ ಸಾರಾಂಶ ಮಾಡಿ.
ಕೇವಲ ಕನ್ನಡದಲ್ಲೇ ಉತ್ತರಿಸಿ.

ಪ್ಯಾರಾಗ್ರಾಫ್:
By Andreane WilliamsBusiness reporter Shahrzad Rafati was only 13 when she decided she would one day build a global business. She also knew that she wouldn't be able to achieve her dream if she stayed in her native Iran. So at the age of 17 her drive and confidence managed to persuade her parents to let her move by herself to Vancouver to go to university. Shahrzad arrived in the city on Canada's Pacific coast in 1996 with just one suitcase, and only a limited grasp of English. ""I couldn't communicate what I wanted to say [when I arrived], and I think that was probably the biggest challenge,"" she says. ""But I was determined to make a success out of my life."" Today the 40-year-old continues to run BBTV, a company that helps firms around the world secure advertising revenues from videos on YouTube, Facebook and other websites and apps. Launched by Shahrzad in 2005, its high-profile clients include everyone from the National Basketball Association, to Sony, Warner Bros and Disney. Canadian newspapers have speculated that the business is worth more than $1bn (£760m). ""It's important for entrepreneurs to think as big as possible,"" she says. Shahrzad was born into a family of business leaders in Tehran in 1979, the year of the Iranian revolution. Her mother ran a textiles firm and her dad owned a property company. Life in the Iranian capital became increasingly difficult for her family following the revolution and the Iran-Iraq War that raged from 1980 to 1988. To escape the bombings by the Iraqi Air Force, Shahrzad and her family moved out of the city to a small village. ""Iran was at war for eight years, and a lot of my family's success had been taken from them,"" she says. ""I knew that I needed a different future, and a life where I could make a difference, and where equal was equal."" So when she became a teenager she was determined to move abroad. In Vancouver she enrolled at the University of British Columbia to study computer science. She didn't know much about computers, nor did she have one to begin with, but she was passionate about maths and technology. Graduating in 2000, Shahrzad then studied French at the Université Paris-Sorbonne, and leadership at Oxford University's Said Business School. Looking back, she says that she was interested in how Apple was disrupting the music industry, and the way people consumed music, with its then iPod player and iTunes service. She realised that video would inevitably follow suit, and be streamed over the internet. ""The shift in the music consumption trend was a clear indication of where video content was heading,"" she says. ""Audio was at the start of the evolution, and it was clear to me that video was going to be next."" So in 2005, at the age of 25, and the same year that YouTube was born, she founded BBTV. Initially it was a hardware company making a set-top box that enabled users to watch internet videos on their televisions. But not popular with buyers - people are happy to watch online videos on their computers - within just three months Shahrzad decided to change the company's focus. ""You need to fail fast, and learn from your mistakes quickly,"" she says. To pivot the company, Shahrzad says she noticed that internet users were pirating videos and uploading them to online platforms, such as the new YouTube. The copyright holders, the movie or TV companies, would then move to rapidly get the videos removed. That's when she had her big idea - to create software that would allow these firms to profit from advertisements put on all that content, rather than seek to take it down. BBTV's software tracks uploaded video content, such as the highlights of sports games, or clips from films. It does this through audio and video recognition technology, and adverts are then placed on the videos. The advertising revenues then go to the firms or sporting bodies affected, with BBTV taking a percentage. Only two years after its creation, BBTV landed one of its first major clients - the NBA - with whom it continues to work to this day. ""I was in my 20s and I was very nervous, but I really believed in our solutions,"" says Shahrzad. To help grow the business, she gained a number of investors, including Canadian tech businessman Hamed Shahbazi. Then in 2013 European entertainment group RTL purchased a 51% stake for $36m. RTL has subsequently increased its stake to 57.3%, but Shahrzad continues to have one of the largest individual shareholdings. RTL does not release separate financial data for BBTV, but its ""digital activities"" division, which includes the Canadian firm and two other businesses, had revenues of €452m ($539m; £408m) last year. BBTV now also produces software to help make online videos, and its services are available to individuals as well as companies. It claims that videos connected to its various technologies were viewed 429 billion times in 2019. Stephania Varalli, chief executive of Women Of Influence, a Canadian organisation that promotes businesswomen and other female leaders, says that Shahrzad's secret is her ability to evolve with the industry. ""She has constantly pivoted, which has kept her ahead of the game,"" says Ms Varalli. More The Boss features: As a female entrepreneur in a male-dominated industry, Shahrzad says she has had to work harder than her male counterparts. ""I have less room for error,"" she says. In BBTV she has fulfilled her ambition to create a global business, The 400 employees are spread across four main centres, its headquarters in Vancouver, and offices in New York, Los Angeles and Mumbai. Shahrzad says that there is no pay gap between her male and female staff, and that women make up 43% of the total workforce, and 46% of managers, high figures for a technology company. ""It gives me great pride,"" she says. ""This is a key factor in the reason why we are so successful at BBTV.""

ಕನ್ನಡ ಸಾರಾಂಶ:"
55,"About 10,000 dogs will be slaughtered for their meat at the Yulin festival on Sunday and Monday. Activists have signed a petition to ban it. The tradition dates back centuries but this festival began in recent years. City officials say they don't organise it. Some residents buy dogs to save them from being killed.",ನೈಋತ್ಯ ಚೀನಾದಲ್ಲಿ ವಾರ್ಷಿಕ ಡಾಗ್ ಮೀಟ್ ಹಬ್ಬವು ಪ್ರಾಣಿ ಹಕ್ಕುಗಳ ಕಾರ್ಯಕರ್ತರ ಗದ್ದಲದ ನಡುವೆಯೂ ಪ್ರಾರಂಭವಾಗಿದೆ.,0.0,"ನೀನು ಸಹಾಯಕ, ನಿಖರ ಮತ್ತು ಸ್ಪಷ್ಟವಾಗಿ ಉತ್ತರಿಸುವ ಕನ್ನಡ AI ಸಹಾಯಕ. ಬಳಕೆದಾರರ ಪ್ರಶ್ನೆ ಅಥವಾ ಸೂಚನೆಗೆ ಕನ್ನಡದಲ್ಲೇ ಸೂಕ್ತ ಉತ್ತರ ನೀಡಿ.

ಕೆಳಗಿನ ಇಂಗ್ಲಿಷ್ ಪ್ಯಾರಾಗ್ರಾಫ್ ಅನ್ನು ಕನ್ನಡದಲ್ಲಿ ಸಂಕ್ಷಿಪ್ತವಾಗಿ ಸಾರಾಂಶ ಮಾಡಿ.
ಕೇವಲ ಕನ್ನಡದಲ್ಲೇ ಉತ್ತರಿಸಿ.

ಪ್ಯಾರಾಗ್ರಾಫ್:
About 10,000 dogs will be slaughtered for their meat at the Lychee and Dog Meat Festival in Yulin in Guangxi province on Sunday and Monday to mark the summer solstice, state media said. One retired school teacher from Tianjin hit the headlines when she purchased dozens of dogs to save them. Residents and vendors in Yulin say the animals are killed in a humane way. Activists say the killing is cruel and an online campaign to ban the festival has been signed by more than 3.8 million people so far and the campaign has attracted considerable support this year from celebrities both domestic and foreign. Celebrities including British comedian Ricky Gervais have spoken out on Twitter with the hashtag #StopYuLin2015. Chinese pop star Chen Kun and actor Yang Mi have said they are joining the campaign on micro blogging site Weibo. Why UK doesn't eat dog meat And Chinese actor Fan Bingbing and others posted a video online against the festival. The tradition of eating dog meat dates back four or five hundred years in China, South Korea and other countries, as it is believed to ward off the heat of the summer months, according to state news agency Xinhua. However, this festival began in recent years, Xinhua said. City officials have distanced themselves from the gathering. ""Some residents of Yulin have the habit of coming together to eat lychees and dog meat during the summer solstice,"" the city's news office wrote on Weibo. ""The 'summer solstice lychee and dog meat festival' is a commercial term, the city has never [officially] organised a 'dog meat festival',"" it added. As in recent years, some animal lovers resorted to buying some of the dogs in order to rescue them. Yang Xiaoyun, retired school teacher, paid about 7,000 yuan ($1,100; £710) to save 100 dogs on Saturday. The BBC's Celia Hatton in Beijing says this kind of dispute puts the government in a really difficult position. The glorified consumption of dog meat generates a lot of negative foreign media reports, embarrassing the authorities. Also, the dog meat industry has been accused of many underhand tactics, including the illegal capture of family pets to use as food. But at the same time, the government is wary of the increasingly sophisticated animal rights movement, she adds. Animal rights activists in China have formed a cohesive network on social media that extends to many foreign animal welfare groups. China's leaders do not want to encourage such a movement amid a wider crackdown on civil disturbance of any kind.

ಕನ್ನಡ ಸಾರಾಂಶ:"
56,"The Taliban reported freed included a member of the Haqqani group. The seven Indian engineers were kidnapped over a year ago in northern Afghanistan. This came after talks collapsed and Zalmay Khalilzad met senior members of the group in Pakistan. Three key Taliban figures were released, including an accused drug trafficker. Another eight militants were also freed as part of the deal. The three Indian engineers have not been named. Kidnappings are a serious problem in Afghanistan where gangs operate in large areas.",ಅಪಹರಣಕ್ಕೊಳಗಾದ ಮೂವರು ಭಾರತೀಯ ಇಂಜಿನಿಯರ್‌ಗಳಿಗೆ ಬದಲಾಗಿ ಹಲವಾರು ಹಿರಿಯ ತಾಲಿಬಾನ್ ಸದಸ್ಯರನ್ನು ಬಿಡುಗಡೆ ಮಾಡಲಾಗಿದೆ ಎಂದು ಉಗ್ರಗಾಮಿ ಗುಂಪಿನ ಮೂಲಗಳು ಬಿಬಿಸಿಗೆ ತಿಳಿಸಿವೆ.,0.0,"ನೀನು ಸಹಾಯಕ, ನಿಖರ ಮತ್ತು ಸ್ಪಷ್ಟವಾಗಿ ಉತ್ತರಿಸುವ ಕನ್ನಡ AI ಸಹಾಯಕ. ಬಳಕೆದಾರರ ಪ್ರಶ್ನೆ ಅಥವಾ ಸೂಚನೆಗೆ ಕನ್ನಡದಲ್ಲೇ ಸೂಕ್ತ ಉತ್ತರ ನೀಡಿ.

ಕೆಳಗಿನ ಇಂಗ್ಲಿಷ್ ಪ್ಯಾರಾಗ್ರಾಫ್ ಅನ್ನು ಕನ್ನಡದಲ್ಲಿ ಸಂಕ್ಷಿಪ್ತವಾಗಿ ಸಾರಾಂಶ ಮಾಡಿ.
ಕೇವಲ ಕನ್ನಡದಲ್ಲೇ ಉತ್ತರಿಸಿ.

ಪ್ಯಾರಾಗ್ರಾಫ್:
The 11 Taliban reported freed included a member of the militant Haqqani group. The Indians released on Sunday were part of a group of seven engineers kidnapped more than a year ago with their driver in northern Afghanistan. The news came after the Taliban were said to have met the US peace envoy for the first time since talks collapsed. Zalmay Khalilzad reportedly met senior members of the group in Pakistan last week, almost a month after President Donald Trump cancelled secret plans to host a Taliban delegation in the US. The prisoner swap was one of the issues discussed at the meeting, sources told the BBC. Three key Taliban figures were released from prison in Afghanistan, according to the source within the militant group, including the former ""shadow"" governor of Nimroz province. The New York Times reported that Abdul Rashid Baluch was previously listed as a Specially Designated Global Terrorist by the US Treasury Department. He was accused of deploying suicide bombers and helping finance the Taliban through the drugs trade in Afghanistan. A second ""shadow"" governor for Kunar province, and a member of the powerful Haqqani network, which is said to have been behind co-ordinated attacks on both Afghan and Nato forces in recent years, were also said to be among those released. Another eight militants were freed as part of the deal, the Associated Press news agency reported. The Taliban commanders had been held in the high-security prison at Bagram, reports said. The three Indian engineers have not been named. One of the hostages was released in March this year, while the fate of the rest of their colleagues remained unclear. There was no immediate comment from the Afghan, US or Indian authorities. The group, who were working at a power station in the northern province of Baghlan, were taken from a vehicle along with their colleagues and an Afghan driver in May 2018. Kidnappings are a serious problem in Afghanistan, where gangs or militant groups operate in large areas of the country.

ಕನ್ನಡ ಸಾರಾಂಶ:"
57,"ಮೂಮ್‌ನಂತಹ ಗ್ರಾಮಗಳು ಭಾರತದ ಧಾರ್ಮಿಕ ಸಂಘರ್ಷಗಳ ನಡುವೆ ವಿಶಿಷ್ಟವಾದ್ಯವನ್ನು ಪ್ರತಿನಿಧಿಸುತ್ತವೆ, ಅಲ್ಲಿ ಜನರು ಧರ್ಮಗಳನ್ನು ಲೆಕ್ಕಿಸದೆ ಶಾಂತಿಯುತ ಸಹಬಾಳ್ವೆಯನ್ನು ಅನುಭವಿಸುತ್ತಾರೆ.","ಭಾರತದ ಧಾರ್ಮಿಕ ಗುಂಪುಗಳು ಆಗಾಗ್ಗೆ ಘರ್ಷಣೆಗೆ ಒಳಗಾಗಿವೆ, ಇತ್ತೀಚಿನ ವರ್ಷಗಳಲ್ಲಿ ಹಿಂಸಾಚಾರದಿಂದ ಕೆಡಿಸಲಾಗಿದೆ. ಆದರೆ ಗಮನಾರ್ಹವಾದ ಗೆಸ್ಚರ್ ಒಂದು ಹಳ್ಳಿಯಲ್ಲಿ ಅಪರೂಪದ ಸಾಮರಸ್ಯವನ್ನು ಬೆಳೆಸಲು ಸಹಾಯ ಮಾಡಿದೆ.",0.9785714285714285,"ನೀನು ಸಹಾಯಕ, ನಿಖರ ಮತ್ತು ಸ್ಪಷ್ಟವಾಗಿ ಉತ್ತರಿಸುವ ಕನ್ನಡ AI ಸಹಾಯಕ. ಬಳಕೆದಾರರ ಪ್ರಶ್ನೆ ಅಥವಾ ಸೂಚನೆಗೆ ಕನ್ನಡದಲ್ಲೇ ಸೂಕ್ತ ಉತ್ತರ ನೀಡಿ.

ಕೆಳಗಿನ ಇಂಗ್ಲಿಷ್ ಪ್ಯಾರಾಗ್ರಾಫ್ ಅನ್ನು ಕನ್ನಡದಲ್ಲಿ ಸಂಕ್ಷಿಪ್ತವಾಗಿ ಸಾರಾಂಶ ಮಾಡಿ.
ಕೇವಲ ಕನ್ನಡದಲ್ಲೇ ಉತ್ತರಿಸಿ.

ಪ್ಯಾರಾಗ್ರಾಫ್:
By Arvind ChhabraBBC Punjabi, Chandigarh As mason Nazim ""Raja"" Khan toiled over the construction of a Shiva temple in a Punjab village, a thought nagged at him. There he was, a Muslim, building a Hindu temple. Yet there was no mosque nearby where he could worship. ""We had no place where we could offer namaz (prayers),"" says the 40-year-old. ""It wasn't nice for our relatives when they visited."" It rankled, so he raised it with the 400-strong Muslim community in his village of Moom, in rural north India. But they were too poor to afford the land. 'Would you give us some land?' Most Muslims in the area do unskilled jobs, such as casual construction work, while the community's 400 or so Hindus and some 4,000 Sikhs are relatively well-off. Fast forward 18 months - with the temple nearing completion - and Raja took an unprecedented step. Earlier this year, he approached the temple administrators and told them: ""You Hindus will soon have your new temple. And you already have an older one. But we Muslims have no place to worship, nor money to buy land. Would you give us a small area of your land?"" A week later, he had an answer. The temple management had decided to hand over nearly 900 sq ft (83 sq m) of vacant land next to their temple. ""I was ecstatic,"" says Raja. ""I just couldn't find the words to express my gratitude."" Purshottam Lal, an ayurvedic medicine practitioner who sits on the temple management panel, explains: ""It was a very genuine demand. It was unfair that while we all share our joys and sorrows together, [the Muslims] didn't have a mosque."" Two months on, Raja and a few other masons and labourers are happily building a place where Muslims can worship. The Sikh community is contributing funds for the mosque, which shares its wall with their gurdwara, making for a rare example of communal harmony between the three religions in a land where minorities often complain about victimisation. Limitations In recent times, human rights groups have criticised the rise of what they see as an ultra-right Hindu nationalist government. Many say it has created an atmosphere of fear and mistrust between Hindus and Muslims. However, in Moom, it seems the three communities live in a congenial atmosphere. There's no history of tension between them and people of all communities freely visit any place of worship. Most Hindus go to gurdwaras and some of them wear the turbans usually worn by Sikhs. They also visit homes of the other communities to attend their rituals and functions. Gurdwara priest Giani Surjeet Singh says most functions - such as the Hindu holy recitation, geeta path - are held in the Sikh hall. ""People don't see this place just as a gurdwara but also that of a get-together point for their social functions,"" he adds. Bharat Ram, a teacher who's active in temple affairs, says: ""We're fortunate we haven't had political leaders who could polarise us or create the divide between communities. ""There is a brotherhood among people in this village that we have had since ancient times, and it meant we quickly decided to give land for the mosque."" The people of Pakistan and India would harbour no grudge with one another, were it not for politicians, he argues. No one seems resentful of the donations of land or funds. Indeed, many Hindus and Sikhs believe the mosque won't just be for Muslims. ""It's for all villagers,"" they say. Yet, integration has its limitations. Ask them if they would like to see their sons and daughters marry into the other communities and the response is of shock. ""Look, brotherhood is one thing. Sikhs and Muslims are different religions,"" says Sikh panchayat (village council) member Chood Singh. ""Such a thing can't be accepted in our village."" Bharat Sharma, a teacher and office bearer in the Hindu temple agrees: ""This has neither happened in the past nor can it happen in the future."" This is a common opinion in India, where even marriage between different castes within the Hindu religion can provoke strong family opposition. But compared with other parts of India, such as West Bengal where communal tensions are high, this village in Punjab appears like paradise. ""God is everywhere - be it a gurdwara, a mosque or a temple,"" says Mr Sharma. Crossing Divides Crossing Divides: A week of stories about people creating connections in a polarised world.

ಕನ್ನಡ ಸಾರಾಂಶ:"
58,"1. 20 ವರ್ಷಗಳ ಹಿಂದೆ, ವ್ಲಾಡಿಮಿರ್ ಪುಟಿನ್‌ಗೆ ಶಕ್ತಿ ನೀಡಲಾಗಿತ್ತು.
2. ಅವರು ಮಾಜಿ KGB ಅಧಿಕಾರಿ ಮತ್ತು ಪ್ರಧಾನ ಮಂತ್ರಿ ಆಗಿದ್ದರು.
3. ಅವರ 'ಬ್ರೈಟ್‌ನೆಸ್‌ಗಾಗಿ' ಅವರ ಸಹಾಯಕ ವಾಲೆಂಟೈನ್ ಯೂಮ್ಯಾಸ್‌ಹೇವ್‌ಗೆ ಹೊಣೆಗಾರಿಕೆ ಇತ್ತು.
4. ಅವರು 1997 ರಲ್ಲಿ ಪುಟಿನ್‌ಗೆ ಮೊದಲ ಕೆಲಸವನ್ನು ನೀಡಿದರು.
5. ಅವರು ಪುಟಿನ್‌ಗೆ 'ಅತ್ಯುತ್ತಮ ಅಭ್ಯರ್ಥಿ' ಎಂದು ಪರಿಗಣಿಸಿದರು, ಇದು ನಂತರದ ಅಧ್ಯಕ್ಷರಾಗಲು ಅವರನ್ನು ಸಿದ್ಧಪಡಿಸಿತು.
6. ಯೂಮ್ಯಾಸ್‌ಹೇವ್‌ಗೆ 1999 ರಲ್ಲಿ ಇಲ್ಟ್‌ಸಿ","ಕಾಲಾವಧಿಯಲ್ಲಿ, ರಷ್ಯಾದ ಆಡಳಿತಗಾರರು ವಿಭಿನ್ನ ರೀತಿಯಲ್ಲಿ ಅಧಿಕಾರವನ್ನು ಪಡೆದಿದ್ದಾರೆ.",0.8647058823529412,"ನೀನು ಸಹಾಯಕ, ನಿಖರ ಮತ್ತು ಸ್ಪಷ್ಟವಾಗಿ ಉತ್ತರಿಸುವ ಕನ್ನಡ AI ಸಹಾಯಕ. ಬಳಕೆದಾರರ ಪ್ರಶ್ನೆ ಅಥವಾ ಸೂಚನೆಗೆ ಕನ್ನಡದಲ್ಲೇ ಸೂಕ್ತ ಉತ್ತರ ನೀಡಿ.

ಕೆಳಗಿನ ಇಂಗ್ಲಿಷ್ ಪ್ಯಾರಾಗ್ರಾಫ್ ಅನ್ನು ಕನ್ನಡದಲ್ಲಿ ಸಂಕ್ಷಿಪ್ತವಾಗಿ ಸಾರಾಂಶ ಮಾಡಿ.
ಕೇವಲ ಕನ್ನಡದಲ್ಲೇ ಉತ್ತರಿಸಿ.

ಪ್ಯಾರಾಗ್ರಾಫ್:
By Steve RosenbergBBC News, Moscow For tsars it was by birth; Vladimir Lenin through revolution; general secretaries of the Soviet Communist Party by climbing up the party ladder to the politburo and awaiting their turn for the top job. But 20 years ago, Vladimir Putin was handed power on a Kremlin plate. The former officer of the KGB - the Soviet security service - was handpicked by President Boris Yeltsin and his inner circle to lead Russia into the 21st Century. But why Mr Putin? The 'brilliant deputy' Valentin Yumashev played a key role in Vladimir Putin becoming president of Russia. The former journalist turned Kremlin official rarely gives interviews, but he agreed to meet me and tell his story. Mr Yumashev was one of Boris Yeltsin's most trusted aides - he went on to marry Mr Yeltsin's daughter, Tatyana. As Mr Yeltsin's chief of staff, in 1997 he gave Mr Putin his first job in the Kremlin. ""Yeltsin's outgoing administration chief, Anatoly Chubais, told me he knew a strong manager who'd make a good deputy for me,"" Mr Yumashev recalls. ""He introduced me to Vladimir Putin and we began working together. I noticed immediately Putin's fantastic work. He was brilliant at formulating ideas, at analysing and arguing his case."" Was there a moment, I ask, when you thought this man could be president? ""Yeltsin had several candidates in mind, like Boris Nemtsov, Sergei Stepashin and Nikolai Aksenenko. Yeltsin and I talked a lot about possible successors. At one point we discussed Putin. ""Yeltsin asked me: 'What do you think about Putin?' I think he's a superb candidate, I replied. I think you should consider him. It's clear from the way he does his job that he's ready for more difficult tasks."" Did Putin's KGB past put him off? ""A lot of KGB agents, like Putin, had left the organisation, realising it was discredited. The fact that he was ex-KGB meant nothing. Putin had shown himself to be a liberal and a democrat, who wanted to continue market reforms."" The secret succession In August 1999, Boris Yeltsin appointed Vladimir Putin prime minister. It was a clear sign that President Yeltsin was preparing Mr Putin for the Kremlin. Mr Yeltsin was not due to leave office for another year, but in December 1999 he took the surprise decision to go early. ""Three days before New Year, Yeltsin summoned Putin to his country residence. He asked me to be present, and his new chief of staff, Alexander Voloshin. He told Putin that he wouldn't hang around until July. He'd resign on 31 December. ""Only a tiny group of people knew: me, Voloshin, Putin and Yeltsin's daughter Tatyana. Yeltsin didn't even tell his wife."" Mr Yumashev was entrusted with writing Yeltsin's resignation speech. ""It was a hard speech to write. It was clear the text would go down in history. The message was important. That's why I wrote the famous line 'Forgive me'. ""Russians had suffered such shock and stress during the 1990s. Yeltsin had to speak about this."" On New Year's Eve 1999, Boris Yeltsin recorded his final TV address in the Kremlin. ""It came as a shock to everyone present. Except me, who'd written the speech. People burst into tears. It was an emotional moment. ""But it was important that the news didn't leak. There were still four hours before the official announcement. So, all the people in the room were locked in. They weren't allowed to leave. I took the tape and drove to the TV station. The speech was broadcast at midday."" Vladimir Putin became acting president. Three months later, he won the election. A member of 'The Family'? Valentin Yumashev is often referred to as a member of ""The Family"": Boris Yeltsin's inner circle that, allegedly, exerted influence over him towards the end of the 1990s. Mr Yumashev dismisses ""The Family"" as ""a myth, an invention"". But there's little doubt that during the 1990s, with President Yeltsin in failing health, the Kremlin leader placed his trust, increasingly, in a narrow circle of relatives, friends and business figures. ""Putin's entourage doesn't exert influence like this,"" explains political scientist Valery Solovei. ""There are two categories of people Putin leans towards: childhood friends, like the Rotenberg brothers and those who served in the Soviet KGB. ""But he doesn't overestimate their loyalty. Yeltsin trusted members of his family. Putin trusts no-one."" 'No regrets - Russians trust Putin' Mr Putin has remained in power, as president or prime minister, for 20 years. In that time, he has built a system of power that revolves around him. Under his watch, Russia has become an increasingly authoritarian state, with fewer democratic rights and freedoms. ""Yeltsin believed he had a mission, and so does Putin,"" Mr Solovei says. ""Yeltsin saw himself as Moses: he wanted to lead his country out of its communist slavery. ""Putin's mission is to return to the past. He wants to avenge what he calls 'the greatest geopolitical catastrophe of the 20th Century', the fall of the USSR. He and his entourage, former KGB officers, believe the destruction of the Soviet Union was the work of Western intelligence services."" The Vladimir Putin of today is barely recognisable from the liberal figure Mr Yumashev remembers. So, does Mr Putin's former boss regret giving him a job? ""I have no regrets,"" Mr Yumashev tells me, adding: ""It's clear that Russians still trust Putin."" Still, Mr Yumashev thinks that Boris Yeltsin's resignation should serve as a lesson to all Russian presidents, the lesson being ""that it's very important to step down and make way for younger people. For Yeltsin this was incredibly important.""

ಕನ್ನಡ ಸಾರಾಂಶ:"
59,"The US state department has confirmed that a US citizen was arrested in Moscow on 28 December and charged with espionage. The Russian Federal Security Service (FSB) gave no further details, but the US says it has been officially notified about the arrest. If found guilty, he faces between 10 and 20 years in jail. This is not the first time that Russia has accused the US of spying; associates of President Trump are also under investigation for possible Russian ties to the presidential campaign. Earlier this month, a Russian gun rights activist pleaded guilty to conspiracy in the US. The UK and its Western allies expelled more than 100 Russian diplomats in March after the poisoning of Sergei Skripal and his daughter Yulia in Salisbury. Russia denied involvement but retaliated by exp","ರಷ್ಯಾದ FSB ಸ್ಟೇಟ್ ಸೆಕ್ಯುರಿಟಿ ಏಜೆನ್ಸಿಯು ಮಾಸ್ಕೋದಲ್ಲಿ ""ಪತ್ತೇದಾರಿಕೆ ಮಾಡುವಾಗ ಸಿಕ್ಕಿಹಾಕಿಕೊಂಡ"" ಯುಎಸ್ ಪ್ರಜೆಯನ್ನು ಬಂಧಿಸಿದೆ ಎಂದು ಹೇಳಿದೆ.",0.0,"ನೀನು ಸಹಾಯಕ, ನಿಖರ ಮತ್ತು ಸ್ಪಷ್ಟವಾಗಿ ಉತ್ತರಿಸುವ ಕನ್ನಡ AI ಸಹಾಯಕ. ಬಳಕೆದಾರರ ಪ್ರಶ್ನೆ ಅಥವಾ ಸೂಚನೆಗೆ ಕನ್ನಡದಲ್ಲೇ ಸೂಕ್ತ ಉತ್ತರ ನೀಡಿ.

ಕೆಳಗಿನ ಇಂಗ್ಲಿಷ್ ಪ್ಯಾರಾಗ್ರಾಫ್ ಅನ್ನು ಕನ್ನಡದಲ್ಲಿ ಸಂಕ್ಷಿಪ್ತವಾಗಿ ಸಾರಾಂಶ ಮಾಡಿ.
ಕೇವಲ ಕನ್ನಡದಲ್ಲೇ ಉತ್ತರಿಸಿ.

ಪ್ಯಾರಾಗ್ರಾಫ್:
It named him as Paul Whelan, saying he was arrested in Moscow on 28 December and charged with ""espionage"". The FSB gave no further details. The US state department says it has requested consular access for the man held in Moscow, Reuters news agency reports. The US has not confirmed his name, but says it has been officially notified about the arrest. If found guilty, he faces between 10 and 20 years in jail, Russia's Tass news agency reports. Spying accusations have been a persistent feature of Russia's relations with the US and UK this year. Associates of President Donald Trump are under investigation in connection with Robert Mueller's special counsel inquiry into possible Russian ties to the Trump presidential campaign. Earlier this month a Russian gun rights activist held in the US, Maria Butina, pleaded guilty to conspiracy. US prosecutors say she acted as a Russian state agent, infiltrating conservative political groups. In March the UK and its Western allies expelled more than 100 Russian diplomats, in response to the poisoning of former Russian spy Sergei Skripal and his daughter Yulia in Salisbury. The UK government accused the Russian state of carrying out the nerve agent attack. Russia denied this and retaliated by expelling dozens of Western diplomats.

ಕನ್ನಡ ಸಾರಾಂಶ:"
60,"Microsoft, ನಿಧಾನಗತಿಯ ಮಾರುಕಟ್ಟೆ ಬದಲಾವಣೆಗೆ ಟೀಕಿಸಲ್ಪಟ್ಟಿದೆ, ಆದರೆ ಮೊಬೈಲ್‌ಗಳಿಗೆ ಸಂಬಂಧಿಸಿದ ಸುದ್ದಿಗೆ 7.3% ರಷ್ಟು ಏರಿಕೆ ಕಂಡಿದೆ. ಬಲ್ಲಮರ್‌ ಅವರು ಕಳೆದ ತಿಂಗಳು ಮಂಡಲವನ್ನು ಪರಿಷ್ಕರಿಸಲು ಘೋಷಿಸಿದರು ಮತ್ತು ಹೇಳಿಕೆ ನೀಡಿದರು: 'ಪೂರ್ಣವಾಗಿ ಹೊಸ ದಿಕ್ಕನ್ನು ಅನುಸರಿಸಲು ದೀರ್ಘಕಾಲದ CEO ಅಗತ್ಯವಿದೆ.' ವಿಶ್ವದ ಅತಿದೊಡ್ಡ ಸಾಫ್ಟ್‌ವೇರ್ ಕಂಪನಿಯು ಬದಲಾವಣೆಗೆ ಹೊಂದಿಕೊಳ್ಳಲು ಹೊಸ CEO ಹುಡುಕಲು ವಿಶೇಷ ಸಮಿತಿಯನ್ನು ರಚಿಸಿದೆ. ಈ ಸಮಿತಿಯಲ್ಲಿ ಮೈಕ್ರೋಸಾಫ್ಟ್‌ನ ಸಂಸ್ಥಾಪಕ ಬಿಲ್‌ ಗೇಟ್‌ಸ್‌ ಸಹ ಸೇರಿದ್ದಾರೆ. 57-ವರ್",ಮೈಕ್ರೋಸಾಫ್ಟ್ ಮುಖ್ಯ ಕಾರ್ಯನಿರ್ವಾಹಕರಾದ ಸ್ಟೀವ್ ಬಾಲ್ಮರ್ ಮುಂದಿನ 12 ತಿಂಗಳೊಳಗೆ ತಂತ್ರಜ್ಞಾನ ದೈತ್ಯದಿಂದ ನಿವೃತ್ತರಾಗಲಿದ್ದಾರೆ.,0.9010416666666666,"ನೀನು ಸಹಾಯಕ, ನಿಖರ ಮತ್ತು ಸ್ಪಷ್ಟವಾಗಿ ಉತ್ತರಿಸುವ ಕನ್ನಡ AI ಸಹಾಯಕ. ಬಳಕೆದಾರರ ಪ್ರಶ್ನೆ ಅಥವಾ ಸೂಚನೆಗೆ ಕನ್ನಡದಲ್ಲೇ ಸೂಕ್ತ ಉತ್ತರ ನೀಡಿ.

ಕೆಳಗಿನ ಇಂಗ್ಲಿಷ್ ಪ್ಯಾರಾಗ್ರಾಫ್ ಅನ್ನು ಕನ್ನಡದಲ್ಲಿ ಸಂಕ್ಷಿಪ್ತವಾಗಿ ಸಾರಾಂಶ ಮಾಡಿ.
ಕೇವಲ ಕನ್ನಡದಲ್ಲೇ ಉತ್ತರಿಸಿ.

ಪ್ಯಾರಾಗ್ರಾಫ್:
Shares in Microsoft, criticised for its slow response to the booming market for mobile devices, leapt 7.3% on the news. Mr Ballmer, who last month unveiled a restructuring to address the criticism, said in a statement: ""There is never a perfect time for this type of transition, but now is the right time. ""We need a CEO who will be here longer term for this new direction."" The world's biggest software company has created a special committee to find a replacement. This committee includes Microsoft founder Bill Gates. Mr Ballmer, 57, succeeded Mr Gates in 2000. The two men met in 1973 while studying at Harvard University, and Mr Ballmer joined the company in 1980. 'Single strategy' Microsoft emerged as the undisputed leader in the technology sector, and became the world's largest company by market value. But the company had been criticised by investors recently for not reacting quickly enough to the way Apple and Google have led the way in mobile devices. Microsoft struggled as consumers began to shun desktops and laptops in favour of tablets and mobile devices. While its Windows software is used on the vast majority of PCs, Microsoft made little impact in the fast-growing tablet and smartphone segments. Microsoft's transformation plan, announced last month, is trying to address that. In a memo to staff last month, Mr Ballmer said that the changes meant the company was ""rallying behind a single strategy as one company - not a collection of divisional strategies"". The aim, he said, was to react faster to changes in the market. Andrew Bartels, analyst at Forrester Research, said Mr Ballmer has been rightly criticised for being ""caught flatfooted by the shift to tablets"". But he added that he should get big credit for successful products such as the Xbox and Bing. 'Surprise' ""The problem for Microsoft is its revenue primarily comes from sales to business. It should be viewed more like IBM, but is viewed as consumer, like Apple,"" he said. Mr Ballmer's planned departure comes shortly after activist investing fund ValueAct Capital Management took a small stake in the company, and started agitating for a change in strategy and a clear succession plan. Despite the recent criticism, the timing of his decision to go surprised analysts. ""Yes, this was a surprise, especially considering how close it is to the recently announced strategic overhaul towards devices and services,"" said Sid Parakh, an analyst at McAdams Wright Ragen. Born in 1956, Mr Ballmer grew up near Detroit, where his father worked as a manager at the Ford motor company. Having graduated from Harvard with a degree in mathematics and economics, he worked for two years at Procter & Gamble as an assistant product manager and attended Stanford University Graduate School of Business before joining Microsoft. The company has more than tripled revenues and doubled profits under Mr Ballmer's leadership.

ಕನ್ನಡ ಸಾರಾಂಶ:"
61,"The biggest global study into attitudes on immunisation suggests confidence is low in some regions. The Wellcome Trust analysis includes responses from more than 140,000 people in over 140 countries. The World Health Organization lists vaccine hesitancy as one of the top 10 threats to global health. When asked if vaccines were safe: When asked if they believed vaccines worked: Why does it matter? There is overwhelming scientific evidence that vaccination is the best defence against deadly and debilitating infections, such as measles. Vaccines protect billions of people around the world. They have completely got rid of one disease - smallpox - and are bringing the world close to eliminating others, such as polio. But some other diseases, like measles, are making a resurgence and experts say people avoiding vaccines","ಲಸಿಕೆಗಳ ಕುರಿತು ಸಾರ್ವಜನಿಕ ಅಪನಂಬಿಕೆ ಎಂದರೆ, ಮಾರಣಾಂತಿಕ ಆದರೆ ತಡೆಗಟ್ಟಬಹುದಾದ ಸಾಂಕ್ರಾಮಿಕ ರೋಗಗಳ ವಿರುದ್ಧದ ಹೋರಾಟದಲ್ಲಿ ಜಗತ್ತು ಹಿಂದಕ್ಕೆ ಹೆಜ್ಜೆ ಇಡುತ್ತಿದೆ ಎಂದು ತಜ್ಞರು ಎಚ್ಚರಿಸಿದ್ದಾರೆ.",0.0,"ನೀನು ಸಹಾಯಕ, ನಿಖರ ಮತ್ತು ಸ್ಪಷ್ಟವಾಗಿ ಉತ್ತರಿಸುವ ಕನ್ನಡ AI ಸಹಾಯಕ. ಬಳಕೆದಾರರ ಪ್ರಶ್ನೆ ಅಥವಾ ಸೂಚನೆಗೆ ಕನ್ನಡದಲ್ಲೇ ಸೂಕ್ತ ಉತ್ತರ ನೀಡಿ.

ಕೆಳಗಿನ ಇಂಗ್ಲಿಷ್ ಪ್ಯಾರಾಗ್ರಾಫ್ ಅನ್ನು ಕನ್ನಡದಲ್ಲಿ ಸಂಕ್ಷಿಪ್ತವಾಗಿ ಸಾರಾಂಶ ಮಾಡಿ.
ಕೇವಲ ಕನ್ನಡದಲ್ಲೇ ಉತ್ತರಿಸಿ.

ಪ್ಯಾರಾಗ್ರಾಫ್:
By Michelle RobertsBBC News The biggest global study into attitudes on immunisation suggests confidence is low in some regions. The Wellcome Trust analysis includes responses from more than 140,000 people in over 140 countries. The World Health Organization lists vaccine hesitancy as one of the top 10 threats to global health. You need a modern browser (with JavaScript support) to view this interactive. Do people in your country trust vaccines? Search for a country: Search for a country: People were asked how much they agree with the statement. Select a statement to see results Totals may not sum to 100% due to rounding Wellcome analysed responses to five key survey questions and calculated a ""trust in scientists"" index of high, medium or low trust. Source: Wellcome Global Monitor, Gallup World Poll 2018 Sorry, there is no data for this location No internet connection. Please try again. If you can't see the interactive tool click or tap here. The global survey reveals the number of people who say they have little confidence or trust in vaccination. When asked if vaccines were safe: When asked if they believed vaccines worked: Why does it matter? There is overwhelming scientific evidence that vaccination is the best defence against deadly and debilitating infections, such as measles. Vaccines protect billions of people around the world. They have completely got rid of one disease - smallpox - and are bringing the world close to eliminating others, such as polio. But some other diseases, such as measles, are making a resurgence and experts say people avoiding vaccines, fuelled by fear and misinformation, is one of the main causes. Dr Ann Lindstrand, an expert in immunisation at the WHO, said the current situation was extremely serious. ""Vaccine hesitancy has the potential, at least in some places, to really hinder the very real progress the world has made in controlling vaccine-preventable diseases,"" she said. ""Any resurgence we see in these diseases are an unacceptable step backwards."" What about measles? Countries that were close to eliminating measles have been seeing large outbreaks. Data shows a rise in cases in almost every region of the world, with 30% more cases in 2017 than 2016. A decision not to vaccinate, for whatever reason, poses a risk to others as well as the individual from being infected themselves. If enough people are vaccinated, it stops the disease from spreading through a population - something experts call ""herd immunity"". Imran Khan, from the Wellcome Trust, said: ""We are really concerned at the moment because for measles, anything less than 95% coverage can lead to outbreaks and that is what we are seeing."" Where was trust low? Some people living in several higher-income regions were among the least certain about vaccine safety. In France - a country among several European ones now experiencing outbreaks of measles - one in three disagreed that vaccines were safe, according to the survey. That was the highest percentage for any country worldwide. People in France were also among the most likely to disagree that vaccines were effective, at 19%, and to disagree that vaccines were important for children to have, at 10%. The French government has now added eight more compulsory vaccinations to the three children in the country already receive. Neighbouring Italy - where 76% agreed vaccines were safe - recently passed a law that allows schools to ban unvaccinated children, or fine their parents, after immunisation rates dwindled. The UK has yet to go this far but Health Secretary Matt Hancock has said he ""won't rule out"" the idea of introducing compulsory vaccinations if necessary. The US has also been experiencing its own measles outbreak - the biggest to hit the country in decades, with more than 980 confirmed cases in 26 states in 2019 to date. In Northern America, and Southern and Northern Europe, just over 70% of people agreed that vaccines were safe. The figure was as low as 59% in Western Europe, and 50% in Eastern Europe. In Ukraine, which reported the highest number of measles cases in Europe last year (53,218 in total) - only 50% of people agreed vaccines were effective. This figure was 46% in Belarus, 49% in Moldova, and 62% in Russia. Where was trust high? Most people in lower-income areas agreed vaccines were safe. The highest number was in South Asia, where 95% of people agreed, followed by Eastern Africa, where the figure was 92%. Bangladesh and Rwanda had nearly universal agreement about the safety and effectiveness and have achieved very high immunisation rates despite many challenges in physically getting vaccines to people. Rwanda became the world's first low-income country to provide young women universal access to the HPV vaccine that protects against cervical cancer. Mr Khan said: ""It shows what can be achieved with concerted effort to improve vaccine uptake."" What makes people sceptical? In the survey, people with more trust in scientists, doctors and nurses tended to be more likely to agree that vaccines were safe. Conversely, those who had sought information about science, medicine or health recently appeared to be less likely to agree. The Wellcome report does not explore all of the reasons behind low confidence but researchers say there are likely to be many factors involved. Some of it may be complacency - if a disease has become less common, then the need to get immunised may feel less pressing when weighing the benefits against any possible risk. All medicines, vaccines included, can have side-effects. But vaccines are thoroughly tested to check they are safe and effective. The internet means beliefs and concerns about vaccines can be shared in an instant, spreading information that isn't necessarily based on fact. In Japan, concerns about the HPV vaccine and a reported link with neurological problems were widely publicised, which experts think knocked confidence in immunisation in general. Similarly, in France, there was controversy about a pandemic influenza vaccine - accusations that the government bought high quantities of the vaccine and unsubstantiated claims that it had been made too quickly and couldn't be safe. In the UK, there has been misinformation circulating about the MMR jab and autism. Dr Lindstrand said: ""One of the most important interventions to counteract doubts and worries about vaccines is to have health workers really well trained and able and ready to recommend vaccinations based on scientific truth and to be able to respond correctly to questions and concerns that parents have and communities have."" Interactive tool produced by Becky Dale and Christine Jeavans; design by Debie Loizou; development by Scott Jarvis and Katia Artsenkova

ಕನ್ನಡ ಸಾರಾಂಶ:"
62,"No reason has been given, but last week Mr Badawi was reported to be physically unfit to face the penalty after receiving the first flogging. He was sentenced to 1,000 lashes and 10 years in prison for insulting Islam. His punishment has caused international outcry. Three weeks ago the case was referred to the Supreme Court by the office of then-King Abdullah. The new Saudi King Salman has issued a decree pardoning what are described as ""public right"" prisoners, which could include Mr Badawi. Suad al-Shammary, a rights activist and lawyer who worked with Mr Badawi on his blog, was released on Friday. She had been held for three months without charge over comments she made on Twitter, which her opponents portrayed as anti-Islamic. Health",ಸೌದಿ ಅರೇಬಿಯಾದ ಅಧಿಕಾರಿಗಳು ಬ್ಲಾಗರ್ ರೈಫ್ ಬದಾವಿ ಮೇಲಿನ 50 ಛಡಿ ಏಟುಗಳ ಎರಡನೇ ಸುತ್ತನ್ನು ಪುನಃ ಮುಂದೂಡಿದ್ದಾರೆ.,0.0,"ನೀನು ಸಹಾಯಕ, ನಿಖರ ಮತ್ತು ಸ್ಪಷ್ಟವಾಗಿ ಉತ್ತರಿಸುವ ಕನ್ನಡ AI ಸಹಾಯಕ. ಬಳಕೆದಾರರ ಪ್ರಶ್ನೆ ಅಥವಾ ಸೂಚನೆಗೆ ಕನ್ನಡದಲ್ಲೇ ಸೂಕ್ತ ಉತ್ತರ ನೀಡಿ.

ಕೆಳಗಿನ ಇಂಗ್ಲಿಷ್ ಪ್ಯಾರಾಗ್ರಾಫ್ ಅನ್ನು ಕನ್ನಡದಲ್ಲಿ ಸಂಕ್ಷಿಪ್ತವಾಗಿ ಸಾರಾಂಶ ಮಾಡಿ.
ಕೇವಲ ಕನ್ನಡದಲ್ಲೇ ಉತ್ತರಿಸಿ.

ಪ್ಯಾರಾಗ್ರಾಫ್:
No reason has been given, but last week Mr Badawi was reported to be physically unfit to face the penalty after receiving the first flogging. He was sentenced to 1,000 lashes and 10 years in prison for insulting Islam. His punishment has caused international outcry. Three weeks ago the case was referred to the Supreme Court by the office of then-King Abdullah. The new Saudi King Salman has issued a decree pardoning what are described as ""public right"" prisoners, which could include Mr Badawi. Suad al-Shammary, a rights activist and lawyer who worked with Mr Badawi on his blog, was released on Friday. She had been held for three months without charge over comments she made on Twitter, which her opponents portrayed as anti-Islamic. Health fears Raif Badawi, 30, was due to receive the lashes over a period of 20 weeks. The first round was carried out outside a mosque in Jeddah on 9 January as a crowd watched. Mr Badawi's wife, Ensaf Haidar - who lives in Canada - told the BBC she was buoyed by Friday's developments. ""I ask the world to remain by my side until Raif is released."" She said she now hated Fridays - the day of lashings. ""I turn into a mess, until I know his [Raif's] fate."" Analysis: Becky Kelly, BBC News The hope Ensaf Haidar clings to week after week does not seem as impossible now as it once did. It's down to a royal decree issued by new Saudi King Salman which announced he would pardon some prisoners. The late King Abdullah did the same. The difference is that Abdullah imposed no conditions, but King Salman's pardons will be implemented by the interior minister. Sources in Saudi Arabia told me that if Raif is one of those prisoners offered a pardon, it will come with conditions he must sign in exchange for freedom. Typically, pardoned activists have had to stop their work and give up their right to free expression. In recent days Saudi officials have approached current prisoners of conscience unofficially inquiring about their thoughts on such potential conditional pardons, the human rights group Amnesty International discovered. On Thursday, Amnesty International said Mr Badawi could suffer ""debilitating long-term physical and mental damage"" if the flogging continues. ""Raif Badawi is a prisoner of conscience, whose only 'crime' was to set up a website for public discussion,"" said Amnesty's Philip Luther. Raif Badawi established Liberal Saudi Network, a now-closed online forum that sought to encourage debate on religious and political matters in 2008. In 2012, he was arrested and charged with ""insulting Islam through electronic channels"" and ""going beyond the realm of obedience"". In 2013 he was cleared of apostasy, which could have carried a death sentence. Saudi Arabia enforces a strict version of Islamic law and does not tolerate political dissent. It has some of the highest social media usage rates in the region, and has cracked down on domestic online criticism.

ಕನ್ನಡ ಸಾರಾಂಶ:"
63,"Tom Patterson, 70, was diagnosed with a severe case of E. coli infection in Egypt. He had to be put on dialysis and given antibiotics for three weeks. However, the bacteria became resistant to the drugs, leading to life-threatening complications. His wife, Mary, found an experimental treatment at a hospital in London that used a new drug called colistin. This was successful, but Tom's kidneys failed again after returning home. He had to undergo another round of dialysis and then a kidney transplant from his daughter. The story highlights the challenges faced by those with antibiotic-resistant infections and the need for continued research into new treatments.","ಚೀನಾದ ವಿಜ್ಞಾನಿಯೊಬ್ಬರು ಚಂದ್ರನನ್ನು ತಲುಪಲು ಒಂದಲ್ಲ ಎರಡು ಅಸಾಧಾರಣ ಶಕ್ತಿಗಳಿಗೆ ಸಹಾಯ ಮಾಡಿದ್ದಾರೆ ಎಂದು ಕವಿತಾ ಪುರಿ ಬರೆಯುತ್ತಾರೆ, ಆದರೆ ಅವರ ಕತೆಗಳಲ್ಲಿನ ಒಂದರಲ್ಲಿ ಮಾತ್ರ ನೆನಪಿದೆ.",0.0,"ನೀನು ಸಹಾಯಕ, ನಿಖರ ಮತ್ತು ಸ್ಪಷ್ಟವಾಗಿ ಉತ್ತರಿಸುವ ಕನ್ನಡ AI ಸಹಾಯಕ. ಬಳಕೆದಾರರ ಪ್ರಶ್ನೆ ಅಥವಾ ಸೂಚನೆಗೆ ಕನ್ನಡದಲ್ಲೇ ಸೂಕ್ತ ಉತ್ತರ ನೀಡಿ.

ಕೆಳಗಿನ ಇಂಗ್ಲಿಷ್ ಪ್ಯಾರಾಗ್ರಾಫ್ ಅನ್ನು ಕನ್ನಡದಲ್ಲಿ ಸಂಕ್ಷಿಪ್ತವಾಗಿ ಸಾರಾಂಶ ಮಾಡಿ.
ಕೇವಲ ಕನ್ನಡದಲ್ಲೇ ಉತ್ತರಿಸಿ.

ಪ್ಯಾರಾಗ್ರಾಫ್:
In Shanghai there is an entire museum containing 70,000 artefacts dedicated to one man, ""the people's scientist"" Qian Xuesen. Qian is the father of China's missile and space programme. His research helped develop the rockets that fired China's first satellite into space, and missiles that became part of its nuclear arsenal, and he is revered as a national hero. But in another superpower, where he studied and worked for more than a decade, his significant contributions are rarely remembered at all. Qian was born in 1911, as China's last imperial dynasty was about to be replaced by a republic. His parents were both well-educated and his father, after working in Japan, established China's national education system. It was evident from an early age that Qian was gifted, and he eventually graduated top of his class at Shanghai Jiao Tong University, winning a rare scholarship to the Massachusetts Institute of Technology in the US. In 1935 a trim, well-dressed young man arrived in Boston. Qian may have experienced some xenophobia and racism, says Chris Jespersen, professor of history at the University of North Georgia. But there was ""also a sentiment of hope and belief that China [was] changing in fundamentally significant ways"", and he would certainly have been among people who respected his knowledge. From MIT Qian moved to the California Institute of Technology (Caltech), to study under one of the most influential aeronautical engineers of the day, the Hungarian émigré, Theodore von Karman. There Qian shared an office with another prominent scientist, Frank Malina, who was a key member of a small group of innovators known as the Suicide Squad. The group had earned this nickname because of their attempts to build a rocket on campus, and because some of their experiments with volatile chemicals went badly wrong, says Fraser Macdonald, author of Escape from Earth: A Secret History of the Space Rocket. Though he adds that no-one died. One day Qian got drawn into a discussion of a complicated mathematical problem with Malina and other members of the group and before long he was an integral part of it, producing seminal research into rocket propulsion. At the time, rocket science was the ""stuff of cranks and fantasists,"" Macdonald says. ""No-one is taking it seriously - no mathematically inclined engineer would risk their reputation by saying this is the future."" But that quickly changed with the start of World War II. The Suicide Squad caught the attention of the US military, which paid for research into jet-assisted take-off, where boosters were attached to the wings of aircraft to enable them to get airborne from short runways. Military funding also helped establish the Jet Propulsion Lab (JPL) in 1943, under the directorship of Theodore von Karman. Qian, along with Frank Malina, was at the heart of the project. Qian was a Chinese citizen, but the Republic of China was an ally of the US, so there was ""no massive suspicion about a Chinese scientist at the heart of American space endeavour"", says Fraser Macdonald. Qian was given security clearance to work on classified weapons research, and even served on the US government's Science Advisory Board. By the end of the war he was one of the world's foremost experts on jet propulsion, and was sent with Theodore von Karman on an extraordinary mission to Germany, holding the temporary rank of lieutenant colonel. Their goal was to interview Nazi engineers, including Wernher von Braun, Germany's leading rocket scientist; America wanted to find out exactly what the Germans knew. But by the end of the decade Qian's glittering career in the US came to a sudden halt, and his life there began to unravel. In China, Chairman Mao declared the creation of the communist People's Republic in 1949, and quickly the Chinese came to be seen in the US as ""the evil ones"", says Chris Jespersen. ""So we go through these periods in the US where we are infatuated with China, then something happens and we revile China,"" he says. Meanwhile, a new director at the JPL came to believe there was a spy ring at the lab, and shared his suspicions about some members of staff with the FBI. ""I note that they are all either Chinese or Jewish,"" says Fraser Macdonald. The Cold War was under way, and the anti-communist witch-hunts of the McCarthy era were just around the corner. It was in this atmosphere that the FBI accused Qian, Frank Malina and others of being communists, and a threat to national security. The charges against Qian were based on a 1938 document of the US Communist Party that showed he had attended a social gathering that the FBI suspected was a meeting of the Pasadena Communist Party. Although Qian denied being a party member, new research suggests he joined at the same time as Frank Malina in 1938. But this doesn't necessarily make him a Marxist. To be a communist at this time was a statement of anti-racism, says Fraser Macdonald. The group wanted to highlight the threat of fascism, he says, as well as the horror of racism in the US. They were campaigning, for example, against the segregation of the local Pasadena swimming pool, and used their communist meetings to discuss it. Zuoyue Wang, professor of history at California State Polytechnic University, Pomona, says there is no evidence that Qian ever spied for China or was an intelligence agent when he was in the US. He was, however, stripped of his security clearance and put under house arrest. Caltech colleagues, including Theodore von Karman, wrote to the government pleading Qian's innocence, but in vain. In 1955, when Qian had spent five years under house arrest, President Eisenhower took the decision to deport him to China. The scientist left by boat with his wife and two US-born children, telling waiting reporters he would never step foot in America again. He kept his promise. ""He was one of the most prominent scientists in America. He had contributed so much and could have contributed much more. So it's not just humiliation but also a sense of betrayal,"" says the journalist and writer, Tianyu Fang. Qian arrived as a hero in China but was not immediately admitted into the Chinese Communist Party. His record was not impeccable. His wife was the aristocratic daughter of a Nationalist leader, and until Qian's fall from grace he'd been living happily in America - he'd even taken the first steps towards applying for citizenship. When he finally became a party member in 1958, he embraced it and always tried to remain on the right side of the regime. He survived purges and the Cultural Revolution, and thus was able to pursue an extraordinary career. When he had arrived in China there was little understanding of rocket science, but 15 years later he oversaw the launch of the first Chinese satellite into space. Over the decades, he trained a new generation of scientists, and his work laid the foundations for China's Lunar Exploration Program. Ironically, the missile programme that Qian helped develop in China resulted in weapons which were then fired back on America. Qian's silkworm missiles were fired at Americans in the 1991 Gulf War, Fraser Macdonald says, and in 2016 against the USS Mason by Huti rebels in Yemen. ""So there's this odd circularity. The US expelled this expertise, and it has come back to bite them."" In taking a tough line against domestic communism, he suggests, the country deported ""the means by which one of their main communist rivals could develop their own missiles and space programme - an extraordinary geopolitical blunder."" A former US Secretary of the Navy, Dan Kimball - later head of the rocket propulsion company, Aerojet - once said it was ""the stupidest thing this country ever did"". Today, there is once again heightened tension between China and the US. This time it's not over ideology but trade, concerns over tech security, and China's failure - as President Donald Trump regards it - to do more to contain Covid-19. While most Americans have no idea about Qian and his role in America's space programme, Tianyu Fang says many Chinese Americans and Chinese students in the US, do know about him, and why he had to leave, and they see the parallels with the present day. ""US China relations have got so much worse they know they could be under the same suspicions as Qian's generation,"" he says. In Fraser Macdonald's view, Qian's story is a warning about what happens when you expel knowledge. ""The whole story of American science is that it is propelled by people coming from outside… but in these conservative times that's a story that becomes harder to celebrate."" The JPL's contribution to the US space programme has, Macdonald believes, been much neglected compared to that of Wernher von Braun and other German scientists, who were taken in secret to the US soon after the visit paid to them by von Karman and Qian. Braun had been a Nazi, and yet his achievements are recognised in a way that those of Qian and others from the JPL are not, Macdonald says. ""The idea that America's first viable space programme was started by homegrown socialists - whether Jewish or Chinese - is not really a story that the US is able to hear about itself,"" he says. Qian's life spanned almost a century. In that time China grew from an economic minnow to a superpower on Earth and in space. Qian was part of that transformation. But his story could have been a great American one too - where talent, wherever it is found, could thrive. Last year, when China made history and landed on the far side of the moon, it did so in the Von Karman crater, named after the aeronautical engineer who was a mentor to Qian. A nod, perhaps, to the fact that American anti-communism helped propel China into space. You may also be interested in: When Tom Patterson started vomiting during an Egyptian holiday he thought he had food poisoning. He was wrong. In fact he was infected with an antibiotic-resistant superbug and only his wife's determination and a revolutionary new treatment would save him. 'My husband squeezed my hand to say he wanted to live, then I found a way to save him'

ಕನ್ನಡ ಸಾರಾಂಶ:"
64,"BJP 102 ವಿಮಾನ ನಿಲ್ದಾಣಗಳನ್ನು ಹೆಚ್ಚಿಸಿದೆ ಎಂದು ಹೇಳುತ್ತದೆ, ಆದರೆ ಅಧಿಕೃತ ದತ್ತಾಂಶವು 68-94 ರ ನಡುವೆ ಬದಲಾಗುತ್ತದೆ. AC ರೈಲು ಪ್ರಯಾಣಕ್ಕಿಂತ 2017 ರಲ್ಲಿ 103.75 ಮಿಲಿಯನ್‌ಗಿಂತ ಹೆಚ್ಚಿನ ಜನರು ವಾಯುಮಾರ್ಗವನ್ನು ಬಳಸಿದ್ದಾರೆ ಎಂದು BJP ಹೇಳುತ್ತದೆ, ಇದು ವಾಸ್ತವವಾಗಿದೆ.",2014 ರಲ್ಲಿ ಅಧಿಕಾರಕ್ಕೆ ಬಂದ ನಂತರ ಪ್ರಸ್ತುತ ಸರ್ಕಾರವು ಹಾರಲು ಬಯಸುವ ಭಾರತೀಯರ ಹೆಚ್ಚುತ್ತಿರುವ ಸಂಖ್ಯೆಗಳಿಗೆ ವಿಮಾನ ಪ್ರಯಾಣವನ್ನು ತೆರೆಯುವುದು ಭರವಸೆಯಾಗಿದೆ.,0.8472906403940886,"ನೀನು ಸಹಾಯಕ, ನಿಖರ ಮತ್ತು ಸ್ಪಷ್ಟವಾಗಿ ಉತ್ತರಿಸುವ ಕನ್ನಡ AI ಸಹಾಯಕ. ಬಳಕೆದಾರರ ಪ್ರಶ್ನೆ ಅಥವಾ ಸೂಚನೆಗೆ ಕನ್ನಡದಲ್ಲೇ ಸೂಕ್ತ ಉತ್ತರ ನೀಡಿ.

ಕೆಳಗಿನ ಇಂಗ್ಲಿಷ್ ಪ್ಯಾರಾಗ್ರಾಫ್ ಅನ್ನು ಕನ್ನಡದಲ್ಲಿ ಸಂಕ್ಷಿಪ್ತವಾಗಿ ಸಾರಾಂಶ ಮಾಡಿ.
ಕೇವಲ ಕನ್ನಡದಲ್ಲೇ ಉತ್ತರಿಸಿ.

ಪ್ಯಾರಾಗ್ರಾಫ್:
By Samiha NettikkaraBBC News It has rolled out an ambitious project to extend regional air networks to connect underserved destinations to the major cities. The ruling BJP says its efforts have shown results, declaring that the number of airports operating in India has increased significantly. In the run-up to the Indian election, which gets under way on 11 April, BBC Reality Check is examining claims and pledges made by the main political parties. Claim: The ruling BJP party says it has increased the number of operational airports in India from 65 in 2014 to 102 by this year. It also claims that in 2017, more than 100 million passengers flew on domestic routes - and for the first time, more people travelled by air than in air-conditioned train compartments. Verdict: The data - from both government and aviation authorities - does point to more airports since 2014. But the exact number differs according to which source you use. The claims about air passenger numbers are true. How many airports? In February, the ruling BJP referred to 102 operational airports in a social media posting - saying this was up from 65 in 2014, when it came to power. There are several sources for official data - but they do not match. The Airports Authority of India, which is responsible for civil infrastructure, identifies 68 operational airports in 2013-14. By March 2018, it reported that there were 129 airports - but did not say how many were operational. A government statement in parliament in July 2018 said 101 were operational. India's Directorate General of Civil Aviation (DGCA) - the body that regulates civil aviation - has the following figures: Its website does not have airport numbers for 2014. It is worth adding that the Congress party-led government - in power from 2009 to 2014 - told parliament that as many as 90 airports were operational by February 2014, a higher figure than that given by the BJP. And the annual report of the Ministry of Civil Aviation for the same year mentions 94 operational airports. So if you take these figures, the increase in new airports under the BJP looks less dramatic. Read more from Reality Check How many passengers? What about the BJP claim that more than 100 million passengers flew on domestic routes in 2017, and in that year more people travelled by air than in air-conditioned train compartments? A statement in parliament last year said that the total number of passengers on scheduled domestic routes was 103.75 million for the fiscal year 2016-17. And the DGCA figures show that there were already nearly 100 million passengers carried on domestic routes during the calendar year of 2016. So did more passengers travel by air than by the most expensive class of rail travel in 2017 - air conditioned (AC) coach? According to the annual report of Indian railways in 2016-17, the number of AC coach passengers that year was about 145.5 million. The DGCA says there were a total of 158.43 million passengers on both domestic and international air routes in India in 2017, surpassing those using AC train carriages. Stiff competition between domestic airlines in recent years has pushed down the cost of flights to a level now comparable with AC rail travel, and of course it's much faster. However, many more millions continue to use cheaper forms of rail travel.

ಕನ್ನಡ ಸಾರಾಂಶ:"
65,"Soutik BiswasIndia correspondent He sleepily shuffled to the verandah and looked outside. It was pitch black. Atulya Chakravarty had woken up in the middle of a rainy night to use the toilet. The two energy efficient fluorescent light bulbs that always lit up the courtyard at night to keep out burglars were not burning. That is unusual, he thought to himself. He returned to the bedroom, woke up his wife, Moitri, and asked her whether she had forgotten to switch them on before going to bed. She mumbled she hadn't, pushed off the quilt and climbed out of bed. The couple stepped out onto the verandah which ran alongside two bedrooms on the ground floor of their squat two-storied house in the city of Muzaffarpur. Now,","ಆರು ವರ್ಷಗಳ ಹಿಂದೆ, ಪೂರ್ವ ಭಾರತದ ರಾಜ್ಯವಾದ ಬಿಹಾರದಲ್ಲಿ 12 ವರ್ಷದ ಶಾಲಾ ಬಾಲಕಿಯನ್ನು ಆಕೆಯ ಮಲಗುವ ಕೋಣೆಯಿಂದ ಮಧ್ಯರಾತ್ರಿ ಅಪಹರಿಸಲಾಗಿತ್ತು. ಅಸಾಮಾನ್ಯ ಪ್ರಕರಣದ ತನಿಖೆಯನ್ನು ವಹಿಸಿಕೊಳ್ಳಲು ಫೆಡರಲ್ ಡಿಟೆಕ್ಟಿವ್‌ಗಳಿಗೆ ಆದೇಶ ನೀಡಲು ದೇಶದ ಉನ್ನತ ನ್ಯಾಯಾಲಯವನ್ನು ಪ್ರೇರೇಪಿಸಿತು, ಆದರೆ ಅವರು ಖಾಲಿ ಇರಿಸಿದ್ದಾರೆ. ಹಾಗಾದರೆ ಆಕೆಯು ಜೀವಂತವಾಗಿದ್ದಾಳೆ ಎಂದು ಆಕೆಯ ಹೆತ್ತವರು ಇನ್ನೂ ಏಕೆ ನಂಬುತ್ತಾರೆ?",0.0,"ನೀನು ಸಹಾಯಕ, ನಿಖರ ಮತ್ತು ಸ್ಪಷ್ಟವಾಗಿ ಉತ್ತರಿಸುವ ಕನ್ನಡ AI ಸಹಾಯಕ. ಬಳಕೆದಾರರ ಪ್ರಶ್ನೆ ಅಥವಾ ಸೂಚನೆಗೆ ಕನ್ನಡದಲ್ಲೇ ಸೂಕ್ತ ಉತ್ತರ ನೀಡಿ.

ಕೆಳಗಿನ ಇಂಗ್ಲಿಷ್ ಪ್ಯಾರಾಗ್ರಾಫ್ ಅನ್ನು ಕನ್ನಡದಲ್ಲಿ ಸಂಕ್ಷಿಪ್ತವಾಗಿ ಸಾರಾಂಶ ಮಾಡಿ.
ಕೇವಲ ಕನ್ನಡದಲ್ಲೇ ಉತ್ತರಿಸಿ.

ಪ್ಯಾರಾಗ್ರಾಫ್:
Soutik BiswasIndia correspondent He sleepily shuffled to the verandah and looked outside. It was pitch black. Atulya Chakravarty had woken up in the middle of a rainy night to use the toilet. The two energy efficient fluorescent light bulbs that always lit up the courtyard at night to keep out burglars were not burning. That is unusual, he thought to himself. He returned to the bedroom, woke up his wife, Moitri, and asked her whether she had forgotten to switch them on before going to bed. She mumbled she hadn't, pushed off the quilt and climbed out of bed. The couple stepped out onto the verandah which ran alongside two bedrooms on the ground floor of their squat two-storied house in the city of Muzaffarpur. Now, lit by torchlight, what they saw sent chills down their spine. The two doors in the closed verandah that overlooked the courtyard were ajar. Fear woke them up completely. The panicked mother ran into the adjoining bedroom where their 12-year-old daughter Navaruna had gone to sleep. The frail and shy girl had spent the day at home. She had applied henna on her hands, watched cartoons on TV and had bread and milk for dinner before calling it a night. The lights went on. A tidily arranged silk shawl, a crumpled pillow and the mosquito net on the antique bed were in their place. But the bed itself was empty. ""She's not here, she's not here!"" Mrs Chakravarty screamed into the night. Navaruna Chakravarty disappeared on the night of 18 September 2012, a Tuesday. Or was it in the wee hours of 19 September? The girl 'vanishes' Investigators believe at least one person wriggled into her room after wrenching open the rotting iron bars of her bedroom window - it overlooked a dingy lane that was the main path used to access the house. He had possibly gagged and sedated the sleeping girl. Woken up violently, she had urinated in fright, leaving a wet patch on the sheets. Then he had carried her out to the verandah. Investigators believe the abductor opened the two doors from inside the house to let more people in. They had helped carry the girl out through an opening in the back of the house - the front door was locked from inside. There was a vehicle waiting on the main road, a few yards away. The girl and her abductors vanished into the drizzly night. Navaruna's parents believe she's still alive and her captors are at large. Investigators believe she's dead but concede the captors are still roaming free. A month after the incident, police arrested three men, including a distant, estranged relative of the Chakravartys. The police said the three ""seemed that they were hiding something"", but found nothing incriminating to implicate them in the crime. They were released after nine months in prison. On 26 November, local people found some skeletal remains in a neatly wrapped plastic bag in a fetid open drain close to the Chakravarty home. The family remembers there was some commotion, as municipal workers came, took out the bag and handed it over to the police. Bone examination Later that day, police told the family that they had found their daughter's bones. The parents refused to believe them and asked: Where's the evidence? The following month, a state hospital carried out a forensic examination of the bones ""attached to decomposed muscles and tissues"" - a collarbone, a long upper arm long bone, bits of femur and tibia. Doctors took away a molar tooth, a rib, a part of the thoracic vertebrae - a group of a dozen small bones that form the vertebral spine in the upper trunk - and some decomposed thigh muscles for DNA tests. The examiner concluded that the bones ""are of human in nature and belong to an individual, of a female, about 13-15 years of age who died 10 to 20 days before the date of receiving"" the remains. The cause of death ""could not be ascertained"". The examiner said clothes found on ""the decomposed body are suggestive of [a] teenage female"". The forensic doctor had examined a few bones - and certainly not a body - that arrived in a small box. The box also contained a black top, orange-and-white striped underwear and a black skirt, which the ""body"" was apparently wearing. The Chakravartys have always believed that the bones do not belong to their daughter, and that the bag was ""planted"" in the drain. They agreed to DNA tests in 2014, but they say the results have not been shared with them. ""If the bones are indeed of my daughter, why are investigators not sharing the results of the DNA tests?"" wonders Mr Chakravarty. The federal crime fighting agency, the Central Bureau of Investigation (CBI), which took over the probe in 2014, said what had happened was a ""blind kidnapping-cum-murder case"". And the motive appeared to be a feud over the house in which the family has lived for decades, and from where Navaruna was taken away in the middle of the night. Lawless city Muzaffarpur, a teeming, exhausted city in one of India's poorest states, is known for cheap clothes, lacquered bangles and gangsters. Murders and abductions for ransom are common. Many are over plots which rival ""land mafias"", as they are called here, try to grab or buy cheap using coercion and fear. The streets are filled with dread for unescorted women who say they are stalked and harassed by men with impunity. The Chakravartys had been long planning to sell their century-old tumbledown house in a congested but prime neighbourhood and move out of the city. Mr Chakravarty, now 66, is a retired pharmaceutical sales representative. A fortnight before the kidnapping, he had signed an agreement to sell his property - the six-room house, a courtyard filled with palm, coconut and guava trees, a disused well and a small outhouse - for some 30 million rupees ($410,000; £320,000) to a local realtor, and accepted an advance of a little more than two million rupees. As word of the impending sale swirled around the town, Mr Chakravarty says he came under pressure to cancel the deal and sell the house to a rival realtor. Even local policemen came home and asked him, he says, to cancel the deal. ""It was clear that the local police was in cahoots with a gang that wanted me to cancel the deal and sell it to another party. I was holding out. Then my daughter disappeared."" With her abduction, the house effectively became a crime scene, and the process of selling it ground to a halt. Over the next few years, police questioned Navaruna's family, relatives, friends and teachers. They searched the Chakravarty residence, and took away two of her diaries. One, according to the police, had some photographs and stickers, while in another she had apparently ""written about the qualities of a Dream Boy"" without naming him. (They were clearly pursuing an unsuccessful ""elopement"" angle at the time.) They even inspected a septic tank in her house to check for any human remains, to rule out an ""honour killing"". Teams fanned all over India, keeping an eye on crowded bus stands and railway stations. Police even staked out a hostel in Delhi where the couple's eldest daughter lived. 'Police involvement' Mobile phone records of at least 100 people, including the family and the original suspects, were examined. Data from hundreds of thousands of phones from mobile towers of half a dozen telecom providers were examined for chatter in the neighbourhood on the night of the kidnapping. Raids were conducted at various places, including a local red-light district, to rule out trafficking. ""We have made sincere efforts to track down Navaruna. We have made intense examinations. We have carried out scientific investigations,"" the police told the court. The investigation clearly appeared to have hit the buffers. Last month, the CBI told the Supreme Court that it had arrested six more suspects in April, questioned them for eight days and remanded them to judicial custody for 90 days before the court released them on bail. They had searched their homes and offices and found nothing suspicious. But in a significant twist, the sleuth agency said it had questioned three senior police officers who were directly connected with the investigation when the incident happened. In a report submitted to the top court last month, the agency said the first investigating officer and the head of the Muzaffarpur police station ""have to go through narco tests and brain mapping test"". ""Truth drug"" test results have never been admissible in Indian courts but police say they have provided leads. In the tests, a suspect is injected with sodium penthanol, a chemical that numbs powers of perception and supposedly makes it difficult for a person to lie during questioning. 'Don't play games' The agency also spoke about the ""deceptive response"" of the main policemen investigating the case, and pledged to explore the ""bureaucrat-mafia nexus"" in the crime. Waiting for their daughter has taken a grim toll on the Chakravarty family. A heart patient, Mr Chakravarty nearly overdosed on sleeping pills after spending sleepless nights waiting for his daughter. Every day, for two years after the incident, Mrs Chakravarty would visit the local police station and demand answers from the officer in charge. ""Don't play games with me,"" she would tell the policemen. ""Give me my daughter back."" Over the years, Mr Chakravarty has turned from a grieving father to an angry, obsessive detective, trying to find clues about Navaruna's disappearance. He has recorded four gigabytes of phone conversations with police officials on his mobile phones and ""mysterious calls"" he says he received from different parts of India until a month after his daughter's disappearance. ""I even heard my daughter's muffled voice in some of them,"" he says. In his clear handwriting and in finely-vivid detail, he has written five exhaustive diaries, detailing his conversations with investigators. He's begun writing a book on the case, and has already completed 170 pages. He has written letters to politicians, judges, and the prime minister and president of India. He has personally visited the state's chief minister Nitish Kumar and complained about the snail-paced investigation. He reads aloud obsessively from the diaries, almost enacting the scenes and intoning the voice of the detectives, as if to tell the world: ""Listen to me. I know who's behind the kidnapping. Why is no one taking me seriously?"" More from Soutik All this is triggered, says Mr Chakravarty, by a sense of guilt, grief and vengeance. There's guilt over his failure to protect his daughter; grief at her prolonged disappearance and vengeance ""against the system which conspires to delay justice to common people"". ""How can I go on living here like this,"" says Moitri Chakravarty. ""How long can you live in this house of memories? When she returns home, we will leave the place."" The crumbling house is an oppressive museum of memories, carrying the full weight of darkness and tragedy. The Chakravartys seem to have even stopped cleaning the room that Navaruna spent most her time in, lest a speck of memory vanishes with the dust. ""Navaruna is everywhere, around us. Just look around and you will feel her presence,"" says Mrs Chakravarty. Her school uniform - the maroon tie and skirt, the white cap - is packed inside a string basket which hangs on the wall outside. Her maroon cotton towel, now mouldy with age, hangs outside the door, untouched since she disappeared. In a corner stands a pink cycle which her father bought for her 20-minute ride to the convent school. In the room, a glazed-glass cupboard is full of the missing girl's possessions. Plastic dolls gaze eerily through the dust. A small red purse with 200 rupees lies in a corner. The printed school schedule is pasted behind the door. A folded study table lies in a corner. In the room where she went missing, her pink dress hangs on a fraying clothesline; a white vest is strung up near the main door. On the dressing table she shared with her mother, her tube of moisturizer is untouched. On her father's table, which she would sometimes use, there's a faded pink whistle, painting books with drawings of young girls and cartoon characters. And there are strips of medicine tablets that her father takes every day to keep his blood pressure in control and protect his heart. It is a house of suffering and pain. ""Navaruna is coming back. So we have kept her things in place"", Ms Chakravarty says, welling up. ""She's 18 now. I wonder how she looks.""

ಕನ್ನಡ ಸಾರಾಂಶ:"
66,"Shaimaa Ahmed, 25, known professionally as Shyma, was arrested last month after a video sparked outrage. She was found guilty of inciting debauchery and publishing an indecent film. The director was also sentenced to two years in prison. She apologised for the inappropriate use of her song 'I Have Issues'. Last year, three female dancers were convicted for similar offences. Another singer is facing trial for suggesting drinking from the Nile could make someone ill. A lawsuit was filed after a video showed Sherine Abdel Wahab being asked to sing about it. The Musicians Syndicate banned her for two months.",ಈಜಿಪ್ಟ್‌ನ ನ್ಯಾಯಾಲಯವು ಅಶ್ಲೀಲವಾಗಿ ಬಾಳೆಹಣ್ಣು ತಿನ್ನುವಾಗ ಸಂಗೀತ ವೀಡಿಯೊದಲ್ಲಿ ತನ್ನ ಒಳ ಉಡುಪಿನಲ್ಲಿ ಕಾಣಿಸಿಕೊಂಡ ಗಾಯಕಿಗೆ ಎರಡು ವರ್ಷಗಳ ಕಾಲ ಜೈಲು ಶಿಕ್ಷೆ ವಿಧಿಸಿದೆ ಎಂದು ವರದಿಯಾಗಿದೆ.,0.0,"ನೀನು ಸಹಾಯಕ, ನಿಖರ ಮತ್ತು ಸ್ಪಷ್ಟವಾಗಿ ಉತ್ತರಿಸುವ ಕನ್ನಡ AI ಸಹಾಯಕ. ಬಳಕೆದಾರರ ಪ್ರಶ್ನೆ ಅಥವಾ ಸೂಚನೆಗೆ ಕನ್ನಡದಲ್ಲೇ ಸೂಕ್ತ ಉತ್ತರ ನೀಡಿ.

ಕೆಳಗಿನ ಇಂಗ್ಲಿಷ್ ಪ್ಯಾರಾಗ್ರಾಫ್ ಅನ್ನು ಕನ್ನಡದಲ್ಲಿ ಸಂಕ್ಷಿಪ್ತವಾಗಿ ಸಾರಾಂಶ ಮಾಡಿ.
ಕೇವಲ ಕನ್ನಡದಲ್ಲೇ ಉತ್ತರಿಸಿ.

ಪ್ಯಾರಾಗ್ರಾಫ್:
Shaimaa Ahmed, a 25-year-old known professionally as Shyma, was arrested last month after the video sparked outrage in the conservative country. On Tuesday, she was found guilty of inciting debauchery and publishing an indecent film, local media said. The video's director was also sentenced to two years in prison in absentia. Shyma had apologised before her arrest to people who took the video for the song, I Have Issues, ""in an inappropriate way"". ""I didn't imagine all this would happen and that I would be subjected to such a strong attack from everyone,"" she wrote on her now-deleted Facebook page. Last year, Egyptian courts sentenced three female dancers to six months each in prison after convicting them of inciting debauchery in music videos. Another singer is meanwhile facing trial for ""spreading provocative publicity"" because she suggested that drinking from the River Nile could make someone ill. A lawsuit was filed last month after video emerged showing Sherine Abdel Wahab being asked at a concert last year to sing Mashrebtesh Men Nilha (Have You Drunk From The Nile?). She responded by saying ""drinking from the Nile will get me schistosomiasis"" - a disease caused by a parasitic worm that is commonly known as bilharzia. On Monday, the Egyptian Musicians Syndicate announced that it had decided to ban Abdel Wahab from performing concerts in the country for two months.

ಕನ್ನಡ ಸಾರಾಂಶ:"
67,"ವಿಕಾಸ್‌ ಪಂಡೇ ಅವರು BBC News, ದೆಹಲಿಯಿಂದ ವರದಿ ಮಾಡುತ್ತಾರೆ. ಅವರು ತೀವ್ರವಾದ ಬೆಂಕೆಯನ್ನು ಅನುಭವಿಸಿದರು ಆದರೆ ವೈರಸ್‌ಗೆ ಪಾಸಿಟಿವ್‌ಗಾಗಿ ಪರೀಕ್ಷೆಗೆ ಒಳಗಾಗಲಿಲ್ಲ. ಅವರ ತಾರ್ಕಿಕತೆ: ಅವನು ತನ್ನ ಮನೆಗಿಂತ ಹೊರಗೆ ಇನ್ನುವಷ್ಟೂ ಇಲ್ಲದ ಕಾರಣ, ಅವನು COVID-19 ಗೆ ಸೋಂಕು ಪಡೆಯಲು ಸಾಧ್ಯವಿಲ್ಲ ಎಂದು ಅವರು ನಂಬಿದ್ದರು. 8 ದಿನಗಳ ನಂತರ, ಅವನ ಸ್ಥಿತಿ ಹಠಾತ್ತನೆ ಸುಧಾರಿಸಿತು ಮತ್ತು ಆಸ್ಪತ್ರೆಗೆ ಕರೆದೊಯ್ಯಲಾಯಿತು. ಪರೀಕ್ಷೆಯು ಧನಾತ್ಮಕವಾಗಿತ್ತು. 'ನಾನು ಬದುಕೊಂಡೇ ಆದರೆ ವೈದ್ಯರು ಹೇಳಿದ್ದಾರೆ, ಯಾವುದೇ ವಿಳಂಬವು ನನ್ನ ಜೀವನವನ್ನು",45 ವರ್ಷದ ರಾಜೇಶ್ ಕುಮಾರ್ ಅವರಿಗೆ ಜೂನ್ ಆರಂಭದಲ್ಲಿ ಕೆಮ್ಮು ಶುರುವಾಗಿತ್ತು. ಕೆಲವೇ ದಿನಗಳಲ್ಲಿ ಅವರು ತೀವ್ರ ಜ್ವರದಿಂದ ಬಳಲುತ್ತಿದ್ದರು.,0.9224806201550387,"ನೀನು ಸಹಾಯಕ, ನಿಖರ ಮತ್ತು ಸ್ಪಷ್ಟವಾಗಿ ಉತ್ತರಿಸುವ ಕನ್ನಡ AI ಸಹಾಯಕ. ಬಳಕೆದಾರರ ಪ್ರಶ್ನೆ ಅಥವಾ ಸೂಚನೆಗೆ ಕನ್ನಡದಲ್ಲೇ ಸೂಕ್ತ ಉತ್ತರ ನೀಡಿ.

ಕೆಳಗಿನ ಇಂಗ್ಲಿಷ್ ಪ್ಯಾರಾಗ್ರಾಫ್ ಅನ್ನು ಕನ್ನಡದಲ್ಲಿ ಸಂಕ್ಷಿಪ್ತವಾಗಿ ಸಾರಾಂಶ ಮಾಡಿ.
ಕೇವಲ ಕನ್ನಡದಲ್ಲೇ ಉತ್ತರಿಸಿ.

ಪ್ಯಾರಾಗ್ರಾಫ್:
By Vikas PandeyBBC News, Delhi He didn't get tested for coronavirus. Instead he took anti-fever medication for five days. But the fever persisted, and soon he had difficulty breathing. His family asked him to get tested, but he refused. His rationale was that there was no way he could have contracted Covid-19 because he had hardly stepped out of his house in Delhi, and he had not met anybody who had the virus or was even suspected of having it. Eight days after the symptoms first appeared, his condition deteriorated. He was rushed to hospital, where he tested positive. ""I survived, but doctors told me that any more delay in hospitalisation could have cost me my life,"" he says. Mr Kumar hasn't been able to track the source of his infection and is still unsure how he caught it. Experts say there are many such cases - proof that ""full-blown"" community transmission is happening in India. But the government refuses to accept that community transmission has begun, saying there is no clear definition of the term, and each country can define it based on local conditions. So far, Kerala and West Bengal are the only two states to accept that they have entered this stage. But global understanding on the subject is simple: when the source of infection can't be traced in a large number of cases, it's safe to define it as community transmission. The WHO's guidelines say the same: ""community transmission is evidenced by the inability to relate confirmed cases through chains of transmission for a large number of cases"". This is certainly happening in India, according to Dr Arvind Kumar, chairman of the Centre for Chest Surgery at Delhi's Sir Gangaram Hospital. He says that more and more patients are turning up at hospitals whose source of infection cannot be traced. And, he adds, the rising case numbers support this. India has recorded more than 1.2 million cases and nearly 29,000 deaths. ""These stats don't lie,"" Dr Kumar says. ""You have state after state where infection rates are going up rapidly. There is no point in denying what is right in front of you."" But the government disagrees. A top doctor from the Indian Medical Association (IMA) recently acknowledged that India was in the community transmission phase, but the IMA retracted the statement two days later, saying it was the doctor's ""personal opinion"". The turnaround baffled many. Virologist Dr Shahid Jameel says the government needs to listen to doctors and experts, and acknowledge the evidence. There is no denying that the virus is more widespread now than a month ago. More states - such as Andhra Pradesh and Bihar - and more districts beyond dense urban areas are now reporting a surge in cases. Many of them were not prepared because they largely relied on quarantining and testing people coming from other states to halt the spread. But they did not take enough steps to curb the spread locally. Even the former strategy had gaps, because it's not possible to completely man porous borders between states. And many states also lack the means to track and test each person entering their territory. Dr Jameel adds that there was a sense that the virus could be contained within big cities and certain hotspot states, preventing it from reaching other parts of the country. ""That hasn't happened and now Covid-19 is spreading unchecked,"" he says. The virus is travelling fast, often leaving no trace to establish the chain of transmission. Dr Jameel points out that the government's own survey showed that 40% of the respondents who had respiratory illnesses did not know how they got sick. ""We have enough evidence to accept there is community transmission,"" he says. But experts say this didn't happen overnight. Rather, it happened over several weeks as the government continued to deny it. ""We had localised community transmission in early stages of the pandemic. But now it's spread across the country, it's there for everybody to see,"" Dr Kumar says. So why is the government so reluctant to accept the obvious? Experts say they ""can only guess"" since the government hasn't said much on the matter, and has not released an official definition of the term to support its stance. One reason could be that the government sees accepting the existence of community transmission as a failure of its policies. The government can't be blamed for community transmission, argues Dr Jameel, adding that it needs to be more forthright with data and accept what science proves. He adds that community transmission is often a possibility with such a highly infectious virus in densely populated countries like India. Denials only add more pressure, say experts, and spark an unnecessary debate around the topic. And the argument is pointless now, according to leading epidemiologist Dr Lalit Kant, who has worked with the government. He says ""we have to keep improving our strategy"", whether we call it community transmission or not. ""India is a large country - you may control the virus in one state and then another state will flare up. So, we really don't need a definition to understand the ground reality,"" he says. ""It's getting worse, and that is the harsh truth."" But accepting community transmission may require significant policy changes. The WHO says ""individual case identification, contact tracing, and quarantining are no longer necessary"" in a ""large-scale community transmission scenario"". Instead it advises countries to focus on tracking the geographical spread of the virus through data and deploy healthcare facilities accordingly. Dr Kant says it's possible that the government may not want to announce a shift in policy at the moment. Possibly because it's taken months for governments - both federal and state - to ramp up testing, and to implement test and trace protocols. The other challenge is that the pandemic is in different stages in different parts of India, which makes it difficult to overhaul the policy altogether. ""But it still doesn't justify their constant denials. They need to say what their long-term approach is or what their definitions are about community transmission,"" he adds. The public has a right to know, Dr Kant says, and the government should be transparent.

ಕನ್ನಡ ಸಾರಾಂಶ:"
68,"Amlo ಅವರು ಭವಿಷ್ಯವಾಣಿಯನ್ನು ಪೂರೈಸಿದ್ದಾರೆ ಎಂದು ಸಂಕ್ಷಿಪ್ತವಾಗಿ ಹೇಳಲಾಗಿದೆ. ಅವರು 65 ವರ್ಷದವರಾಗಿದ್ದು, ಮೂರು ಚುನಾವಣಾ ಪ್ರಯತ್ನಗಳನ್ನು ಮಾಡಿದರು ಮತ್ತು ಜನಪ್ರಿಯರಾಗಿರುವವರು. ಅವರ ಆರ್‌ನ್‌ಸ್‌ಟ್‌‌ನ್‌ನ್‌ನ್‌ನ್‌ನ್‌ನ್‌ನ್‌ನ್‌ನ್‌ನ್‌ನ್‌ನ್‌ನ್‌ನ್‌ನ್‌ನ್‌ನ್‌ನ್‌ನ್‌ನ್‌ನ್‌ನ್‌ನ್‌ನ್‌ನ್‌ನ್‌ನ್‌ನ್‌ನ್‌ನ್‌ನ್‌ನ್‌ನ್‌ನ್‌ನ್‌ನ್‌ನ್‌ನ್‌ನ್‌ನ್‌ನ್‌ನ್‌ನ್‌ನ್‌ನ್‌ನ್‌ನ್‌ನ್‌ನ್‌ನ್‌ನ್‌ನ್‌ನ್‌ನ್‌ನ್‌ನ್‌ನ್‌ನ್‌ನ್‌ನ್‌ನ್‌ನ್‌ನ್‌ನ್‌ನ್‌ನ್‌ನ್‌ನ್‌ನ್‌ನ್‌ನ್‌ನ್‌ನ್‌ನ್‌ನ್‌ನ್‌ನ್‌ನ್‌ನ್‌ನ್‌ನ್‌ನ್‌ನ್‌ನ್‌ನ್‌ನ್‌ನ್‌ನ್‌ನ್‌ನ್‌ನ್‌ನ್‌ನ್‌ನ್‌ನ್‌ನ್‌ನ್‌ನ್‌ನ್‌ನ್‌ನ್‌ನ್‌",ಆಂಡ್ರೆಸ್ ಮ್ಯಾನುಯೆಲ್ ಲೋಪೆಜ್ ಒಬ್ರಡಾರ್ - ಏಳು ದಶಕಗಳಲ್ಲಿ ಮೆಕ್ಸಿಕೋದ ಮೊದಲ ಎಡಪಂಥೀಯ ಅಧ್ಯಕ್ಷರು - ದೇಶದ ಸಂಸತ್ತಿನಲ್ಲಿ ನಡೆದ ಸಮಾರಂಭದಲ್ಲಿ ಪ್ರಮಾಣ ವಚನ ಸ್ವೀಕರಿಸಿದರು.,0.7478260869565218,"ನೀನು ಸಹಾಯಕ, ನಿಖರ ಮತ್ತು ಸ್ಪಷ್ಟವಾಗಿ ಉತ್ತರಿಸುವ ಕನ್ನಡ AI ಸಹಾಯಕ. ಬಳಕೆದಾರರ ಪ್ರಶ್ನೆ ಅಥವಾ ಸೂಚನೆಗೆ ಕನ್ನಡದಲ್ಲೇ ಸೂಕ್ತ ಉತ್ತರ ನೀಡಿ.

ಕೆಳಗಿನ ಇಂಗ್ಲಿಷ್ ಪ್ಯಾರಾಗ್ರಾಫ್ ಅನ್ನು ಕನ್ನಡದಲ್ಲಿ ಸಂಕ್ಷಿಪ್ತವಾಗಿ ಸಾರಾಂಶ ಮಾಡಿ.
ಕೇವಲ ಕನ್ನಡದಲ್ಲೇ ಉತ್ತರಿಸಿ.

ಪ್ಯಾರಾಗ್ರಾಫ್:
The former Mexico City mayor pledged on Saturday to end corruption and impunity to transform the nation on behalf of the poor and marginalised. The 65-year-old, popularly known by his initials Amlo, won a landslide victory in July - his third presidential bid. The political veteran begins his six-year term with approval ratings of 56%. His predecessor Enrique Peña Nieto leaves office with only 24% - his administration was plagued with corruption scandals and murder rates reaching record-high levels. President López Obrador inherits an immediate foreign policy issue - what to do about the thousands of Central American migrants camping on the US-Mexico border. Foreign dignitaries including US Vice-President Mike Pence, first daughter Ivanka Trump and Bolivian President Evo Morales attended the inauguration in the capital. Venezuelan President Nicolás Maduro did not attend the swearing-in ceremony, at which protesters unfurled a banner reading ""Maduro, you're not welcome"", but did go to a dinner hosted by Amlo. British Labour leader Jeremy Corbyn, who Mr López Obrador considers a close friend, was also present. Mr López Obrador - whose leftist National Regeneration Movement party (Morena) will lead a coalition government - later took part in a traditional indigenous ceremony in Mexico City's Zócalo square. What did Amlo say? ""We will carry out a peaceful and orderly but also deep and radical transformation,"" the silver-haired leader said in his first speech to Congress. ""Because we will put an end to the corruption and impunity that are blocking Mexico's rebirth."" Mr López Obrador reiterated many of the populist pledges he made during his campaign, tackling crime, poverty and corruption. He intends to rule frugally - selling Mexico's presidential plane, not living in the presidential palace, and by cutting his own salary by 60%. Mexico has privatised almost every part of its economy over the past three decades and Amlo vowed to reverse what he called disastrous neo-liberal economic policies of his predecessors. He promised that he would ""never seek re-election"" and more surprisingly, announced his intention to promote a recall referendum during his administration, allowing voters to remove an elected official through a direct vote. ""I no longer belong to myself, I belong to you, I belong to the people of Mexico,"" the new president said. New hope for Mexico Will Grant, BBC Mexico and Central America correspondent To chants of ""Presidente"" and ""Yes we could!"" inside the chamber, Andres Manuel López Obrador received the presidential sash from the outgoing President Enrique Peña Nieto. There has undoubtedly been a sea change in Mexican politics but whether he will truly be able to effect a change in Mexico remains to be seen. It certainly won't be easy given the extent to which such problems are endemic in the country's politics and society. However, the new presidential approach was clear from the moment Amlo left his home to attend the ceremony. He travelled in the same aging Volkswagen he has driven for years while Mr Peña Nieto was in the usual armoured convoy. Crowds also flocked to watch the ceremony at the official residence of Los Pinos, which President López Obrador has refused to live in and has instead turned into a public museum. His thousands of supporters have gathered in the main square in Mexico City to celebrate a moment many thought would never come: the one-time political outsider now crowned as the new hope for change in Mexico. First act President López Obrador has signed an agreement with three Central American counterparts to create a plan to stem the flow of migrants seeking asylum in the US, the Associated Press reported. Mexico's foreign ministry said the plan included a fund to generate jobs in the region. In the Mexican border city of Tijuana, more than 6,000 migrants from Honduras, Guatemala and El Salvador face months of waiting for their asylum claims to be processed. They say they are fleeing persecution, poverty and violence in their home countries and have travelled more than 4,000km (2,500 miles) for a chance at the American Dream.

ಕನ್ನಡ ಸಾರಾಂಶ:"
69,"Sammy Wanaina received a text message asking him to provide his Sim card's secret code. He was confused as he had not requested a new card and had just ended a call that he realised was from a fraudster posing as customer services. He immediately reported the incident to Safaricom, but lost access to his number for three days. He tweeted about it, prompting others to share their experiences - many of whom lost money in the scam. A politician lost $18,000 and couldn't access his mobile wallet or bank account. The cyber-security firm Serianu said this is a common scam in Nigeria since 2016 and Kenya has seen it recently. Safaricom urged customers to safeguard their passwords and be aware of its official number to","ಕೀನ್ಯಾದಲ್ಲಿ ಮೊಬೈಲ್ ಫೋನ್‌ಗಳು ಬ್ಯಾಂಕ್ ಖಾತೆಗಳಂತೆಯೇ, ಕೆಲವರು ತಮ್ಮ ಎಲ್ಲಾ ಉಳಿತಾಯವನ್ನು ತಮ್ಮ ಫೋನ್‌ನಲ್ಲಿ ಇಡುತ್ತಾರೆ ಮತ್ತು ವಂಚಕರು ಹಣವನ್ನು ಕದಿಯಲು ಅವುಗಳನ್ನು ಹ್ಯಾಕ್ ಮಾಡಲು ಪ್ರಯತ್ನಿಸುತ್ತಿದ್ದಾರೆ.",0.0,"ನೀನು ಸಹಾಯಕ, ನಿಖರ ಮತ್ತು ಸ್ಪಷ್ಟವಾಗಿ ಉತ್ತರಿಸುವ ಕನ್ನಡ AI ಸಹಾಯಕ. ಬಳಕೆದಾರರ ಪ್ರಶ್ನೆ ಅಥವಾ ಸೂಚನೆಗೆ ಕನ್ನಡದಲ್ಲೇ ಸೂಕ್ತ ಉತ್ತರ ನೀಡಿ.

ಕೆಳಗಿನ ಇಂಗ್ಲಿಷ್ ಪ್ಯಾರಾಗ್ರಾಫ್ ಅನ್ನು ಕನ್ನಡದಲ್ಲಿ ಸಂಕ್ಷಿಪ್ತವಾಗಿ ಸಾರಾಂಶ ಮಾಡಿ.
ಕೇವಲ ಕನ್ನಡದಲ್ಲೇ ಉತ್ತರಿಸಿ.

ಪ್ಯಾರಾಗ್ರಾಫ್:
Sammy Wanaina received a text message on Sunday asking him to provide the secret personal code so that his Sim card could be swapped. He was confused, he had not asked for a new card - and just moments earlier he had terminated a call that he now realised must have been from a fraudster who had posed as a customer services adviser from the phone company. ""It was a brief call and I did not give any of my details,"" Mr Wanaina told the BBC. He immediately contacted Safaricom, his mobile provider, to report that he suspected that there was an ongoing attempted fraud on his number. Despite not giving out his details - and reporting the fraud to Safaricom - he completely lost access to his number and only getting back control after three days. He tweeted that the whole experience had scared him. Mr Wanaina says Safaricom contacted him after his complaint and issued him with a new Sim card as a precaution - without giving further details about how he lost access to his number. The company tweeted him to say it was ""committed to safeguarding customer information and... that we will follow up this matter to its conclusion"". 'I lost $18,000' His story prompted others to share their experiences - many of whom had lost money in the scam. Politician Stanley Wanjiku revealed that he had been trapped by the fraudsters, losing $18.000 (£14,000). He told the Daily Nation newspaper that his trouble started after he received a notification that he could not access his mobile wallet and had to call a certain number to reset it - which he did. He later learned that his Pin number has been replaced and a new one regenerated, so he could not get access to his money. The paper did not say which service he had his account. ""I do not know how my mobile money Pin was regenerated and issued to strangers. I am at a loss how they identified themselves,"" Mr Wanjiku said, adding that a bank account not linked to his mobile phone was also hacked. More on mobile money: People tend to have several Sim cards from different companies - as they have different coverage and deals. This means Sim cards do get damaged, so it's not unusual for customers to want to replace them. Kenya has the highest number of users of mobile money in the world, a major reason why the recent Sim card fraud has caused such public alarm. Almost half of its 47 million population use the dominant M-Pesa platform to pay for services and conduct businesses. Through partnerships, phone companies have also managed to integrate mobile money services with banks, allowing customers to seamlessly move money back and forth. William Makatiani, from the cyber-security consulting firm Serianu, told the Daily Nation that the scam to hack into mobile phones is becoming more common. ""Sim swapping has become a big problem especially in Nigeria since 2016. It started picking up in Kenya in the last half of last year,"" he was quoted as saying. How to protect yourself It is not clear how exactly the scam is working, but this week the Communication Authority of Kenya, the body that regulates the mobile phone industry, told users to be on their guard: Safaricom also urged customers to safeguard their passwords, dates of birth and national identity numbers. It also said that subscribers should be aware of its official customer care number so as not to be duped by those trying to get access their account.

ಕನ್ನಡ ಸಾರಾಂಶ:"
70,"ಈ ಪ್ಯಾರಾಗ್ರಾಫ್‌ನ ಸಾರಾಂಶವು ಹೀಗಿರುತ್ತದೆ:

""He Named Me Malala"" ಚಿತ್ರವನ್ನು ನಿರ್ದೇಶಿಸಿದ ಡೇವಿಡ್ ಗಗ್‌ಗನ್‌ನ್‌ಗೆ, 15-ವರ್ಷದ ಮಲಾಲಾ ಯೂಸ್‌ಫ್‌ಜೈ ಅವರ ಬಗ್ಗೆ ಇನ್‌ಸ್‌ಟ್‌ನ್‌ಟ್‌‌ನಲ್ಲಿ ಓದಿದ್ದೇನು. ಇದು ಒಂದು ಸಾಮಾನ್ಯ ಹುಡುಗಿಯ ಜೀವನವನ್ನು (ಬೆಂಗಳೂರಿನಲ್ಲಿ) ಮತ್ತು ಅವಳ ತಾಯಿಯ ನಿರಂತರ ಕಟೌಟ್‌ಗಳನ್ನು (ಪಶ್ತೂನ್‌ಗಳಲ್ಲಿ) ಚಿತ್ರಿಸುತ್ತದೆ, ಇದು ಅವಳ ಬಾಲ್ಯದಿಂದ ಅವಳ ಪ್ರಸ್ತುತ ಸ್ಥಿತಿಗೆ ಕಾರಣವಾಗಿದೆ ಎಂದು ಅದು ತೋರಿಸುತ್ತದೆ.

ಇದು ಅವರ ಪೋಷಕರಲ್ಲಿ, ವಿಶೇಷವಾಗಿ ಅವಳ ತಂದೆಯು (ಜಿಯಾuddin) ಅವಳ ಬಗ್ಗೆ","ದೇಶದ ಸ್ವಾಟ್ ಕಣಿವೆಯಲ್ಲಿ ಮಹಿಳಾ ಶಿಕ್ಷಣದ ಮೇಲಿನ ನಿಷೇಧವನ್ನು ಧಿಕ್ಕರಿಸಿದ್ದಕ್ಕಾಗಿ ಅಂದಿನ ಅಪರಿಚಿತ 15 ವರ್ಷದ ಪಾಕಿಸ್ತಾನಿ ಹುಡುಗಿಯನ್ನು ತಾಲಿಬಾನ್ ಗುಂಡಿಕ್ಕಿ ಕೊಂದಾಗ, ಮಲಾಲಾ ಯೂಸುಫ್‌ಜಾಯ್ ಎಂಬ ಹೆಸರು ಸಾಮೂಹಿಕ ಪ್ರಜ್ಞೆಯನ್ನು ಪ್ರವೇಶಿಸಿ ಮೂರು ವರ್ಷಗಳಾಗಿವೆ.",0.8650793650793651,"ನೀನು ಸಹಾಯಕ, ನಿಖರ ಮತ್ತು ಸ್ಪಷ್ಟವಾಗಿ ಉತ್ತರಿಸುವ ಕನ್ನಡ AI ಸಹಾಯಕ. ಬಳಕೆದಾರರ ಪ್ರಶ್ನೆ ಅಥವಾ ಸೂಚನೆಗೆ ಕನ್ನಡದಲ್ಲೇ ಸೂಕ್ತ ಉತ್ತರ ನೀಡಿ.

ಕೆಳಗಿನ ಇಂಗ್ಲಿಷ್ ಪ್ಯಾರಾಗ್ರಾಫ್ ಅನ್ನು ಕನ್ನಡದಲ್ಲಿ ಸಂಕ್ಷಿಪ್ತವಾಗಿ ಸಾರಾಂಶ ಮಾಡಿ.
ಕೇವಲ ಕನ್ನಡದಲ್ಲೇ ಉತ್ತರಿಸಿ.

ಪ್ಯಾರಾಗ್ರಾಫ್:
By Rebecca ThomasEntertainment reporter Her subsequent fight for survival and renewed vigour on recovery have proved an inspiration to millions around the world. Her courage has won her the Nobel Peace Prize and led to her becoming one of those rare individuals who can go by their first name alone. But behind her international profile is one of a normal teenager - and a daughter of a loving, united and inspirational family. It's this story, seemingly mundane yet so fundamental to who Malala is, that fascinated director Davis Guggenheim - maker of the Oscar-winning portrayal of US Democratic politician Al Gore in An Inconvenient Truth - and led to his latest documentary He Named Me Malala. Guggenheim uses one-to-one interviews, news footage and animation to paint an intimate portrait of the Yousafzais's past and present - and in particular the influence of Malala's father Ziauddin on her life. The director explains: ""People in the Swat Valley were being killed for standing up to the Taliban but there was this young girl who decided she was going to stand up to them. ""People don't fully understand this vital element of her story or where that determination comes from. ""My first instinct in making this movie was that it is very much about a family, about a father's love and about a girl who feels empowered to do amazing things. ""If you cover that story, it speaks to girls all over the world."" Guggenheim filmed the Yousafzai family - Malala, her parents and two younger brothers - over 18 months. Much of the film takes place at the family's home in Birmingham, where they stayed following Malala's treatment at the city's hospital. But Guggenheim also shows Malala on trips to the Middle East and Africa as part of her work for the Malala Fund - an education charity she established with her father - visiting schools, refugee camps and addressing world leaders. Guggenheim is himself passionate about the importance of education and has made documentaries on the US school system. And as a father to two girls, he seems the perfect candidate to enter Malala's world - but it didn't prevent the nerves that preceded their first encounter. ""I was walking on eggshells,"" he says. ""But they were just hilarious and joyful. They tease each other and I found them remarkably enlightened and infinitely curious. I would leave their house invigorated. ""They have a certain freedom from having risked their lives and Malala lives her life even more fearlessly - the little things in life just disappear."" Malala's brothers Khushal, 15, and Atal, 11, are lively boys, dreaming of glorious futures and tirelessly jibing and arguing with their sister. ""Look Malala, one day I will be an astronaut and a great sportsman and you will be known as my sister,"" says Atal. Her mother Toor Pekai is barely visible on camera due to her Pashtun sense of modesty but, says Guggenheim, she is ""100% in control. When a big decision is being made all eyes turn to her"". And Malala emerges as a just a normal teenager, struggling to get the best grades at school and bashfully doe-eyed over Roger Federer. It's an endearing picture but what truly stands out in this family story is Malala's bond with her father, who very visibly supports her in everything she wants to do. It's an attachment that began even before Malala was born. In Pakistan, Ziauddin belied his slight physique and the difficulties of a stammer to become a passionate social activist and a teacher, even establishing his own school. In a patriarchal society in which ""women are not known in public and their names are only known to family members"", he was adamant his daughter would be different and named her after a legendary 19th Century Pashtun warrior heroine, Malalai of Maiwund. ""Malalai had had a voice and I wanted my Malala to have the same - that she would have freedom and be brave and be known by her name,"" says Ziauddin. And it was immediately apparent she was special, he says. ""I hesitate to romanticise or make it something superstitious by saying she was born a saint or prophet but I felt an immediate attachment to her. I saw a light in her eyes. ""She was very mature and sensible and mindful of others and was loved by the whole community."" Ziauddin put himself at considerable risk through his activism and received threats from the Taliban as a result. It caused Malala extreme anxiety yet she continued with her own activism and famously wrote a blog for the BBC under a pseudonym, about life in the Swat Valley. Though acknowledging he was a role model for his daughter, Ziauddin says he feels no guilt for what ultimately happened to her. ""Guilt comes from when you do something sinful. When your basic human rights are violated and you don't stand up, that's a sin,"" he says. ""I didn't push my daughter; if I had she would have stopped. She would have said: 'Father you put me in a very bad situation, I got hit by a bullet, I am not going to do it anymore for you'. ""But she became more resilient, more committed and I've never heard her utter a single sigh or a single word which implies complaint or regret."" And Malala - who has been left with some paralysis in her face and impaired hearing - vehemently backs her father. ""My father only gave me the name Malalai. He didn't make me Malalai. I chose this life,"" she says. As for the future, Ziauddin shows characteristic defiance. He is sure the family will go back to Pakistan for good, he says, despite the welcome and freedom they are all grateful to have received in the UK. And he has faith that his daughter will know the right path for herself to tread. Guggenheim fully agrees. ""When you do the DNA of Malala, she is a potent mix of both her parents. She gets her sense of mission from her father but her moral fibre, her religious clarity and forgiveness from her mother,"" he says. ""Anything is possible for Malala. She is wholly equipped to be a leader and she is completely unique in that, when the big decisions are being made about girls education, she is the only young person at the table. ""She's a voice for all those girls who don't have a voice. She'll be that for a very long time."" He Named Me Malala opens in the UK on 6 November.

ಕನ್ನಡ ಸಾರಾಂಶ:"
71,"Takahiro Shiraishi, dubbed the 'Twitter killer', was arrested in 2017 after body parts were found in his flat. The 30-year-old had admitted to murdering and dismembering his victims - almost all of whom were young women he met on the social media platform. The serial killings triggered debate over how suicide is discussed online. More than 400 people turned up to watch the verdict on Tuesday, despite the court only having 16 seats available for the public, reported local media. Public support for the death penalty remains high in Japan, one of the few developed nations to retain capital punishment. How did he find his victims? Shiraishi used Twitter to lure suicidal women to his home, saying he could help them die and","Twitter ನಲ್ಲಿ ಸಂಪರ್ಕಿಸಿದ ನಂತರ ಒಂಬತ್ತು ಜನರನ್ನು ಕೊಂದ ವ್ಯಕ್ತಿಗೆ ಮರಣದಂಡನೆ ವಿಧಿಸಲಾಗಿದೆ, ಹೈ-ಪ್ರೊಫೈಲ್ ಪ್ರಕರಣದಲ್ಲಿ ಇದು ಜಪಾನ್ ಅನ್ನು ಬೆಚ್ಚಿಬೀಳಿಸಿದೆ.",0.0,"ನೀನು ಸಹಾಯಕ, ನಿಖರ ಮತ್ತು ಸ್ಪಷ್ಟವಾಗಿ ಉತ್ತರಿಸುವ ಕನ್ನಡ AI ಸಹಾಯಕ. ಬಳಕೆದಾರರ ಪ್ರಶ್ನೆ ಅಥವಾ ಸೂಚನೆಗೆ ಕನ್ನಡದಲ್ಲೇ ಸೂಕ್ತ ಉತ್ತರ ನೀಡಿ.

ಕೆಳಗಿನ ಇಂಗ್ಲಿಷ್ ಪ್ಯಾರಾಗ್ರಾಫ್ ಅನ್ನು ಕನ್ನಡದಲ್ಲಿ ಸಂಕ್ಷಿಪ್ತವಾಗಿ ಸಾರಾಂಶ ಮಾಡಿ.
ಕೇವಲ ಕನ್ನಡದಲ್ಲೇ ಉತ್ತರಿಸಿ.

ಪ್ಯಾರಾಗ್ರಾಫ್:
Takahiro Shiraishi, dubbed the ""Twitter killer"", was arrested in 2017 after body parts were found in his flat. The 30-year-old had admitted to murdering and dismembering his victims - almost all of whom were young women he met on the social media platform. The serial killings triggered debate over how suicide is discussed online. More than 400 people turned up to watch the verdict on Tuesday, despite the court only having 16 seats available for the public, reported local media. Public support for the death penalty remains high in Japan, one of the few developed nations to retain capital punishment. How did he find his victims? Shiraishi used Twitter to lure suicidal women to his home, saying he could help them die and, in some cases, claimed he would kill himself alongside them. He strangled and dismembered eight women and one man aged 15 to 26 between August and October 2017, said Japan's Kyodo news agency, citing the indictment. The serial killings first came to light on Halloween that year when police found dismembered body parts in Shiraishi's flat in the Japanese city of Zama, near Tokyo, while they were searching for a missing 23-year-old woman, who turned out to be one of the victims. After she had gone missing, her brother accessed her Twitter account and alerted police to a suspicious handle, leading them to Shiraishi's residence on the morning of 31 October in 2017. Japanese media called it the ""house of horrors"" after investigators discovered nine heads along with a large number of arm and leg bones stashed in coolers and tool boxes. What happened at the trial? While prosecutors sought the death penalty for Shiraishi, his lawyers argued he was guilty of the lesser charge of ""murder with consent"", claiming his victims had given their permission to be killed. Shiraishi later disputed his own defence team's version of events, and said he killed without their consent. On Tuesday, Judge Naokuni Yano, who delivered the verdict, called the crimes ""cunning and cruel"", and found the defendant ""fully responsible"" for his actions. ""None of the nine victims consented to be killed, including silent consent,"" public broadcaster NHK quoted the judge as saying. ""It is extremely grave that the lives of nine young people were taken away. The dignity of the victims was trampled upon."" Shiraishi told the court last month that he did not plan to appeal against his sentence if found guilty. It was not immediately clear if that remained his plan. The death penalty is carried out by hanging in Japan, which has more than 100 prisoners on death row. Death row inmates are not told when they will be put to death until the day of their execution. Years usually pass between sentencing and an execution being carried out. Who were the victims? The names of those Shiraishi murdered were withheld to protect their privacy. The father of one victim, aged 25, told the court last month that he would ""never forgive Shiraishi even if he dies"", according to Japanese broadcaster NHK ""Even now, when I see a woman of my daughter's age, I mistake her for my daughter. This pain will never go away. Give her back to me,"" he had said. On Tuesday, the father of another victim, who was 17, told NHK the death sentence was ""appropriate"". ""I feel like I want to get revenge, but bereaved families can't do anything. I don't know how to vent my anger,"" he said. The brother of a 25-year-old victim said his ""heart died"" when he heard Shiraishi's testimony. ""It didn't sound at all like he regretted it... It felt like I was being hurt with a sharp knife over and over again."" The man Shiraishi killed was a male friend of one of his female victims, who was seeking her whereabouts. What impact has the case had? The killings stunned Japan, triggering fresh debate about suicide and how to help those considering it, as well as about websites where suicide is discussed. The government has indicated it may introduce new regulations. Summing up, the judge said the case had ""provoked great anxiety in society, because social networks are so commonly used"". The murders also prompted a change by Twitter, which amended its rules to state users should not ""promote or encourage suicide or self-harm"". Twitter's chief executive Jack Dorsey called the case ""extremely sad"". Japan has long battled one of the highest suicide rates in the industrialised world. Figures have dropped since preventative measures were introduced more than a decade ago but there have been signs that rates have been rising again during the coronavirus pandemic. If you are feeling emotionally distressed and would like details of organisations which offer advice and support, click here. In the UK you can call for free, at any time, to hear recorded information on 0800 066 066. In Japan you can get help here. You may also be interested in:

ಕನ್ನಡ ಸಾರಾಂಶ:"
72,"Apple ತನ್ನ iPhone 12 ಸರಣಿಯನ್ನು ಪರಿಚಯಿಸಿತು, ಇದು OLED ಪರದೆಯನ್ನು ಬಳಸುತ್ತದೆ ಮತ್ತು 5G ಸಂಪರ್ಕವನ್ನು ಬೆಂಬಲಿಸುತ್ತದೆ. ಇದು 6.1-inch (iPhone 12) ಅಥವಾ 6.7-inch (iPhone 12 Pro Max) ಸ್ಕ್ರೀನ್‌ಗಳನ್ನು ಹೊಂದಿದೆ. ಇದು Ceramic Shield ಅನ್ನು ಸಹ ಒಳಗೊಂಡಿದೆ, ಇದು ಗಟ್ಟಿಯಾದ ರಕ್ಷಣೆಯನ್ನು ನೀಡುತ್ತದೆ. ಇದು A14 Bionic ಚಿಪ್‌ಗೆ ಹೆಸರುವಾಸಿಯಾಗಿದೆ ಮತ್ತು 5G ಸಂಪರ್ಕವನ್ನು ಬೆಂಬಲಿಸುತ್ತದೆ. ಇದು Apple Watch Series 6 ಮತ್ತು AirPods Pro ನೊಂದಿಗೆ ಸಂಯೋಜಿಸಬಹುದಾದ HealthKit ಅಪ್‌ಡೇಟ್‌ಗಳನ್ನು ಸಹ ಒಳಗೊಂಡಿದೆ.",Apple ತನ್ನ iPhone 12 ಹ್ಯಾಂಡ್‌ಸೆಟ್‌ಗಳು ವೇಗವಾಗಿ 5G ನೆಟ್‌ವರ್ಕ್‌ಗಳಲ್ಲಿ ಕೆಲಸ ಮಾಡುವ ಮೊದಲನೆಯದು ಎಂದು ಖಚಿತಪಡಿಸಿದೆ.,0.6597938144329897,"ನೀನು ಸಹಾಯಕ, ನಿಖರ ಮತ್ತು ಸ್ಪಷ್ಟವಾಗಿ ಉತ್ತರಿಸುವ ಕನ್ನಡ AI ಸಹಾಯಕ. ಬಳಕೆದಾರರ ಪ್ರಶ್ನೆ ಅಥವಾ ಸೂಚನೆಗೆ ಕನ್ನಡದಲ್ಲೇ ಸೂಕ್ತ ಉತ್ತರ ನೀಡಿ.

ಕೆಳಗಿನ ಇಂಗ್ಲಿಷ್ ಪ್ಯಾರಾಗ್ರಾಫ್ ಅನ್ನು ಕನ್ನಡದಲ್ಲಿ ಸಂಕ್ಷಿಪ್ತವಾಗಿ ಸಾರಾಂಶ ಮಾಡಿ.
ಕೇವಲ ಕನ್ನಡದಲ್ಲೇ ಉತ್ತರಿಸಿ.

ಪ್ಯಾರಾಗ್ರಾಫ್:
By Leo KelionTechnology desk editor The company has also extended the range to include a new ""Mini"" model that has a smaller 5.4in screen. The US firm bucked a wider industry downturn by increasing its handset sales over the past year. But some experts say the new features give Apple its best opportunity for growth since 2014, when it revamped its line-up with the iPhone 6. ""5G will bring a new level of performance for downloads and uploads, higher quality video streaming, more responsive gaming, real-time interactivity and so much more,"" said chief executive Tim Cook. There has also been a cosmetic refresh this time round, with the sides of the devices getting sharper, flatter edges. No charger The higher-end iPhone 12 Pro models also get bigger screens than before and a new sensor to help with low-light photography. However, for the first time none of the devices will be bundled with headphones or a charger. Apple said the move was to help reduce its impact on the environment. ""Tim Cook [has] the stage set for a super-cycle 5G product release,"" commented Dan Ives, an analyst at Wedbush Securities. He added that about 40% of the 950 million iPhones in use had not been upgraded in at least three-and-a-half years, presenting a ""once-in-a-decade"" opportunity. In theory, the Mini could dent Apple's earnings by encouraging the public to buy a product on which it makes a smaller profit than the other phones. But one expert thought that unlikely. ""Apple successfully launched the iPhone SE in April by introducing it at a lower price point without cannibalising sales of the iPhone 11 series,"" noted Marta Pinto from IDC. ""There are customers out there who want a smaller, cheaper phone, so this is a proven formula that takes into account market trends."" The iPhone is already the bestselling smartphone brand in the UK and the second-most popular in the world in terms of market share. If forecasts of pent up demand are correct, it could prompt a battle between network operators, as customers become more likely to switch. ""Networks are going to have to offer eye-wateringly attractive deals, and the way they're going to do that is on great tariffs and attractive trade-in deals,"" predicted Ben Wood from the consultancy CCS Insight. Apple typically unveils its new iPhones in September, but opted for a later date this year. It has not said why, but it was widely speculated to be related to disruption caused by the coronavirus pandemic. The firm's shares ended the day 2.7% lower. This has been linked to reports that several Chinese internet platforms opted not to carry the livestream, although it was still widely viewed and commented on via the social media network Sina Weibo. Ceramic shield Apple said the iPhone 12 has the same 6.1in (15.5cm)-sized screen as its predecessor, but it now uses OLED rather than LCD technology for richer colours. This has also helped the firm make the device 11% thinner and have smaller bezels. It added that the screen was also higher resolution and used a ""ceramic shield"" to protect its display to offer ""four times better drop performance"". A new A14 Bionic chip - the first to be built on a five nanometre process - is being used to carry out more advanced enhancements to photos. The firm said it would deliver night-mode selfies without using the flash, as well as better deal with colour, contrast and noise in challenging settings. It showed off a forthcoming mobile version of League of Legends as an example of the ""console-quality games"" it could now run smoothly. The addition of a magnet array inside the phone's back will allow compatible chargers to ""snap on"" and renew the battery more quickly, as well as accessories including a wallet to be held in place. The iPhone Mini shares these features but in a smaller form. ""The Mini is an interesting move from Apple, which I would have expected [to come] next year - but the smaller phone trend is clearly picking up,"" commented Carolina Milanesi from Creative Strategies. The iPhone 12 will start at £799 - a £70 gain on last year - and go on sale on 23 October. The iPhone 12 Mini will start at £699 and be released on 13 November. Depth sensor Two steel-sided higher-end models have also been redesigned to feature bigger displays - the iPhone Pro goes from 5.8in to 6.1in, while the Pro Max goes from 6.5in to 6.7in. They carry over the improvements made to the lower-end devices. But they also gain a Lidar (light detection and ranging) scanner. This creates depth-maps of the immediate environment, making autofocus in dim settings ""up to six times faster"". It can also be used for augmented-reality tasks, although these were given less emphasis. The Pro Max's wide-angle rear camera lens has also been given a bigger sensor to improve low-light performance. Both new Pro models now have at least 128 gigabytes of storage and are £50 cheaper than last year's devices, starting at £999 and £1,099. 5G follower Samsung first launched a 5G-enabled Galaxy S10 phone back in February 2019, and Huawei, OnePlus and Google are among others to have added the capability too. But experts say there has only been limited interest in the feature to date. ""Apple is rarely the first to launch new technologies but waits for a technology to be mature enough to build new customer experiences on top of it,"" commented Thomas Husson from the research company Forrester. ""I think we're slowly reaching this tipping point."" Apple said it had tested its devices at peak 5G speeds of 3.5 gigabits per second - which means a 20 gigabyte 4K movie could be theoretically downloaded in about 45 seconds. However, it warned that users' experiences would vary by network and region, and the 5G facility would not always be switched on. ""The ability of the iPhone 12 to switch between 5G and 4G when the consumer needs, in order to preserve battery, does highlight that 5G connectivity clearly isn't necessary 100% of the time for consumers,"" remarked Stephen Mears from the consultancy Futuresource. The UK was the second European nation to start rolling out 5G. But while this has helped give it a lead, coverage remains sporadic. In the US - Apple's largest market - 5G speeds are particularly slow. In fact, according to one study, downloads over Canada's 4G networks are typically faster, In some countries, 5G has not yet become available to the public. However, in China - Apple's second-biggest market - the government has encouraged its rapid deployment, and recently announced both Beijing and Shenzhen had achieved ""full coverage"". ""There's no question that a large part of Apple's decision to settle a legal dispute with [5G modem chip-maker] Qualcomm was predicated on the fact that it couldn't afford not to have 5G in 2020,"" Mr Wood told the BBC. ""China would have been the driving force behind that. ""But there will also have been pressure from major operators across the world who are investing heavily in 5G networks and recognise the fact that the iPhone is a strategically important product."" The really interesting announcements here all came down to speed: 5G-ready phones with faster chips inside them. But Apple arguably failed to sell what you can actually do with all this power. The one area it will definitely help with is mobile gaming, with quicker response times for multiplayer titles as well as better graphics. And what else can 5G do? Well it could let you watch sporting events from multiple angles on your phone - one example the firm gave was of watching American football from seven camera feeds. Or - using augmented reality - you could design a room with virtual furniture in real-time. But as the chief of US network Verizon noted during a guest spot during the presentation: ""Until now most people have taken a wait-and-see approach to 5G."" And the question is whether the public saw anything that would make them want to rush out and add it to their lives now. Moreover, 5G networks in most countries are at best patchy - you won't be able to take advantage of the promised speed gains in many places. In time, there are likely to be popular apps and games that are dependent on the tech. And many gadget enthusiasts will be tempted to upgrade to an iPhone 12 or Android equivalent to be ready. But they will be investing in the promise of what's to come, rather than what they can do today. Smart speaker Apple also launched a new version of its smart speaker - the HomePod Mini. It supports a wider range of voice commands than before as well as introducing a home intercom system. The £99 voice-controlled device also adds a facility that detects when an iPhone is nearby to produce visual and vibration effects that simulate the effect of music flowing between the gadgets. The first HomePod was launched in 2018, and has lagged far behind Amazon and Google's rival speakers to date. There was no mention, however, of a Mac computer set to run off the A14 chip. Nor was there mention of Bluetooth-based tracking tags or over-ear headphones, which have both been rumoured to launch soon. This will likely lead to speculation that Apple will hold a further event before the end of 2020.

ಕನ್ನಡ ಸಾರಾಂಶ:"
73,"1. ಪ್ಯಾರಾಗ್ರಾಫ್‌ನ ಸಾರಾಂಶ: 15 ನೇ ಶತಮಾನದ ವಿಜಯನಗರ ವಾಸ್ತುಶಿಲ್ಪವು ಶ್ರೀರಾಜಗೋಪಾಲಾ ಸ್ವಾಮಿ ದೇವಾಲಯದಲ್ಲಿನ ಅಮೃತಶಿಲ ಶಿಲ್ಪಗಳನ್ನು ಒಳಗೊಂಡಿದೆ, ಇವುಗಳನ್ನು 1978 ರಲ್ಲಿ ಕಳ್ಳತನ ಮಾಡಲಾಯಿತು.
2. ಪತ್ತೆಹಚ್ಚುವಿಕೆ: ಭಾರತೀಯ ಪ್ರಾಜೆಕ್ಟ್‌ಗೆ ಸೇರಿರುವ ವೃತ್ತಿಪರರು (Vijaykumar) ಈ ಚಿತ್ರವನ್ನು ಗುರುತಿಸಿದರು ಆದರೆ ಇದು ರಾಮ ಅಥವಾ ಲಕ್ಷ್ಮಣನ ಶಿಲ್ಪವೋ ಎಂದು ನಿರ್ಧರಿಸಲು ಸಾಧ್ಯವಾಗಲಿಲ್ಲ.
3. ಪತ್ತೆಹಚ್ಚುವಿಕೆ: ಅವರು 1958 ರ ಫೋಟೋಗ್ರಾಫಿಯನ್ನು ಕಂಡುಕೊಂಡರು",40 ವರ್ಷಗಳ ಹಿಂದೆ ದಕ್ಷಿಣ ಭಾರತದ ದೇವಾಲಯದಿಂದ ಕದ್ದಂತಹ ಮೂರು ಕಂಚಿನ ಶಿಲ್ಪಗಳು ಯುಕೆಯಲ್ಲಿ ಪತ್ತೆಯಾಗಿವೆ ಮತ್ತು ಈ ವಾರ ಭಾರತೀಯ ಸರ್ಕಾರಿ ಅಧಿಕಾರಿಗಳಿಗೆ ಹಿಂತಿರುಗಿಸಲಾಗಿದೆ. ಯೋಗಿತಾ ಲಿಮಾಯೆ ವಿಗ್ರಹಗಳು ಹೇಗೆ ಪತ್ತೆಯಾದವು ಎಂಬುದನ್ನು ವರದಿ ಮಾಡಿದ್ದಾರೆ.,0.8944281524926686,"ನೀನು ಸಹಾಯಕ, ನಿಖರ ಮತ್ತು ಸ್ಪಷ್ಟವಾಗಿ ಉತ್ತರಿಸುವ ಕನ್ನಡ AI ಸಹಾಯಕ. ಬಳಕೆದಾರರ ಪ್ರಶ್ನೆ ಅಥವಾ ಸೂಚನೆಗೆ ಕನ್ನಡದಲ್ಲೇ ಸೂಕ್ತ ಉತ್ತರ ನೀಡಿ.

ಕೆಳಗಿನ ಇಂಗ್ಲಿಷ್ ಪ್ಯಾರಾಗ್ರಾಫ್ ಅನ್ನು ಕನ್ನಡದಲ್ಲಿ ಸಂಕ್ಷಿಪ್ತವಾಗಿ ಸಾರಾಂಶ ಮಾಡಿ.
ಕೇವಲ ಕನ್ನಡದಲ್ಲೇ ಉತ್ತರಿಸಿ.

ಪ್ಯಾರಾಗ್ರಾಫ್:
The bronze sculptures represent some of Hinduism's most revered deities - Lord Ram, his wife Sita and his brother Lakshman, all part of the same set of idols. They belong to a 15th Century temple built during the Vijayanagara empire, located in Anandamangalam village in Tamil Nadu state, and were stolen in 1978. Vijayanagara was once one of the most important trading centres in the world. It's taken years of work by a group of art enthusiasts, investigations by police teams in two countries, and efforts from Indian diplomats in the UK, to help bring them back. Four years ago, a photograph of one of the sculptures was spotted on the website of the British Antique Dealers' Association by a member of India Pride Project, which works to bring stolen idols back to India. S Vijaykumar, who co-founded the project, says: ""We identified it as a Vijayanagara bronze, but could not work out if it was an idol of Lord Ram or Lakshman, as there are subtle differences in the posture [of the deities]."" The group knew there were some historic temples in southern India that had similar sets of idols, with the sculpture of Lakshman missing. So, they set out to try and see if the photographed sculpture matched such a set. ""We got leads [which took us] to districts and temples with similar styles, but we could not come up with any firm matches for three years,"" says Mr Vijaykumar. Then, last year, one of the group's volunteers in London, while looking for Indian antiques on sale, found a grainy photo of a similar looking bronze, but with a different crown. That's when it struck them, that they might be looking at a case where the whole set of idols was stolen. They restarted their search, and found a crucial piece of the puzzle in the archives of the French Institute of Pondicherry in southern India. A photograph taken on 15 June 1958, showed the full set of idols in the Sri Rajagopala Swamy Temple in Anandamangalam village. Armed with evidence, the group approached the High Commission of India in the UK. In September 2019, Indian officials passed on the information to the Metropolitan Police to ensure the idols were not sold while sufficient proof was being gathered. Police say they contacted the dealer who had advertised the sculpture, and ""established he was a good faith purchaser and hadn't committed any criminal offences"". In India, detectives from the Idol Wing of the Tamil Nadu police were sent to the village. Locals confirmed that sculptures from the temple had indeed been stolen. But for hard evidence, the team had to search through hand written records in stacks of files stored at the local police station. By January this year, the police found what they were looking for. A complaint registered on 24 November 1978, showed that the theft had taken place the night before. They also found judicial records which showed that three men had been convicted for this theft, and other similar crimes, in 1988. Sources in the Tamil Nadu police have told the BBC they were given a prison sentence of nine months, and the main accused had said he sold the idols to people he didn't know. How the sculptures were smuggled out of India and into the UK remains a mystery. According to the Metropolitan Police, once the dealer was satisfied that the sculpture was a match, he voluntarily offered to return it. What's more, he also had two other idols from the same set. The handover was delayed because of the coronavirus pandemic, but it finally happened on 15 September. According to the High Commission of India in the UK, the idols will be repatriated within the next few days. But the set is still incomplete. There is a fourth idol of the monkey god Hanuman, who according to Hindu mythology, is an ardent devotee and companion of Lord Ram. Indian officials have told the BBC this sculpture is suspected to be in a museum in Singapore. If the idols had been sold, they might have fetched millions of dollars. ""To me, they are priceless. They were never meant to be objects of art. They are meant to be worshipped. It's important for collectors and dealers to recognise that these sacred bronzes have been stolen from temples which continue to exist,"" says Mr Vijaykumar. ""It pains the original custodians to see their gods being reduced to showpiece curios."" With additional reporting by Shalu Yadav

ಕನ್ನಡ ಸಾರಾಂಶ:"
74,"The 2 April menu, which was served to officers on the first day of sea trials, was given by Second Officer Charles Lightoller to his wife as he left Southampton. It was sold at auction for £108,000 and is believed to be the only complete example. The Lowe menu also sold for a high price, showing the enduring interest in Titanic's history.","ಟೈಟಾನಿಕ್ ಹಡಗಿನಲ್ಲಿ ನೀಡಲಾದ ಮೊದಲ ಊಟದ ಮೆನು ಹರಾಜಿನಲ್ಲಿ £100,000 ಪಡೆದುಕೊಂಡಿದೆ.",0.0,"ನೀನು ಸಹಾಯಕ, ನಿಖರ ಮತ್ತು ಸ್ಪಷ್ಟವಾಗಿ ಉತ್ತರಿಸುವ ಕನ್ನಡ AI ಸಹಾಯಕ. ಬಳಕೆದಾರರ ಪ್ರಶ್ನೆ ಅಥವಾ ಸೂಚನೆಗೆ ಕನ್ನಡದಲ್ಲೇ ಸೂಕ್ತ ಉತ್ತರ ನೀಡಿ.

ಕೆಳಗಿನ ಇಂಗ್ಲಿಷ್ ಪ್ಯಾರಾಗ್ರಾಫ್ ಅನ್ನು ಕನ್ನಡದಲ್ಲಿ ಸಂಕ್ಷಿಪ್ತವಾಗಿ ಸಾರಾಂಶ ಮಾಡಿ.
ಕೇವಲ ಕನ್ನಡದಲ್ಲೇ ಉತ್ತರಿಸಿ.

ಪ್ಯಾರಾಗ್ರಾಫ್:
The lunch, including consommé mirrette, sweetbreads and spring lamb, was served to officers on the first day of sea trials on 2 April 1912. It belonged to Second Officer Charles Lightoller, the most senior crew member to survive, who gave it to his wife as he left Southampton on 10 April 1912. Auctioneer Alan Aldridge said it was ""one of the rarest menus in existence"". It was sold to a British collector at the auction at Henry Aldridge and Son in Devizes, Wiltshire on Saturday. A key to the doomed vessel's chart room sold to a collector from Texas for £78,000, while a drowned steward's badge sold for £57,000. The badge belonged to a Thomas Mullen and was found with his body. Andrew Aldridge, from the firm, said: ""We are delighted with the results of the auction and think the rarity of the objects is reflected in the prices which illustrates the ongoing fascination with the story of the Titanic."" He said items had been snapped up by collectors in ""all four corners of the globe"". On 2 April, on Titanic's first day of sea trials, officers and crew enjoyed their first meal served in the main dining saloon before being joined by the passengers. Mr Aldridge said it was believed only one other example of a 2 April menu had survived, which belonged to Titanic's Fifth Officer Harold Lowe. ""He wrote a notation on the bottom 'this is first meal ever served on board' however the bottom of the Lowe menu was removed,"" he said. ""So this [the Charles Lightoller menu] is believed to be the only complete example and is one of the most important examples of its type in existence today."" The Lowe menu sold at auction for £28,000 in 2004.

ಕನ್ನಡ ಸಾರಾಂಶ:"
75,"Lawmakers unanimously voted in favour of a resolution that Pakistan should maintain neutrality in Yemen. Saudi Arabia had asked Pakistan last month to contribute ships, aircraft and troops to the campaign to restore President Abdrabbuh Mansour Hadi. Meanwhile, two planes delivered relief supplies to Yemen's capital. The organisations had waited days before receiving clearance from all sides in the conflict for the flights to Yemen, where the UN says basic services are unravelling with widespread food and fuel shortages. 'Proactive role' Pakistan's parliament began debating whether to join the coalition on Monday. Although Saudi Arabia is an ally, many lawmakers spoke out against sending troops to Yemen. Friday's resolution backed the Pakistani government's commitment to protect Saudi territorial integrity and Islamic holy places located inside the kingdom. ""The parliament",ಯೆಮನ್‌ನಲ್ಲಿ ಹೌತಿ ಬಂಡುಕೋರರ ವಿರುದ್ಧ ಹೋರಾಡುತ್ತಿರುವ ಸೌದಿ ನೇತೃತ್ವದ ಒಕ್ಕೂಟದಲ್ಲಿ ಮಿಲಿಟರಿ ಪಾಲ್ಗೊಳ್ಳುವಿಕೆಯ ವಿರುದ್ಧ ಪಾಕಿಸ್ತಾನದ ಸಂಸತ್ತು ಹಲವು ದಿನಗಳ ಚರ್ಚೆಯ ನಂತರ ನಿರ್ಧರಿಸಿದೆ.,0.0,"ನೀನು ಸಹಾಯಕ, ನಿಖರ ಮತ್ತು ಸ್ಪಷ್ಟವಾಗಿ ಉತ್ತರಿಸುವ ಕನ್ನಡ AI ಸಹಾಯಕ. ಬಳಕೆದಾರರ ಪ್ರಶ್ನೆ ಅಥವಾ ಸೂಚನೆಗೆ ಕನ್ನಡದಲ್ಲೇ ಸೂಕ್ತ ಉತ್ತರ ನೀಡಿ.

ಕೆಳಗಿನ ಇಂಗ್ಲಿಷ್ ಪ್ಯಾರಾಗ್ರಾಫ್ ಅನ್ನು ಕನ್ನಡದಲ್ಲಿ ಸಂಕ್ಷಿಪ್ತವಾಗಿ ಸಾರಾಂಶ ಮಾಡಿ.
ಕೇವಲ ಕನ್ನಡದಲ್ಲೇ ಉತ್ತರಿಸಿ.

ಪ್ಯಾರಾಗ್ರಾಫ್:
Lawmakers voted unanimously in favour of a resolution that ""Pakistan should maintain neutrality"" in Yemen. Saudi Arabia had asked Pakistan last month to contribute ships, aircraft and troops to the campaign to restore President Abdrabbuh Mansour Hadi. Meanwhile, two planes have delivered relief supplies to Yemen's capital. The aircraft were carrying medicines, bandages and surgical equipment from the International Committee of the Red Cross (ICRC) and the UN Children's Fund (Unicef). The organisations had to wait days before receiving clearance from all sides in the conflict for the flights to Yemen, where the UN says basic services are unravelling, with widespread food and fuel shortages. 'Proactive role' Pakistan's parliament began debating whether to join the coalition on Monday. Although Saudi Arabia is an ally, many lawmakers spoke out against sending troops to Yemen. Friday's resolution backed the Pakistani government's commitment to protect Saudi territorial integrity and Islamic holy places located inside the kingdom. ""The parliament of Pakistan expresses serious concern on the deteriorating security and humanitarian situation in Yemen and its implications for peace and stability of the region,"" the resolution said. ""[It] desires that Pakistan should maintain neutrality in the Yemen conflict so as to be able to play a proactive diplomatic role to end the crisis."" Analysis: M Ilyas Khan, BBC News, Islamabad Saudi Arabia has been a major foreign donor to Pakistan - some say perhaps the third-largest after the US and China. Late last year, for example, what finance minister Ishaq Dar initially described as a $3bn (£2bn) ""gift from a friendly source"" turned out to be Saudi largesse that was used to stabilise a free-falling rupee against the US dollar. Soon afterwards Pakistan officially backed the Saudi position on Syria. So some resentment in Saudi quarters is to be expected from this vote. But Pakistanis have still left room for a troop deployment in Saudi Arabia if not in Yemen, which Saudis will certainly need if the conflict in Yemen drags on for longer. There is a precedent for this. During the first Gulf War in 1991, Pakistan deployed two brigades to ""defend holy sites"" in Saudi Arabia. The only other example of a Pakistani troop deployment abroad is to Jordan during the ""Black September"" of 1970, to help that government put down a Palestinian insurgency. The coalition of nine mostly Sunni Arab states is seeking to ""defend the legitimate government"" against the Houthis, a Zaidi Shia rebel movement that the US and Saudi Arabia allege is receiving military assistance from regional Shia power Iran. Analysts say Pakistan, which has a Sunni majority but also a sizeable Shia minority, fears being caught between the two if it sends troops to Yemen. Earlier this week, Iranian Foreign Minister Mohammad Javad Zarif travelled to Islamabad to urge Pakistan's leaders to reject the Saudi request. 'Humanitarian pause' The rebels and allied army units loyal to Yemen's ousted former President Ali Abdullah Saleh took full control of Sanaa in January and placed Mr Hadi under house arrest. He escaped and took refuge in Aden in February, but left the country at the end of March when the Houthis reached the outskirts of the southern port city. More than two weeks of air strikes have failed to halt the Houthi advance into Aden, as well as neighbouring southern and eastern provinces. Overnight, coalition aircraft targeted the defence ministry building in Sanaa and weapons storage sites. On Thursday, the UN's humanitarian co-ordinator for Yemen called for a humanitarian ""pause"" in the bombardment and fighting on the ground to allow in urgent aid deliveries. Johannes van der Klaauw told reporters in Geneva that the conflict had now spread to 15 of Yemen's 22 provinces. He described the situation in Aden in particular as ""catastrophic"", a descent into urban warfare, with control of the air and seaports shifting daily between rival groups. A million people in the city risked being cut off from access to clean water within a matter of days unless additional fuel is brought in, he said. The World Health Organisation (WHO) says almost 650 people have been killed and more than 2,200 have been injured since 19 March, but Mr van der Klaauw said the actual number of casualties was likely to be far higher because many were not being brought to hospital or were being buried immediately. Who is fighting whom in Yemen? Houthis - The Zaidi Shia Muslim rebels from the north overran Sanaa last year and then expanded their control. They want to replace Mr Hadi, whose government they say is corrupt. The US alleges Iran is providing military assistance to the rebels. Ali Abdullah Saleh - Military units loyal to the former president - forced to hand over power in 2011 after mass protests - are fighting alongside the Houthis. Abdrabbuh Mansour Hadi - The president fled abroad in March as the rebels advanced on Aden, where he had taken refuge in February. Sunni Muslim tribesmen and Southern separatists have formed militia to fight the rebels. Saudi-led coalition - A US-backed coalition of nine, mostly Sunni Arab states says it is seeking to ""defend the legitimate government"" of Mr Hadi. Al-Qaeda in the Arabian Peninsula - AQAP opposes both the Houthis and President Hadi. A rival affiliate of Islamic State has also recently emerged.

ಕನ್ನಡ ಸಾರಾಂಶ:"
76,"ಸಂಭ್ರಮಾಲಂ ದೇವಸ್ಥಾನವು ಕೇರಳದ ಅತ್ಯಂತ ಪ್ರಸಿದ್ಧ ಹಿಂದೂ ದೇವಾಲಯವಾಗಿದೆ. ಇದು 10 ರಿಂದ 50 ವರ್ಷ ವಯಸ್ಸಿನ ಮಹಿಳೆಯರನ್ನು ಹೊರಗಿಟ್ಟಿತ್ತು. ಈ ನಿರ್ಬಂಧವನ್ನು ಲಿಂಗ ಸಮಾನತೆಯನ್ನು ಉಲ್ಲಂಘಿಸುತ್ತದೆ ಎಂದು ವಾದಿಸುವುದರೊಂದಿಗೆ, ಮಹಿಳೆಯರು 'ಅಶುದ್ಧ' (unclean) ಎಂದು ಪರಿಗಣಿಸಲಾಗುತ್ತದೆ. ಇದು ಕೇವಲ 41 ದಿನಗಳ ಕಾಲ ಮಾತ್ರವಲ್ಲದೆ, ದೀರ್ಘಕಾಲದವರೆಗೆ ಮುಕ್ತಿ ಪಡೆಯಲು ಮತ್ತು ಭಕ್ತಿಯನ್ನು ಸುಧಾರಿಸಲು ಲಿಂಗ ತಾರತಮ್ಯವನ್ನು ಉಲ್ಲಂಘಿಸುತ್ತದೆ.",ಹಿಂದೂಗಳಿಗೆ ಅತ್ಯಂತ ಪವಿತ್ರವಾದ ಶಬರಿಮಲೆ ದೇವಸ್ಥಾನಕ್ಕೆ ಮಹಿಳೆಯರ ಪ್ರವೇಶವನ್ನು ಇನ್ನು ಮುಂದೆ ನಿರ್ಬಂಧಿಸಲಾಗುವುದಿಲ್ಲ ಎಂದು ಭಾರತದ ಸುಪ್ರೀಂ ಕೋರ್ಟ್ ಹೇಳಿದೆ.,0.9285714285714286,"ನೀನು ಸಹಾಯಕ, ನಿಖರ ಮತ್ತು ಸ್ಪಷ್ಟವಾಗಿ ಉತ್ತರಿಸುವ ಕನ್ನಡ AI ಸಹಾಯಕ. ಬಳಕೆದಾರರ ಪ್ರಶ್ನೆ ಅಥವಾ ಸೂಚನೆಗೆ ಕನ್ನಡದಲ್ಲೇ ಸೂಕ್ತ ಉತ್ತರ ನೀಡಿ.

ಕೆಳಗಿನ ಇಂಗ್ಲಿಷ್ ಪ್ಯಾರಾಗ್ರಾಫ್ ಅನ್ನು ಕನ್ನಡದಲ್ಲಿ ಸಂಕ್ಷಿಪ್ತವಾಗಿ ಸಾರಾಂಶ ಮಾಡಿ.
ಕೇವಲ ಕನ್ನಡದಲ್ಲೇ ಉತ್ತರಿಸಿ.

ಪ್ಯಾರಾಗ್ರಾಫ್:
The temple in Kerala barred women of a ""menstruating age"" - defined as between the ages of 10 and 50 - from entering. Menstruating women are not allowed to participate in religious rituals or enter temples, as they are considered ""unclean"" in Hinduism. The ruling came after a petition argued the custom violated gender equality. While most Hindu temples allow women to enter as long as they are not menstruating, the Sabarimala temple is unusual in that it is one of a few temples that does not allow women in the broad age group to enter at all. Millions of devotees visit Sabarimala every year. In the judgment Chief Justice Dipak Misra said that ""religion is for one dignity and identity"", adding that ""the right to practise religion is available to both men and women"". The impending retirement of Justice Misra has seen a flurry of historic liberal rulings from the court in recent days, including the striking down of colonial-era laws that criminalised adultery and gay sex. Justice Misra, who will retire on Tuesday, was heading a five-judge bench which gave a 4-1 verdict. The BBC's Soutik Biswas says such a stream of judgements leading up to a judge's retirement in the top court is not unusual. ""But what it also underlines is that the 25 judges of the court are some of the most overworked in the world - one study found that a single Supreme Court judge, during his tenure over four to six years, hears some 6,000 cases alone,"" our correspondent adds. Indu Malhotra, the only woman judge on the bench, dissented with the majority verdict. ""Issues of deep religious sentiments should not be ordinarily interfered by the court... Notions of rationality cannot be invoked in matters of religion,"" she said in her dissenting opinion. 'God does not discriminate' Analysis by Geeta Pandey, BBC News For centuries, temples and shrines have cited tradition to keep women out and their managements, dominated mostly by patriarchal men, have used menstruation to keep female devotees away. But in recent years, they have faced an unprecedented challenge from women's groups. Friday's order, which accepts womens' right to worship at Sabarimala, is expected to help remove some of the stigma associated with periods. The order has not come as a surprise - Chief Justice Dipak Misra had previously questioned the validity of the practice, saying that since God does not discriminate between genders, who are we to do that? Also, in the past two years, courts have unlocked the gates of Shani Shingnapur temple and Haji Ali mosque for women. Three years ago, the Sabarimala temple chief said he would allow women to enter the shrine only after a scanner was invented to detect if they were ""pure""- meaning they weren't menstruating. Today, the judges have told him that we won't be needing that scanner anymore. The state government of Kerala had opposed the entry of women when the case was first taken up in 2016. However it changed its stance in a recent hearing to support the petitioners instead. At a hearing in July, petitioners argued that this custom violated equality guaranteed under India's constitution. They added that it was prejudiced against women and their right to worship. But supporters of the ban argued that the practice had been in effect for centuries, and there was no need to change it now. The campaign to repeal the ban on women entering the temple gathered momentum in 2016 after a protest by female students. One of the protesters also started a #HappyToBleed campaign on Facebook against ""sexist attitudes"", which received support from different parts of the country. Nikita Azad, who started the campaign, told the BBC this is a historic judgement. ""It will have a large impact since the Supreme Court has destigmatised menstruation and upheld equality over religion,"" she said. This is the third religious site in India where women have gained the right to enter through judicial intervention. Courts directed authorities of the Hindu temple Shani Shingapur and the Muslim Haji Ali shrine, both in the western state of Maharashtra, to allow women inside. What is the significance of the Sabarimala temple? Sabarimala is one of the most prominent Hindu temples in the country. Millions of devotees from all over the world visit the temple to seek blessings. To enter the temple, pilgrims have to climb 18 holy steps. According to the temple's website, the act of crossing these 18 steps is so sacred that no pilgrim can climb them without undertaking a rigorous 41-day fast. Devotees are also supposed to follow specific rituals before they enter the shrine. Some of them include pilgrims wearing only black or blue and not being allowed to shave until the completion of their pilgrimage. As part of the ritual, they also smear sandalwood paste on their foreheads.

ಕನ್ನಡ ಸಾರಾಂಶ:"
77,"ಈ ಪ್ಯಾರಾಗ್ರಾಫ್ 10,000 ಜನರಿಗೆ ಪ್ರತಿ 1,000 ರಷ್ಟು 10 ಕಡಿಮೆ ಹೃದಯ ಕಾಯಿಲೆ ಪ್ರಕರಣಗಳು ಮತ್ತು 3 ಹೆಚ್ಚು ಸ್ಟ್ರೋಕ್‌ಗಳನ್ನು ಹೊಂದಿರುವ ವೃತ್ತಾಕಾರದ ಸಂಶೋಧನೆಯನ್ನು ವಿವರಿಸುತ್ತದೆ. ಇದು EPIC-Oxford ಅಧ್ಯಯನವನ್ನು (EPIC-Oxford study) ವಿಶ್ಲೇಷಿಸುತ್ತದೆ, ಇದು ಆಹಾರ ಮತ್ತು ಆರೋಗ್ಯದ ಬಗ್ಗೆ ದೀರ್ಘಕಾಲದ ಸಂಶೋಧನಾ ಯೋಜನೆಯಾಗಿದೆ. ಪೆಸ್‌ಟೇರಿಯನ್‌ಗಳು (fish-eating) 13% ಕಡಿಮೆ CHD ಅಪಾಯವನ್ನು ಹೊಂದಿದ್ದರು, ಆದರೆ ಸಸ್ಯ ಆಧಾರಿತ ಆಹಾರಗಳನ್ನು ಸೇವಿಸುವವರು 20% ಹೆಚ್ಚಿನ ಸ್ಟ್ರೋಕ್‌ಗಳ ಅಪಾಯವನ್ನು ಹೊಂದಿದ್ದರು. ಇದು ವಿಟಮಿ",ವೀಗನ್ ಮತ್ತು ಸಸ್ಯಾಹಾರಿ ಆಹಾರವನ್ನು ಸೇವಿಸುವ ಜನರು ಹೃದ್ರೋಗದ ಕಡಿಮೆ ಅಪಾಯವನ್ನು ಹೊಂದಿರುತ್ತಾರೆ ಮತ್ತು ಪಾರ್ಶ್ವವಾಯುವಿನ ಹೆಚ್ಚಿನ ಅಪಾಯವನ್ನು ಹೊಂದಿರುತ್ತಾರೆ ಎಂದು ಪ್ರಮುಖ ಅಧ್ಯಯನವು ಸೂಚಿಸುತ್ತದೆ.,0.8102564102564103,"ನೀನು ಸಹಾಯಕ, ನಿಖರ ಮತ್ತು ಸ್ಪಷ್ಟವಾಗಿ ಉತ್ತರಿಸುವ ಕನ್ನಡ AI ಸಹಾಯಕ. ಬಳಕೆದಾರರ ಪ್ರಶ್ನೆ ಅಥವಾ ಸೂಚನೆಗೆ ಕನ್ನಡದಲ್ಲೇ ಸೂಕ್ತ ಉತ್ತರ ನೀಡಿ.

ಕೆಳಗಿನ ಇಂಗ್ಲಿಷ್ ಪ್ಯಾರಾಗ್ರಾಫ್ ಅನ್ನು ಕನ್ನಡದಲ್ಲಿ ಸಂಕ್ಷಿಪ್ತವಾಗಿ ಸಾರಾಂಶ ಮಾಡಿ.
ಕೇವಲ ಕನ್ನಡದಲ್ಲೇ ಉತ್ತರಿಸಿ.

ಪ್ಯಾರಾಗ್ರಾಫ್:
By Caroline ParkinsonHealth editor, BBC News website They had 10 fewer cases of heart disease and three more strokes per 1,000 people compared with the meat-eaters. The research, published in the British Medical Journal, looked at 48,000 people for up to 18 years. However, it cannot prove whether the effect is down to their diet or some other aspect of their lifestyle. Diet experts said, whatever people's dietary choice, eating a wide range of foods was best for their health. What does this study add? It analyses data from the EPIC-Oxford study, a major long-term research project looking at diet and health. Half of participants, recruited between 1993 and 2001, were meat-eaters, just over 16,000 vegetarian or vegan, with 7,500 who described themselves as pescatarian (fish-eating). They were asked about their diets, when they joined the study and again in 2010. Medical history, smoking and physical activity were taken into account, Altogether, there were 2,820 cases of coronary heart disease (CHD) and 1,072 cases of stroke - including 300 haemorrhagic strokes, which happen when a weakened blood vessel bursts and bleeds into the brain. The pescatarians were found to have a 13% lower risk of CHD than the meat-eaters, while the vegetarians and vegans had a 22% lower risk. But those on plant-based diets had a 20% higher risk of stroke. The researchers suggested this could be linked to low vitamin B12 levels but said more studies were needed to investigate the connection. It is also possible that the association may have nothing to do with people's diets and may just reflect other differences in the lives of people who do not eat meat. So does it show vegan and vegetarian diets are unhealthy? Dr Frankie Phillips, from the British Dietetic Association, says not - because this was an observational study. ""They looked at what people ate and followed them for years, so it's an association, not cause-and-effect,"" she says. ""The message, for everyone, is it makes sense to have a well-planned diet, and to eat a wide variety of foods. ""Meat-eaters don't necessarily have a varied diet, because they might live on meat and potatoes for dinner every night and not have any vegetables."" Has what people eat changed since this study started? Researchers did go back to participants in 2010 to ask them again about their diets. But Dr Phillips says vegan and vegetarian diets will have changed. ""This is data that's been collected from a couple of decades ago,"" she says. ""It might well be that the typical vegetarian diet today looks very different to a vegetarian or vegan diet from 20 or 30 years ago. ""The range of vegetarian and vegan convenience foods has escalated massively. It's a lot more mainstream."" And we know more about the health risks linked to eating too much processed and red meat, which has been linked to an increased risk of bowel cancer.. So what should go on my plate? The NHS's the Eatwell Guide sets out the balance of foods you need, whatever kind of diet you eat: But people on vegan and vegetarian diets also need to take particular care to consume enough of some specific nutrients. For example, people who eat meat, dairy and fish usually have enough vitamin B12, needed for healthy blood and nervous systems. However, vegans can become deficient, though B12 is also present in foods such as fortified breakfast cereals and yeast extract spreads. Iron is also less easily absorbed from plant-based foods, so those who choose not to eat meat need to ensure they include foods such as wholemeal bread and flour, dried fruits and pulses. And there was a call last month for vegans to be aware of the need to ensure they were consuming enough of another nutrient, called choline, important for brain health.

ಕನ್ನಡ ಸಾರಾಂಶ:"
78,"King Bhumibol Adulyadej was born in Cambridge, Massachusetts. He returned to Thailand when he was two years old and his father died. He married Sirikit in 1950. In the early years of his reign, he was a figurehead as Thailand was ruled by a military dictatorship. In 1973, he dramatically intervened when pro-democracy demonstrators were fired on. In 1981, he stood up to a group of army officers who had staged a coup against then prime minister. He also intervened in 1992 and 2006. His death leaves the monarchy far stronger than it was at his accession.",ಥಾಯ್ಲೆಂಡ್‌ನ ರಾಜರಾದ ಭೂಮಿಬೋಲ್ ಅದುಲ್ಯದೇಜ್ ವಿಶ್ವದ ಅತಿ ಹೆಚ್ಚು ಕಾಲ ಆಳಿದ ದೊರೆಯಾಗಿದ್ದಾರೆ.,0.0,"ನೀನು ಸಹಾಯಕ, ನಿಖರ ಮತ್ತು ಸ್ಪಷ್ಟವಾಗಿ ಉತ್ತರಿಸುವ ಕನ್ನಡ AI ಸಹಾಯಕ. ಬಳಕೆದಾರರ ಪ್ರಶ್ನೆ ಅಥವಾ ಸೂಚನೆಗೆ ಕನ್ನಡದಲ್ಲೇ ಸೂಕ್ತ ಉತ್ತರ ನೀಡಿ.

ಕೆಳಗಿನ ಇಂಗ್ಲಿಷ್ ಪ್ಯಾರಾಗ್ರಾಫ್ ಅನ್ನು ಕನ್ನಡದಲ್ಲಿ ಸಂಕ್ಷಿಪ್ತವಾಗಿ ಸಾರಾಂಶ ಮಾಡಿ.
ಕೇವಲ ಕನ್ನಡದಲ್ಲೇ ಉತ್ತರಿಸಿ.

ಪ್ಯಾರಾಗ್ರಾಫ್:
He was viewed by his subjects as a stabilising influence in a country that saw numerous military coups during his reign. Despite being seen as a benign father figure who remained above politics, he also intervened at times of heightened political tension. And although he was a constitutional monarch with limited powers, most Thais regarded him as semi-divine. Bhumibol Adulyadej was born in Cambridge in the US state of Massachusetts on 5 December 1927. His father, Prince Mahidol Adulyadej, was studying at Harvard when his son was born. The family later returned to Thailand, where his father died when he was just two years old. His mother then moved to Switzerland, where the young prince was educated. As a young man he enjoyed cultured pursuits, including photography, playing and composing songs for the saxophone, painting and writing. The status of the Thai monarchy had been in decline since the abolition of its absolute rule in 1932, and there was a further blow when his uncle, King Prajadhipok, abdicated in 1935. The throne passed to Bhumibol's brother, Ananda, who was just nine years old. Figurehead In 1946, King Ananda died in what remains an unexplained shooting accident at his palace in Bangkok. Bhumibol acceded to the throne when he was 18 years old. His early years as king saw Thailand ruled by a regent, as he returned to his studies in Switzerland. While on a visit to Paris he met his future wife, Sirikit, daughter of the Thai ambassador to France. The couple married on 28 April 1950, just a week before the new monarch was crowned in Bangkok. For the first seven years of his reign, Thailand was ruled as a military dictatorship and the monarch was little more than a figurehead. In September 1957, Gen Sarit Dhanarajata seized power. The king issued a proclamation naming Sarit, military defender of the capital. Under Sarit's dictatorship, Bhumibol set about revitalising the monarchy. He embarked on a series of tours in the provinces, and lent his name to a number of developments, particularly in agriculture. For his part, Sarit reinstated the custom that people crawled on their hands and knees in front of the monarch. and restored a number of royal ceremonial occasions that had fallen into disuse. Overthrow Bhumibol dramatically intervened in Thai politics in 1973 when pro-democracy demonstrators were fired on by soldiers. The protesters were allowed to shelter in the palace, a move which led to the collapse of the administration of then-prime minister, Gen Thanom Kittikachorn. But the king failed to prevent the lynching of left-wing students by paramilitary vigilantes three years later, at a time when the monarchy feared the growth of communist sympathies after the end of the Vietnam War. There were to be further attempts to overthrow the government. In 1981, the king stood up to a group of army officers who had staged a coup against then prime minister, Prem Tinsulanond. The rebels succeeded in occupying Bangkok until units loyal to the king retook it. However, the tendency of the king to side with the government in power caused some Thais to question his impartiality. Bhumibol intervened again in 1992, when dozens of demonstrators were shot after protesting against an attempt by a former coup leader, Gen Suchinda Kraprayoon, to become prime minister. The king called Suchinda, and the pro-democracy leader, Chamlong Srimuang, to appear in front of him, both on their knees as demanded by royal protocol. Suchinda resigned and subsequent elections saw the return of a democratic, civilian government. During the crisis that erupted over the leadership of Prime Minister Thaksin Shinawatra in 2006, the king was frequently asked to intervene but insisted this would be inappropriate. However, his influence was still viewed as pivotal when the election Mr Thaksin had won that April, was annulled by the courts. Mr Thaksin was eventually deposed in a bloodless coup, in which the military pledged their allegiance to the king. In the years that followed, the king's name and image were invoked by factions both for and against Mr Thaksin, as they jostled for power. The entire country joined lavish celebrations to mark King Bhumibol's 80th birthday in 2008, reflecting his unique status in Thai society. Reverence Gen Prayuth Chan-ocha seized power in a coup in May 2014 and was made prime minister by the military-appointed parliament a few months later. He promised far-reaching political reforms to prevent a return to the instability of recent years. But critics suspected his real priority was to destroy the party of Mr Thaksin and to ensure that the royal succession took place smoothly. The public reverence for King Bhumibol was genuine but it was also carefully nurtured by a formidable public relations machine at the palace. There were harsh ""lese-majeste"" laws that punished any criticism of the monarchy and which restricted the ability of foreign and domestic media to fully report on the king. During his long reign, King Bhumibol Adulyadej was faced with a country continually racked by political upheaval. It said much for his skills as a diplomat, and his ability to reach out to ordinary people in Thailand, that his death leaves the country's monarchy far stronger than it was at his accession.

ಕನ್ನಡ ಸಾರಾಂಶ:"
79,"The Afghan war has been a bloody stalemate for years, with the Taliban controlling or contesting more territory but unable to capture major urban centres. The US and Taliban reached an agreement in Doha on Saturday, where the Taliban agreed to address al-Qaeda links in exchange for a US troop withdrawal within 14 months. However, there are obstacles: the Taliban want prisoners released before talks start; the Afghan government wants them as leverage; and there's ongoing political dispute over election results. The Taliban may not be ready for concessions, but they seek international recognition. A ceasefire is crucial to prevent a return to war.","ಯುಎಸ್, ಅಫ್ಘಾನ್ ಮತ್ತು ತಾಲಿಬಾನ್ ಅಧಿಕಾರಿಗಳು ದೋಹಾದಲ್ಲಿ ಶನಿವಾರದ ಒಪ್ಪಂದವನ್ನು ""ಶಾಂತಿ ಒಪ್ಪಂದ"" ಎಂದು ಕರೆಯುವುದನ್ನು ತಡೆಯಲು ಜಾಗರೂಕರಾಗಿದ್ದಾರೆ. ಆದರೆ ಅಫ್ಘಾನಿಸ್ತಾನದಲ್ಲಿ, ಎಚ್ಚರಿಕೆಯ ಆಶಾವಾದದ ಭಾವನೆಯು ಒಂದು ವಾರದವರೆಗೆ ""ಹಿಂಸಾಚಾರದಲ್ಲಿ ಕಡಿತ"" ಅಥವಾ ಸಹಿ ಮಾಡುವುದು ಜಾರಿಗೆ ಬಂದ ನಂತರ ಭಾಗಶಃ ಕದನವು ಹೆಚ್ಚುತ್ತಿದೆ.",0.0,"ನೀನು ಸಹಾಯಕ, ನಿಖರ ಮತ್ತು ಸ್ಪಷ್ಟವಾಗಿ ಉತ್ತರಿಸುವ ಕನ್ನಡ AI ಸಹಾಯಕ. ಬಳಕೆದಾರರ ಪ್ರಶ್ನೆ ಅಥವಾ ಸೂಚನೆಗೆ ಕನ್ನಡದಲ್ಲೇ ಸೂಕ್ತ ಉತ್ತರ ನೀಡಿ.

ಕೆಳಗಿನ ಇಂಗ್ಲಿಷ್ ಪ್ಯಾರಾಗ್ರಾಫ್ ಅನ್ನು ಕನ್ನಡದಲ್ಲಿ ಸಂಕ್ಷಿಪ್ತವಾಗಿ ಸಾರಾಂಶ ಮಾಡಿ.
ಕೇವಲ ಕನ್ನಡದಲ್ಲೇ ಉತ್ತರಿಸಿ.

ಪ್ಯಾರಾಗ್ರಾಫ್:
By Secunder KermaniBBC News, Kabul How did we get here? And why did it take so long? The Afghan war has been a bloody stalemate for years now, with the Taliban increasingly controlling or contesting more territory, yet unable to capture and hold major urban centres. There seems to have been a growing realisation, both amongst the group's leadership and in the US that neither side is capable of an outright military victory. President Trump, meanwhile, has been clear about his desire to withdraw American troops from the country. One key concession by the US, which allowed negotiations to take place, was the decision in 2018 to change its longstanding policy that the Taliban should talk first of all to the Afghan government, who the insurgents dismiss as illegitimate. Instead the US sat down directly with the Taliban to address their chief public demand - the presence of foreign forces in Afghanistan. Those negotiations led to Saturday's accord, with the Taliban agreeing in exchange to address the core reason for the US invasion in 2001, the group's links to al-Qaeda. This deal now opens the door to separate, wider talks between the militants and other Afghan political leaders - including government figures. Those discussions will be much more challenging. Somehow there will have to be a reconciliation between the Taliban's vision of an ""Islamic Emirate"" and the democratic modern Afghanistan that has been created since 2001. Where does that leave women's rights? What is the Taliban's stance on democracy? These are questions that will only be answered when the ""intra-Afghan talks"" begin. Up until now, the Taliban have been, perhaps deliberately, vague. There are possible obstacles even before those talks begin. The Taliban want 5,000 of their prisoners released before they start. The Afghan government wants to use those detainees as a bargaining chip in the talks to persuade the Taliban to agree to a ceasefire. Then there's the ongoing political dispute over the results of the presidential election - with Ashraf Ghani's rival Abdullah Abdullah alleging fraud. A backdrop of political instability could make it harder to establish the ""inclusive"" negotiating team international observers want to see sitting across the table from the Taliban. One Afghan official admitted to me that even when they start, the ""intra-Afghan"" negotiations could take years. But the US has signalled its intent to withdraw all its forces within 14 months if the Taliban fulfil their side of the agreement. It is not immediately clear if that means the US will stay on beyond that time, if no settlement has been reached. Afghan officials have emphasised the pullout is ""conditional"", but one diplomat told me withdrawal was only contingent on the ""intra-Afghan talks"" starting, not concluding. He expressed concern that if the US were to pull forces out and the Taliban decided to up the ante on the battlefield, Afghan forces would be left extremely vulnerable. Other analysts have warned that the Taliban doesn't appear to be in the mood for concessions, presenting the agreement today to their supporters as a ""victory"". The Taliban do however appear to want international legitimacy and recognition. The fanfare around the ceremony in Doha has given them that, and they may feel negotiations offer the best chance of achieving their aims. The priority for many ordinary Afghans, at least in the short term, is a substantive reduction in violence. We'll find out in the coming weeks, when the warmer spring weather generally heralds the start of ""fighting season"", if that will happen.

ಕನ್ನಡ ಸಾರಾಂಶ:"
80,"By Roger HarrabinBBC environment analyst, Norway The revolutionary technology will allow wind power to be harvested in waters too deep for the current conventional bottom-standing turbines. The Peterhead wind farm, known as Hywind, is a trial which will bring power to 20,000 homes. Manufacturer Statoil says output from the turbines is expected to equal or surpass generation from current ones. It hopes to cash in on a boom in the technology, especially in Japan and the west coast of the US, where waters are deep. ""This is a tech development project to ensure it's working in open sea conditions. It's a game-changer for floating wind power and we are sure it will help bring costs down,"" said Leif Delp, project director for Hywind.",ವಿಶ್ವದ ಮೊದಲ ಪೂರ್ಣ ಪ್ರಮಾಣದ ಫ್ಲೋಟಿಂಗ್ ವಿಂಡ್ ಫಾರ್ಮ್ ಸ್ಕಾಟ್‌ಲ್ಯಾಂಡ್‌ನ ಈಶಾನ್ಯ ಕರಾವಳಿಯಲ್ಲಿ ರೂಪುಗೊಳ್ಳಲು ಪ್ರಾರಂಭಿಸಿದೆ.,0.0,"ನೀನು ಸಹಾಯಕ, ನಿಖರ ಮತ್ತು ಸ್ಪಷ್ಟವಾಗಿ ಉತ್ತರಿಸುವ ಕನ್ನಡ AI ಸಹಾಯಕ. ಬಳಕೆದಾರರ ಪ್ರಶ್ನೆ ಅಥವಾ ಸೂಚನೆಗೆ ಕನ್ನಡದಲ್ಲೇ ಸೂಕ್ತ ಉತ್ತರ ನೀಡಿ.

ಕೆಳಗಿನ ಇಂಗ್ಲಿಷ್ ಪ್ಯಾರಾಗ್ರಾಫ್ ಅನ್ನು ಕನ್ನಡದಲ್ಲಿ ಸಂಕ್ಷಿಪ್ತವಾಗಿ ಸಾರಾಂಶ ಮಾಡಿ.
ಕೇವಲ ಕನ್ನಡದಲ್ಲೇ ಉತ್ತರಿಸಿ.

ಪ್ಯಾರಾಗ್ರಾಫ್:
By Roger HarrabinBBC environment analyst, Norway The revolutionary technology will allow wind power to be harvested in waters too deep for the current conventional bottom-standing turbines. The Peterhead wind farm, known as Hywind, is a trial which will bring power to 20,000 homes. Manufacturer Statoil says output from the turbines is expected to equal or surpass generation from current ones. It hopes to cash in on a boom in the technology, especially in Japan and the west coast of the US, where waters are deep. ""This is a tech development project to ensure it's working in open sea conditions. It's a game-changer for floating wind power and we are sure it will help bring costs down,"" said Leif Delp, project director for Hywind. So far, one giant turbine has already been moved into place, while four more wait in readiness in a Norwegian fjord. By the end of the month they'll all have been towed to 15 miles (25km) off Peterhead, Aberdeenshire, where they'll float upright like giant fishing floats. While the turbines are currently very expensive to make, Statoil believes that in the future it will be able to dramatically reduce costs in the same way that manufacturers already have for conventional offshore turbines. ""I think eventually we will see floating wind farms compete without subsidy - but to do that we need to get building at scale,"" said Mr Delp. How big? The jaw-dropping dimensions of the technology used: The operation to begin shifting the first of the 11,500 tonne giants happened dramatically in the half-light of a Norwegian summer night. Crews secured thick cables to tug boats and used remote-controlled submarines to check for obstacles. Finally the giant was on the move, floating on a sealed vase-like tube 78m deep, its bottom filled with iron ore to weight the base and keep it upright in the water. Price drop The price of energy from bottom-standing offshore wind farms has plummeted 32% since 2012 - far faster that anyone predicted. The price is now four years ahead of the government's expected target, and another big price drop is expected, taking offshore wind to a much lower price than new nuclear power. The Hywind project is being run in collaboration with the Abu Dhabi firm Masdar. The £190m cost was subsidised by bill-payers under the UK government's Renewable Obligation Certificates. The bird charity RSPB Scotland opposed the project - not because it dislikes the technology but because it believes too many offshore turbines in the area have already been approved. It fears thousands of sea birds may be killed by the offshore wind farms, although it admits that estimates are hugely uncertain because it is impossible to count bird corpses at sea. The RSPB's Aidan Smith told BBC News: ""Generally we are very enthusiastic about floating wind technology because it allows turbines to be placed far offshore - away from seabird nesting sites, and it helps us tackle climate change. ""We oppose the Hywind project because it adds to a situation we already believe is a problem."" Floating turbines may create a new frontier for energy - but scientists on the Intergovernmental Panel on Climate Change (IPCC) warn far more investment in additional new technologies is urgently needed for governments to keep promises on reducing emissions. Follow Roger on twitter @rharrabin

ಕನ್ನಡ ಸಾರಾಂಶ:"
81,"UN ಮಾನವ ಹಕ್ಕುಗಳ ತನಿಖಾಧಿಕಾರಿಗಳು ಮಾಡಿದ ವರದಿಯು 40 ಅಧಿಕಾರಿಗಳನ್ನು ಯುದ್ಧ ಅಪರಾಧಗಳು ಮತ್ತು ನಾಗರಿಕನಕ tộiಗಳಿಗಾಗಿ ವೈಯಕ್ತಿಕವಾಗಿ ಜವಾಬ್ದಾರರನ್ನಾಗಿ ಮಾಡಬಹುದು ಎಂದು ಹೇಳುತ್ತದೆ. ಇದು ನಾಗರಿಕರನ್ನು ದೈಹಿಕವಾಗಿ ಚಿತ್ರಹಿಂಸೆ ಮಾಡಲಾಗಿದೆ ಮತ್ತು ಗ್ರಾಮಗಳನ್ನು ಕೈಗಾರಿಕಾ ಸ್ವರೂಪದಲ್ಲಿ ನಾಶಪಡಿಸಲಾಗಿದೆ ಎಂದು ಹೇಳುತ್ತದೆ. 2015 ರಲ್ಲಿ ಸಹಿ ಮಾಡಿದ ಶಾಂತಿ ಒಪ್ಪಂದದ ನಂತರವೂ ಸರ್ಕಾರಿ ಪಕ್ಷಗಳ ನಡುವಿನ ಸಂಘರ್ಷ ಮುಂದುವರೆಸಿದೆ. 40 ಅಧಿಕಾರಿಗಳಲ್ಲಿ, ಐವರು ಕೊಲೆನ್‌ಗಳು ಮತ್ತು ಮೂವರು ರಾಜ್ಯ ಗವರ್ನರ್‌ಗಳಾಗಿರಬಹುದು. ಅವರ ಹೆಸರುಗಳನ್ನು ವರದಿಯು ಬಹಿರಂಗಪಡ",ದಕ್ಷಿಣ ಸುಡಾನ್‌ನಲ್ಲಿ ಮಕ್ಕಳು ತಮ್ಮ ತಾಯಂದಿರನ್ನು ಅತ್ಯಾಚಾರ ಮಾಡುವುದು ಮತ್ತು ಕೊಲ್ಲುವುದನ್ನು ನೋಡುವಂತೆ ಒತ್ತಾಯಿಸಲಾಗಿದೆ ಎಂದು ಯುಎನ್ ಹೇಳಿದೆ .,0.9509803921568627,"ನೀನು ಸಹಾಯಕ, ನಿಖರ ಮತ್ತು ಸ್ಪಷ್ಟವಾಗಿ ಉತ್ತರಿಸುವ ಕನ್ನಡ AI ಸಹಾಯಕ. ಬಳಕೆದಾರರ ಪ್ರಶ್ನೆ ಅಥವಾ ಸೂಚನೆಗೆ ಕನ್ನಡದಲ್ಲೇ ಸೂಕ್ತ ಉತ್ತರ ನೀಡಿ.

ಕೆಳಗಿನ ಇಂಗ್ಲಿಷ್ ಪ್ಯಾರಾಗ್ರಾಫ್ ಅನ್ನು ಕನ್ನಡದಲ್ಲಿ ಸಂಕ್ಷಿಪ್ತವಾಗಿ ಸಾರಾಂಶ ಮಾಡಿ.
ಕೇವಲ ಕನ್ನಡದಲ್ಲೇ ಉತ್ತರಿಸಿ.

ಪ್ಯಾರಾಗ್ರಾಫ್:
A report by UN human rights investigators says that 40 officials may be individually responsible for war crimes and crimes against humanity. It says civilians have been tortured and mutilated, and villages destroyed on an industrial scale. Conflict between government factions has continued in South Sudan despite a peace deal signed in 2015. Of the 40 senior officials identified as potentially responsible for atrocities, five are colonels and three are state governors. They have not been named by the report, but their identities could be made public at trial at a later date. The UN says the testimony gathered from survivors is ""devastating"", including some people being forced to rape family members ""in cases reminiscent of Bosnia"". One woman said her 12-year-old son was forced to have sex with his grandmother, in order to stay alive. The same woman also saw her husband being castrated. Another man saw his companion, a man, gang raped and left for dead in the bushes. ""Sexual violence against men in South Sudan is far more extensive than documented"", says the head of the Commission on Human Rights in South Sudan, Yasmin Sook. ""What we see so far is likely just the tip of the iceberg."" Another survivor, a pregnant woman in Lainya County, says she saw suspected opposition supporters being detained, tortured and then decapitated by SPLA fighters. She was kept with the victims' decomposing bodies. One of them was her husband's. ""There is a clear pattern of ethnic persecution,"" says Commissioner on Human Rights in South Sudan Andrew Clapham. He adds it is ""for the most part by government forces, who should be pursued for crimes against humanity"". The plan is to take the evidence of crimes against humanity to a new hybrid court which is due to be set up by the South Sudanese authorities in partnership with the African Union. But the problem is South Sudan's government is unlikely to ever set up the court because its own military allies are thought to be some of the main culprits, reports the BBC's Will Ross. South Sudan's government spokesman says it needs to ""investigate the reality"" of the UN's report because ""most of those types of reports are cut and paste"". But Ateng Wek Ateng also told the BBC: ""We take this report seriously. ""We would want the UNHCR to furnish us with information leading to the arrest of those 40 officials and we will make sure those 40 are brought to book.""

ಕನ್ನಡ ಸಾರಾಂಶ:"
82,"IS said the men were captured in Homs. They were shot dead inside Palmyra's amphitheatre. Stills from the video showed the killers to be young males, possibly as young as 13 or 14. IS captured Palmyra and Tadmur in late May. The video was distributed by accounts linked with Islamic State militants. It is not clear when it was filmed. The killings took place on a stage in front of a large black flag. Several hundred men were filmed watching the shootings from steps. Among them was a young boy. In close-up shots, they appeared beaten. Days after IS claimed Palmyra, it executed 20 men in the same amphitheatre. The UK-based Syrian Observatory for Human Rights says shootings took place on 27 May, but it",ಇಸ್ಲಾಮಿಕ್ ಸ್ಟೇಟ್ ಗುಂಪು ಬಿಡುಗಡೆ ಮಾಡಿದ ವೀಡಿಯೊ ಸಿರಿಯಾದ ಪುರಾತನ ನಗರವಾದ ಪಾಲ್ಮಿರಾದಲ್ಲಿ 25 ಪುರುಷರನ್ನು ಗುಂಡಿಕ್ಕಿ ಕೊಂದಿರುವುದನ್ನು ತೋರಿಸುತ್ತದೆ.,0.0,"ನೀನು ಸಹಾಯಕ, ನಿಖರ ಮತ್ತು ಸ್ಪಷ್ಟವಾಗಿ ಉತ್ತರಿಸುವ ಕನ್ನಡ AI ಸಹಾಯಕ. ಬಳಕೆದಾರರ ಪ್ರಶ್ನೆ ಅಥವಾ ಸೂಚನೆಗೆ ಕನ್ನಡದಲ್ಲೇ ಸೂಕ್ತ ಉತ್ತರ ನೀಡಿ.

ಕೆಳಗಿನ ಇಂಗ್ಲಿಷ್ ಪ್ಯಾರಾಗ್ರಾಫ್ ಅನ್ನು ಕನ್ನಡದಲ್ಲಿ ಸಂಕ್ಷಿಪ್ತವಾಗಿ ಸಾರಾಂಶ ಮಾಡಿ.
ಕೇವಲ ಕನ್ನಡದಲ್ಲೇ ಉತ್ತರಿಸಿ.

ಪ್ಯಾರಾಗ್ರಾಫ್:
IS said the men were soldiers captured in the city of Homs. They were shot dead inside Palmyra's amphitheatre. Stills from the video showed the killers to be young males, possibly even as young as 13 or 14. IS captured Palmyra and the neighbouring modern city, locally known as Tadmur, in late May. The video was distributed by accounts known to be linked with Islamic State militants. It is not clear when it was filmed. The killings took place on a stage in the amphitheatre in front of a large black IS flag. Several hundred men in civilian clothes are filmed sitting on steps watching the shootings. Among them was a young boy. In close-up shots of the men waiting to be killed, they appear to have been beaten on the face. Days after IS claimed Palmyra, it executed 20 men in the same amphitheatre. The UK-based Syrian Observatory for Human Rights says shootings took place in the amphitheatre on 27 May, but it is not clear if those killings are the ones in the video. The video goes on to show the destruction of Tadmur prison, which occurred in late May. In May, Mamoun Abdelkarim, Syria's head of antiquities, said: ""Using the Roman theatre to execute people proves that these people are against humanity."" Mr Abdulkarim said most of the museum's antiquities had been transferred to Damascus before IS approached the city. Since then, there have been reports that mines have been planted among some of Palmyra's ruins, and there were claims this week that militants destroyed an ancient sculpture outside Palmyra's museum. Since capturing the city, IS has also taken control of a military airbase and a notorious prison nearby. The ancient ruins are situated in a strategically important area on the road between the capital, Damascus, and the contested eastern city of Deir al-Zour. Fighters with IS started claiming vast swathes of Syria and Iraq in 2014, aided in part by the insecurity generated by Syria's civil war. More than 230,000 Syrians have died in the war, which began after President Bashar al-Assad's forces tried to put down anti-government protests in March 2011.

ಕನ್ನಡ ಸಾರಾಂಶ:"
83,"The men were convicted over the deaths of at least 11 officers in Kerdasa. The attack took place after Egyptian military forces cracked down on Islamist supporters of ousted President Mohammed Morsi that July. Hundreds of death sentences have been passed on Mr Morsi's supporters but none has been carried out. Human rights group Amnesty International says the death sentences follow grossly unfair trials and highlight Egypt's disregard for national and international law. Mr Morsi will face a new espionage trial on 15 February, Egypt's official Mena news agency says. He and 10 others will be charged with leaking ""classified documents"" to Qatar and Qatari-based broadcaster al-Jazeera. Mr Morsi is already facing three other trials, including another case of espionage. He too could be",ಈಜಿಪ್ಟ್‌ನ ನ್ಯಾಯಾಲಯವು 2013 ರಲ್ಲಿ ಕೈರೋ ಬಳಿಯ ಪೊಲೀಸ್ ಠಾಣೆಯ ಮೇಲೆ 183 ಮುಸ್ಲಿಂ ಸಹೋದರತ್ವದ ಬೆಂಬಲಿಗರಿಗೆ ಮರಣದಂಡನೆ ಶಿಕ್ಷೆಯನ್ನು ಎತ್ತಿಹಿಡಿದಿದೆ.,0.0,"ನೀನು ಸಹಾಯಕ, ನಿಖರ ಮತ್ತು ಸ್ಪಷ್ಟವಾಗಿ ಉತ್ತರಿಸುವ ಕನ್ನಡ AI ಸಹಾಯಕ. ಬಳಕೆದಾರರ ಪ್ರಶ್ನೆ ಅಥವಾ ಸೂಚನೆಗೆ ಕನ್ನಡದಲ್ಲೇ ಸೂಕ್ತ ಉತ್ತರ ನೀಡಿ.

ಕೆಳಗಿನ ಇಂಗ್ಲಿಷ್ ಪ್ಯಾರಾಗ್ರಾಫ್ ಅನ್ನು ಕನ್ನಡದಲ್ಲಿ ಸಂಕ್ಷಿಪ್ತವಾಗಿ ಸಾರಾಂಶ ಮಾಡಿ.
ಕೇವಲ ಕನ್ನಡದಲ್ಲೇ ಉತ್ತರಿಸಿ.

ಪ್ಯಾರಾಗ್ರಾಫ್:
The men were convicted over the deaths of at least 11 officers in Kerdasa. The attack took place after Egyptian military forces cracked down on Islamist supporters of ousted President Mohammed Morsi that July. Hundreds of death sentences have been passed on Mr Morsi's supporters but none has been carried out. Human rights group Amnesty International says the death sentences follow grossly unfair trials and highlight Egypt's disregard for national and international law. Mr Morsi will face a new espionage trial on 15 February, Egypt's official Mena news agency says. He and 10 others will be charged with leaking ""classified documents"" to Qatar and Qatari-based broadcaster al-Jazeera. Mr Morsi is already facing three other trials, including another case of espionage. He too could be given the death penalty if found guilty. Appeal still possible More than 140 of the 188 defendants in the Kerdasa case are already in custody, while the rest have been sentenced in absentia. The court also sentenced a minor to 10 years in prison in the case, and two other defendants were acquitted. The verdict follows a recommendation by Egypt's top religious authority, the Grand Mufti, but it can be appealed against. Last month, the death sentences of 37 people were overturned on appeal. The defendants had been convicted of attacking a police station in Minya, south of Cairo, on the same day as the Kerdasa attack. The violence came after security forces killed hundreds of people when they cleared protest camps set up in the capital by supporters of the ousted Islamist president, Mohammad Morsi. The original trial also saw some 377 people sentenced to life in prison in absentia. ""[The] death sentences are yet another example of the bias of the Egyptian criminal justice system,"" Amnesty's Deputy Middle East and North Africa Programme Director, Hassiba Hadj Sahraoui, said in a statement in response to Monday's verdict. ""These verdicts and sentences must be quashed and all of those convicted should be given a trial that meets international standards of fairness and excludes the death penalty."" Mr Sahraoui said it would be wrong to impose capital punishment ""when there are serious doubts hanging over the fairness of the trial"" which ""outrageously flouted"" international law. The United Nations has called the mass trials ""unprecedented"". Mr Morsi was succeeded by President Abdul Fattah al-Sisi, a former military chief who has been heavily criticised for his crackdown on Islamists. Hundreds of people, mostly Islamists, have been killed since the army deposed Mr Morsi.

ಕನ್ನಡ ಸಾರಾಂಶ:"
84,"TV footage showed the first miner, who was blindfolded to protect his eyes from the light, being lifted out as emergency workers cheered. The fate of 10 other miners remains unknown, as rescue operations continue to try to locate them. The entrance tunnel to the Hushan gold mine in Shandong province collapsed after an explosion on 10 January. A total of 22 miners were trapped in the blast, the cause of which is unknown. At least one died, and it is still not known if the remaining workers are alive underground. The first miner was brought to the surface on Sunday morning. He was blindfolded to protect his eyes from the light and was immediately taken to hospital for treatment, with his condition described as ""extremely weak"". About an hour after his rescue, 1",ಚೀನಾದಲ್ಲಿನ ರಕ್ಷಕರು ಎರಡು ವಾರಗಳ ಕಾಲ ನೂರಾರು ಮೀಟರ್ ನೆಲದ ಅಡಿಯಲ್ಲಿ ಸಿಲುಕಿದ್ದ 11 ಚಿನ್ನದ ಗಣಿಗಾರರನ್ನು ಬಿಡುಗಡೆಗೊಳಿಸಿದ್ದಾರೆ.,0.0,"ನೀನು ಸಹಾಯಕ, ನಿಖರ ಮತ್ತು ಸ್ಪಷ್ಟವಾಗಿ ಉತ್ತರಿಸುವ ಕನ್ನಡ AI ಸಹಾಯಕ. ಬಳಕೆದಾರರ ಪ್ರಶ್ನೆ ಅಥವಾ ಸೂಚನೆಗೆ ಕನ್ನಡದಲ್ಲೇ ಸೂಕ್ತ ಉತ್ತರ ನೀಡಿ.

ಕೆಳಗಿನ ಇಂಗ್ಲಿಷ್ ಪ್ಯಾರಾಗ್ರಾಫ್ ಅನ್ನು ಕನ್ನಡದಲ್ಲಿ ಸಂಕ್ಷಿಪ್ತವಾಗಿ ಸಾರಾಂಶ ಮಾಡಿ.
ಕೇವಲ ಕನ್ನಡದಲ್ಲೇ ಉತ್ತರಿಸಿ.

ಪ್ಯಾರಾಗ್ರಾಫ್:
TV footage showed the first miner, who was blindfolded to protect his eyes from the light, being lifted out as emergency workers cheered. The fate of 10 other miners remains unknown, as rescue operations continue to try to locate them. The entrance tunnel to the Hushan gold mine in Shandong province collapsed after an explosion on 10 January. A total of 22 miners were trapped in the blast, the cause of which is unknown. At least one died, and it is still not known if the remaining workers are alive underground. The first miner was brought to the surface on Sunday morning. He was blindfolded to protect his eyes from the light and was immediately taken to hospital for treatment, with his condition described as ""extremely weak"". About an hour after his rescue, 10 more miners were brought out from a different section of the mine. CCTV said one of the miners among this group was injured. Several others were seen walking by themselves, supported by rescue workers, before being transported to hospital. Rescue efforts have been sped up significantly, as a tunnel that was being bored out to reach the trapped miners was expected to take weeks to dig. ""On Sunday morning, a huge obstacle blocking the well suddenly fell to the bottom of the shaft, allowing rescue work to take a big step forward,"" lead rescue worker Du Bingjian told the state-run Global Times. This first man to be rescued had been trapped in a different part of the gold mine to the main group of 10 - who have been receiving food and medicine for days. The group told rescuers they had established communication with a lone miner about 100m below them, but had since lost touch with him. It is not clear if he was the first miner to be rescued or not. Authorities have been unable to communicate with the other miners who remain missing. Mr Du said it was not yet known when rescuers would be able ""to reach the Sixth Central Section [of the mine] where the missing miners are believed to be"". How have the miners survived this long? The entry into the mine was severely damaged and communication was cut off by unexplained explosion. For a week, there was no sign of life. Then, on 17 January, rescuers felt a pull on one of the ropes they were lowering into small shafts leading down into the dark. A paper note was then sent up on a rope from a group of 12 surviving miners - 11 trapped in one place and a 12th trapped further below. After that, the contact with the 12th miner was lost, while one of the group of 11, who had fallen into a coma after sustaining a head wound in the explosion, was confirmed dead on Thursday. A communication line was then established and food and medicine lowered to them through a narrow shaft. Trapped in the dark some 600m (2,000ft) underground, the survivors managed to keep in regular contact with the rescue teams. They received porridge and nutritional liquids, and a few days before their rescue, the miners requested a traditional meal of sausages. Mining accidents are not uncommon in China, where the industry safety regulations can be poorly enforced. In December last year, 23 miners died after a carbon monoxide leak at a coal mine. In September, 16 workers were killed at another mine on the outskirts of Chongqing, also due to carbon monoxide. In December 2019, an explosion at a coal mine in Guizhou province, south-west China, killed at least 14 people.

ಕನ್ನಡ ಸಾರಾಂಶ:"
85,"RTS,S ಪ್ಯಾರಾಗ್ರಾಫ್‌ಗಳು: 1. ಇದು ರೋಗನಿರೋಧಕ ಶಕ್ತಿಯನ್ನು ತಟಸ್ಥಗೊಳಿಸಲು (neutralise) ಹೆಣ್ಣು ಅತಿಸರಪರಲಿತದ ವಿರುದ್ಧ ಸಿದ್ಧಪಡಿಸುತ್ತದೆ. 2. ಆರಂಭಿಕ ಸಣ್ಣ ಪ್ರಯೋಗಗಳು 5-17 ತಿಂಗಳುಗಳ ಮಕ್ಕಳು 40% ರಷ್ಟು ರಕ್ಷಣೆಯನ್ನು ತೋರಿಸಿವೆ. 3. 10 ವರ್ಷಗಳ ಯಶಸ್ಸಿನ ನಂತರ, ಮಲೇರಿಯಾ ಪ್ರಕರಣಗಳು ಮತ್ತೆ ಹೆಚ್ಚಾಗುತ್ತಿವೆ. 4. WHO ಗಾಗಿ ಡಾ. ಕೆಟ್‌ ಆರ್‌ಬನ್‌ (Dr Kate O'Brien) ಹೇಳಿದರು: 'ಇದು ಇಮ್ಯುನೈಸೇಶನ್‌ಗಳಿಗೆ ಒಂದು ಹೆಗ್ಗುರುತು ಮತ್ತು ಸಾರ್ವಜನ",ಮಕ್ಕಳಿಗೆ ಭಾಗಶಃ ರಕ್ಷಣೆ ನೀಡಲು ವಿಶ್ವದ ಮೊದಲ ಮಲೇರಿಯಾ ಲಸಿಕೆ ಎಂದು ಕರೆಯಲ್ಪಡುವ ದೊಡ್ಡ ಪ್ರಮಾಣದ ಪೈಲಟ್ ಮಲಾವಿಯಲ್ಲಿ ಪ್ರಾರಂಭವಾಗಿದೆ.,0.8036253776435045,"ನೀನು ಸಹಾಯಕ, ನಿಖರ ಮತ್ತು ಸ್ಪಷ್ಟವಾಗಿ ಉತ್ತರಿಸುವ ಕನ್ನಡ AI ಸಹಾಯಕ. ಬಳಕೆದಾರರ ಪ್ರಶ್ನೆ ಅಥವಾ ಸೂಚನೆಗೆ ಕನ್ನಡದಲ್ಲೇ ಸೂಕ್ತ ಉತ್ತರ ನೀಡಿ.

ಕೆಳಗಿನ ಇಂಗ್ಲಿಷ್ ಪ್ಯಾರಾಗ್ರಾಫ್ ಅನ್ನು ಕನ್ನಡದಲ್ಲಿ ಸಂಕ್ಷಿಪ್ತವಾಗಿ ಸಾರಾಂಶ ಮಾಡಿ.
ಕೇವಲ ಕನ್ನಡದಲ್ಲೇ ಉತ್ತರಿಸಿ.

ಪ್ಯಾರಾಗ್ರಾಫ್:
The RTS,S vaccine trains the immune system to attack the malaria parasite, which is spread by mosquito bites. Earlier, smaller trials showed that nearly 40% of the 5-to-17-month-olds who received it were protected. Malaria cases appear to be on the rise again after a decade of success in combating the deadly disease. ""This is a landmark moment for immunisations, malaria control, and public health,"" Dr Kate O'Brien, Director of Immunisation and Vaccines at the World Health Organization, told the BBC. According to the most recent annual figures, global malaria cases are no longer falling, sparking concerns about its resurgence. 435,000 died of malaria worldwide 219m infectedAfrica saw more than 90% of cases and deaths Malawi is the first of three countries chosen for the pilot to roll out the vaccine. It aims to immunise 120,000 children aged two years and below. The other two countries, Ghana and Kenya, will introduce the vaccine in the coming weeks. The three countries were picked because they already run large programmes to tackle malaria, including the use of bed nets, yet still have high numbers of cases. How big a problem is malaria? Malaria kills some 435,000 people around the world each year, the majority of them children. Most of these deaths are in Africa, where more than 250,000 children die every year, according to the World Health Organization (WHO). Dr O'Brien said that malaria is ""a really difficult disease to develop a vaccine against"". An early trial of the vaccine began in 2009. ""There were seven countries participating in a large trial where over 15,000 children participated,"" Dr David Schellenberg, who has been working on the development of the vaccine with the WHO, told the BBC's Newsday programme. ""[The trial] showed pretty clearly that this vaccine is safe and it is efficacious in terms of its ability to prevent clinical malaria episodes and also severe malaria episodes,"" he said. What difference will the vaccine make? RTS,S has been more than three decades in the making, with scientists from drugs company GSK creating it in 1987. Years of testing supported by a host of organisations, including the Path Malaria Vaccine Initiative, and costing an estimated $1bn (£770m), have led to this point. The nearly 40% efficacy is not high in comparison with vaccines for other diseases, but Dr Schellenberg says RTS,S will add to the preventative measures, such as bed nets and insecticides, already being used. ""Nobody is suggesting that this is a magic bullet,"" Dr Schellenberg said. ""It may not sound like much but we're talking about 40% reduction in severe malaria which unfortunately still has high mortality even when you have good access to good treatment,"" he added. Dr O'Brien said the vaccine lasted for at least for seven years and would target infants because they are most at risk. The vaccine needs to be given four times - once a month for three months and then a fourth dose 18 months later. Dr Schellenberg accepted that it might be a challenge for mothers in some areas to take their children to clinics for all four doses. This stage of the trial is expected to be completed by 2023, according to Path.

ಕನ್ನಡ ಸಾರಾಂಶ:"
86,"UNICEF ಯುನ್‌ಸೆಫ್‌ಗೆ, ಈ ಮಕ್ಕಳಿಗೆ ಪ್ರವೇಶವನ್ನು ನಿರಾಕರಿಸಲಾಗುತ್ತಿದೆ. ಇದು ತುರ್ತು ಮತ್ತು ಅನಿವಾರ್ಯವಾಗಿದೆ. Conflict escalated in November when Ethiopian Prime Minister Abiy Ahmed ordered a military offensive against regional forces. Government says it is in control of the region but TPLF says it is still fighting on various fronts. Hundreds, even thousands, have been killed and 50,000 have fled to Sudan. Unicef calls for urgent access to all families in need.",ಇಥಿಯೋಪಿಯಾದ ಉತ್ತರ ಟೈಗ್ರೇ ಪ್ರದೇಶದಲ್ಲಿರುವ ಸುಮಾರು 2.3 ಮಿಲಿಯನ್ ಮಕ್ಕಳ ಮೇಲೆ ಹಿಂಸಾಚಾರ ಮುಂದುವರಿದಂತೆ ಮಾನವೀಯ ನೆರವಿನಿಂದ ಕಡಿತಗೊಳಿಸಲಾಗಿದೆ ಎಂದು ಯುಎನ್ ಎಚ್ಚರಿಸಿದೆ.,0.19689119170984457,"ನೀನು ಸಹಾಯಕ, ನಿಖರ ಮತ್ತು ಸ್ಪಷ್ಟವಾಗಿ ಉತ್ತರಿಸುವ ಕನ್ನಡ AI ಸಹಾಯಕ. ಬಳಕೆದಾರರ ಪ್ರಶ್ನೆ ಅಥವಾ ಸೂಚನೆಗೆ ಕನ್ನಡದಲ್ಲೇ ಸೂಕ್ತ ಉತ್ತರ ನೀಡಿ.

ಕೆಳಗಿನ ಇಂಗ್ಲಿಷ್ ಪ್ಯಾರಾಗ್ರಾಫ್ ಅನ್ನು ಕನ್ನಡದಲ್ಲಿ ಸಂಕ್ಷಿಪ್ತವಾಗಿ ಸಾರಾಂಶ ಮಾಡಿ.
ಕೇವಲ ಕನ್ನಡದಲ್ಲೇ ಉತ್ತರಿಸಿ.

ಪ್ಯಾರಾಗ್ರಾಫ್:
""Protecting these children, many of whom are refugees and internally displaced... must be a priority"", said the UN's children's agency Unicef. Despite deals with the Ethiopian government, humanitarian agencies say they are being denied access to Tigray. Government forces have been battling Tigray fighters since 4 November. The government says it is in control of the region and the conflict is over. But Tigray People's Liberation Front (TPLF) says it is still fighting on various fronts. Hundreds, even thousands, of people are thought to have been killed in the conflict, while about 50,000 have fled to neighbouring Sudan. In a statement, Unicef said: ""The longer access to [the children] is delayed, the worse their situation will become as supplies of food, including ready-to-use therapeutic food for the treatment of child malnutrition, medicines, water, fuel and other essentials run low."" It added: ""We call for urgent, sustained, unconditional and impartial humanitarian access to all families in need wherever they are."" Neither the Ethiopian government nor the TPLF have commented on the issue. What is the conflict about? The conflict escalated in November, when Ethiopian Prime Minister Abiy Ahmed ordered a military offensive against regional forces in Tigray. He said he did so in response to an attack on a military base housing government troops in Tigray. The escalation came after months of feuding between Mr Abiy's government and leaders of the TPLF - the region's dominant political party. For almost three decades, the party was at the centre of power, before it was sidelined after Mr Abiy took office in 2018 in the wake of anti-government protests.

ಕನ್ನಡ ಸಾರಾಂಶ:"
87,"1. Philippines president ಡೊಮಿನ್‌ಗೊ ಡರ್ಟ್‌ಟೇ 16 ನೇ ವಯಸ್ಸಿನಲ್ಲಿ ಒಬ್ಬ ವ್ಯಕ್ತಿಯನ್ನು ಕೊಂದನು ಎಂದು ಹೇಳಿದನು, ಇದು 'ಕಲಾವಿಭ್ಯಕ್ತಿ' (colourful language) ಎಂದು ಅವರ ಪ್ರವಚನದಲ್ಲಿ ಉಲ್ಲೇಖಿಸಲಾದ ಒಂದು ಘಟನೆ.
2. ಅವರು ತಮ್ಮ ತೀವ್ರವಾದ ಹದಿಹರೆಯದ ಜೀವನವನ್ನು ವಿವರಿಸಿದರು, ಅಲ್ಲಿ ಅವರು ಹಲವಾರು ಬಾರಿ ಜೈಲಿಗೆ ಹೋಗಿದ್ದರು ಮತ್ತು ದೈತ್ಯಾಕಾರದ ಯುದ್ಧಗಳಲ್ಲಿ ಭಾಗವಹಿಸಿದ್ದರು.
3. ಆದರೆ, ಅವರ ಪ್ರವಚನದ ನಂತರ, ಅವರ ಮಾಜಿ-ಪ್ರಧಾನಿ (spokesman) ಅವರು ಆ ಹೇಳಿಕೆಗಳನ್ನು 'ಕಲಾವಿಭ್ಯಕ್ತಿ' ಎಂದು ವಿವರಿಸಿದರು.
4. ಡ",ಫಿಲಿಫೈನ್ಸ್ ಅಧ್ಯಕ್ಷರಾದ ರೋಡ್ರಿಗೋ ಡ್ಯುಟರ್ಟೆ ಅವರು ಹದಿಹರೆಯದವರಾಗಿದ್ದಾಗ ಒಬ್ಬ ವ್ಯಕ್ತಿಯನ್ನು ಇರಿದು ಕೊಂದಿದ್ದಾರೆ ಎಂದು ಹೇಳಿದ್ದಾರೆ.,0.8047493403693932,"ನೀನು ಸಹಾಯಕ, ನಿಖರ ಮತ್ತು ಸ್ಪಷ್ಟವಾಗಿ ಉತ್ತರಿಸುವ ಕನ್ನಡ AI ಸಹಾಯಕ. ಬಳಕೆದಾರರ ಪ್ರಶ್ನೆ ಅಥವಾ ಸೂಚನೆಗೆ ಕನ್ನಡದಲ್ಲೇ ಸೂಕ್ತ ಉತ್ತರ ನೀಡಿ.

ಕೆಳಗಿನ ಇಂಗ್ಲಿಷ್ ಪ್ಯಾರಾಗ್ರಾಫ್ ಅನ್ನು ಕನ್ನಡದಲ್ಲಿ ಸಂಕ್ಷಿಪ್ತವಾಗಿ ಸಾರಾಂಶ ಮಾಡಿ.
ಕೇವಲ ಕನ್ನಡದಲ್ಲೇ ಉತ್ತರಿಸಿ.

ಪ್ಯಾರಾಗ್ರಾಫ್:
""At 16, I killed someone,"" he told Filipinos in the Vietnamese city of Da Nang, where he is attending a regional summit. He said he stabbed the person ""just over a look"". His spokesman later said his remarks had been ""in jest"". Mr Duterte has previously said he killed criminal suspects as mayor of the city of Davao. The Filipino leader is attending the Asia-Pacific Economic Cooperation (Apec) summit, alongside regional leaders and US President Donald Trump. He has presided over a massive crackdown on crime in the Philippines, which critics allege undermines fundamental human rights. Mr Duterte has encouraged extrajudicial killings of those involved in the drugs trade, and said he would ""be happy to slaughter"" three million drug addicts in the country. Addressing the Filipino community in Da Nang, he said he had killed a person during his violent teenage years, when he said he was in numerous fights and ""in and out of jail"". But a spokesman for the president, Harry Roque, told the AFP news agency that the remarks were ""in jest"" and the Filipino leader often used ""colourful language"" when addressing Filipinos overseas. Mr Duterte has previously said he possibly killed someone while a teenager. In 2015 he told the Philippines edition of Esquire magazine that during ""a tumultuous fight in the beach"" when he was 17, ""maybe I stabbed somebody to death"". It is not clear if he was referring to the same incident in his speech. He also claims to have thrown corrupt officials out of helicopters, warning officials he would do it again if they embezzled financial aid. His spokesman described that claim as an ""urban legend"". Speaking about human rights during his Vietnam visit, Mr Duterte proposed a ""world summit"" on the issue - but not looking solely at human rights abuses in the Philippines. ""What makes the death of people in the Philippines more important than the rest of the children in the world that were massacred and killed?"" the Manila Bulletin quoted him as saying. Since he took office, police say they have killed almost 4,000 people in anti-drug operations. More than 2,000 others have been killed in connection with drug-related crimes. In September, the proposed budget for the human rights commission investigating the deaths was cut to 1,000 pesos - the equivalent of $20 (£15). It had asked for 1.72bn pesos ($34m). Mr Duterte is due to hold bilateral talks with US President Donald Trump in the Philippines in the coming days - the first meeting between the pair. The Philippines president was adversarial towards Mr Trump's predecessor Barack Obama, labelling him a ""son of a whore."" Mr Obama cancelled their scheduled meeting.

ಕನ್ನಡ ಸಾರಾಂಶ:"
88,"26-year-old Betty Kim, who identified herself only as Betty Kim, 7 May ರಂದು Olive Restaurant‌ನಲ್ಲಿ ತೀವ್ರವಾಗಿ ಅಸ್ತವ್ಯಸ್ಥತೆಯನ್ನು ಅನುಭವಿಸಿದಳು. Facebook ಪೋಸ್‌ನಿಂದಾಗಿ, ತಾಯಿಯರು ಅವಳನ್ನು ಬೆಂಬಲಿಸಲು ಮುಂದಾದರು ಮತ್ತು 15 ಮೇಂದುಗಿನ ಮೆರವಣಿಗೆಯನ್ನು ಯೋಜಿಸಿದರು. eatery ತನ್ನದೇ ಆದ Facebook ಪುಟದಲ್ಲಿ ಶಾಂತಿಯನ್ನು ಕೋರಿದೆ. Ms Kim ನೊಂದಿಗೆ ಸಂವಹನ ನಡೆಸಲು ಇದು ಸಾರ್ವಜನಿಕ ಪೋಸ್‌ಗಳ ಆಧಾರದ ಮೇಲೆ ಕೇವಲ 'incident' ಬಗ್ಗೆ ತಿಳಿದಿದೆ ಎಂದು ಹೇಳುತ್ತದೆ. Ms Kim 1-year-old baby-feeding‌ನಿಂದಾಗಿ ತೀವ್ರವಾಗಿ ಅಸ್ತವ್ಯಸ್ಥತೆಯನ್ನು ಅನುಭವಿಸಿದಳು",ಕೀನ್ಯಾದ ತಾಯಿಯೊಬ್ಬರು ನೈರೋಬಿ ಡೌನ್‌ಟೌನ್‌ನಲ್ಲಿರುವ ರೆಸ್ಟೋರೆಂಟ್‌ನಲ್ಲಿ ತನ್ನ ಮಗುವಿಗೆ ಎದೆಹಾಲು ಉಣಿಸಿದ್ದಕ್ಕಾಗಿ ಇಬ್ಬರು ಪರಿಚಾರಿಕೆಗಳಿಂದ ಹೇಗೆ ಅವಮಾನಿತರಾದರು ಎಂದು ಹೇಳಿದ್ದಾರೆ.,0.6477541371158393,"ನೀನು ಸಹಾಯಕ, ನಿಖರ ಮತ್ತು ಸ್ಪಷ್ಟವಾಗಿ ಉತ್ತರಿಸುವ ಕನ್ನಡ AI ಸಹಾಯಕ. ಬಳಕೆದಾರರ ಪ್ರಶ್ನೆ ಅಥವಾ ಸೂಚನೆಗೆ ಕನ್ನಡದಲ್ಲೇ ಸೂಕ್ತ ಉತ್ತರ ನೀಡಿ.

ಕೆಳಗಿನ ಇಂಗ್ಲಿಷ್ ಪ್ಯಾರಾಗ್ರಾಫ್ ಅನ್ನು ಕನ್ನಡದಲ್ಲಿ ಸಂಕ್ಷಿಪ್ತವಾಗಿ ಸಾರಾಂಶ ಮಾಡಿ.
ಕೇವಲ ಕನ್ನಡದಲ್ಲೇ ಉತ್ತರಿಸಿ.

ಪ್ಯಾರಾಗ್ರಾಫ್:
The woman, 26, who identified herself only as Betty Kim, was so upset she posted about the 7 May incident at the Olive Restaurant on a Facebook group. The post quickly went viral, with mothers leaping to her defence and even planning a march on the restaurant. The eatery has appealed for calm while it deals with the matter. In a post on its own Facebook page, it appeals for Ms Kim to come forward so it can get to the bottom of the matter. It says it is only aware of the incident because of the posts on social media. 'I can't feed in a toilet' Ms Kim told the BBC she was confronted by staff after starting to breastfeed her one-year-old daughter. ""I was waiting for my order of beef stew, cabbage and mukimu [a mixture of mashed potatoes, maize and green vegetables] when the arrogant woman waiter who had taken my order told me to either stop or cover up,"" she said. ""I was shocked because I had done this a million times and on this particular day it was raining, so there was nowhere else to go."" Ms Kim said her baby was restless so she felt she had to keep going. ""I decided to continue breastfeeding my child when another waitress, who brought my food, calmly told me that what I was doing was giving a very bad impression,"" she said. ""I then politely asked her where else I could comfortably nurse my child and she pointed at a toilet. ""At that moment I felt humiliated and stopped breastfeeding."" Ms Kim now hopes the manager of the restaurant will apologise. A demonstration in solidarity with her has been organised for 15 May by some women on the Pregnant and Nursing Mums Kenya group on Facebook where Ms Kim first narrated her experience. According to a poster shared on Facebook and Instagram, the women are set to march from Freedom Corner, to parliament and then storm the Olive Restaurant where they plan to stage a mass breastfeeding.

ಕನ್ನಡ ಸಾರಾಂಶ:"
89,"President Duterte ने 2015 ರಲ್ಲಿ ಮಾಡಿದ ಹೇಳಿಕೆಗಳನ್ನು ಪುನರುಚ್ಚರಿಸಿದ ಮೊದಲ ಬಾರಿಗೆ, ಇದು ಜೂನ್‌ಗೆ ಸಂಬಂಧಿಸಿದೆ. ದಾವೋ ನಗರದಲ್ಲಿ ಎರಡು ದಶಕಗಳ ಕಾಲ ಆಡಳಿತ ನಡೆಸಿದ ನಂತರ, ಅವನು ಕೃತ್ಯವನ್ನು ತಗ್ಗಿಸಿದ ಮತ್ತು ಸಾರ್ವಜನಿಕರ ಹಕ್ಕುಗಳನ್ನು ಉಲ್ಲಂಘಿಸಿದ ಆರೋಪದ ಮೇಲೆ ಟೀಕಿಸಲ್ಪಟ್ಟಿದ್ದಾನೆ. ಡಿಸೆಂಬರ್‌ಗಿಂತ ಮೊದಲು, ಅವರು ಬ್ಯುಸಿನಸ್ ಲೀಡರ್‌ಗಳಿಗೆ ಭಾಷಣ ಮಾಡಿದಾಗ, 'Blood on his hands' ಎಂದು ಹೇಳಿದರು. 'Davao ನಲ್ಲಿ ನಾನು ಇದನ್ನು ವೈಯಕ್ತಿಕವಾಗಿ ಮಾಡುತ್ತೇನೆ.' 'Just to show to the guys [police] that if I can do it why can't you,'",ಫಿಲಿಫೈನ್ಸ್‌ನ ಅಧ್ಯಕ್ಷರಾದ ರೋಡ್ರಿಗೋ ಡ್ಯುಟರ್ಟೆ ಅವರು ದಾವೋದ ಮೇಯರ್ ಆಗಿ ಕ್ರಿಮಿನಲ್ ಶಂಕಿತರನ್ನು ವೈಯಕ್ತಿಕವಾಗಿ ಕೊಂದಿದ್ದಾರೆ ಎಂದು ಒಪ್ಪಿಕೊಂಡಿದ್ದಾರೆ.,0.7192982456140351,"ನೀನು ಸಹಾಯಕ, ನಿಖರ ಮತ್ತು ಸ್ಪಷ್ಟವಾಗಿ ಉತ್ತರಿಸುವ ಕನ್ನಡ AI ಸಹಾಯಕ. ಬಳಕೆದಾರರ ಪ್ರಶ್ನೆ ಅಥವಾ ಸೂಚನೆಗೆ ಕನ್ನಡದಲ್ಲೇ ಸೂಕ್ತ ಉತ್ತರ ನೀಡಿ.

ಕೆಳಗಿನ ಇಂಗ್ಲಿಷ್ ಪ್ಯಾರಾಗ್ರಾಫ್ ಅನ್ನು ಕನ್ನಡದಲ್ಲಿ ಸಂಕ್ಷಿಪ್ತವಾಗಿ ಸಾರಾಂಶ ಮಾಡಿ.
ಕೇವಲ ಕನ್ನಡದಲ್ಲೇ ಉತ್ತರಿಸಿ.

ಪ್ಯಾರಾಗ್ರಾಫ್:
It is the first such admission he has made since becoming president in June, but echoes comments he made in 2015. He ran the southern city for two decades, earning a reputation for cutting crime, and criticism for allegedly supporting death squads. Mr Duterte was speaking to business leaders at the presidential palace on Monday, before an overseas trip. It is the latest in a series of controversial and sometimes contradictory comments by Mr Duterte. 'Blood on his hands' ""In Davao I used to do it personally. Just to show to the guys [police] that if I can do it why can't you,"" he said. ""And I'd go around in Davao with a motorcycle, with a big bike around, and I would just patrol the streets, looking for trouble also. I was really looking for a confrontation so I could kill."" In 2015, he admitted killing at least three men suspected of kidnapping and rape in Davao. The comments have been condemned by human rights group Amnesty International, which has called on him to put an immediate end to the killings. ""The climate of impunity in the Philippines has intensified even further since President Duterte began his brutal crackdown on suspected drug users and dealers in July, with a wave of unlawful killings claiming more than 5,000 lives across the country,"" said Rafendi Djamin, the group's director for South East Asia and the Pacific. ""By boasting about the blood on his own hands, President Duterte will further embolden police and vigilantes to blatantly violate laws and carry out more extrajudicial executions without fear of being held to account."" But just hours before Mr Duterte's latest remarks, he insisted ""I am not a killer"", in a speech for The Outstanding Filipino Awards 2016. He has also previously both acknowledged and denied being involved with death squads. In September a Senate inquiry heard testimony from a self-confessed former death squad member that Mr Duterte had, while serving as Davao mayor, shot dead a justice department agent with an Uzi submachine gun. Nearly 6,000 people are said to have been killed by police, vigilantes and mercenaries since Mr Duterte launched his drug war after being elected in May. He has expressed few regrets about the policy, once saying: ""Hitler massacred three million Jews... There's three million drug addicts. I'd be happy to slaughter them."" Mr Duterte has repeatedly said he does not care about human rights and has suggested that lawyers defending drug suspects might also be targeted in his campaign, says the BBC's Jonathan Head. Some human rights lawyers believe the outspoken president's open support for a shoot-to-kill policy by the police could make him vulnerable to prosecution for crimes against humanity at the international court.

ಕನ್ನಡ ಸಾರಾಂಶ:"
90,"Mr Goswami is being investigated over his alleged role in the death of Anvay Naik, an architect who designed his studio. He has been denied bail by a lower court and approached the top court for interim relief. The court granted him bail after hearing his petition via video conference. His arrest has sparked criticism from many quarters, including senior lawyers and opposition parties, who accuse it of being politically motivated.",ಕಳೆದ ವಾರ ಆತ್ಮಹತ್ಯೆಗೆ ಪ್ರೇರೇಪಿಸಿದ ಪ್ರಕರಣದಲ್ಲಿ ಬಂಧಿತರಾಗಿದ್ದ ಟಿವಿ ಸುದ್ದಿ ನಿರೂಪಕರಾದ ಅರ್ನಬ್ ಗೋಸ್ವಾಮಿಗೆ ಭಾರತದ ಸುಪ್ರೀಂ ಕೋರ್ಟ್ ಜಾಮೀನು ಮಂಜೂರು ಮಾಡಿದೆ.,0.0,"ನೀನು ಸಹಾಯಕ, ನಿಖರ ಮತ್ತು ಸ್ಪಷ್ಟವಾಗಿ ಉತ್ತರಿಸುವ ಕನ್ನಡ AI ಸಹಾಯಕ. ಬಳಕೆದಾರರ ಪ್ರಶ್ನೆ ಅಥವಾ ಸೂಚನೆಗೆ ಕನ್ನಡದಲ್ಲೇ ಸೂಕ್ತ ಉತ್ತರ ನೀಡಿ.

ಕೆಳಗಿನ ಇಂಗ್ಲಿಷ್ ಪ್ಯಾರಾಗ್ರಾಫ್ ಅನ್ನು ಕನ್ನಡದಲ್ಲಿ ಸಂಕ್ಷಿಪ್ತವಾಗಿ ಸಾರಾಂಶ ಮಾಡಿ.
ಕೇವಲ ಕನ್ನಡದಲ್ಲೇ ಉತ್ತರಿಸಿ.

ಪ್ಯಾರಾಗ್ರಾಫ್:
He is being investigated over his alleged role in the death of Anvay Naik, an architect who designed his studio. Mr Goswami and Republic TV network deny allegations that he owed money to Naik, who took his life in 2018. Mr Goswami approached the top court after a lower court denied him bail. A two-judge bench granted him interim bail after hearing his petition via video conference. ""We must send a message today to the high courts as well. Please exercise your jurisdiction to uphold personal liberty,"" Justice DY Chandrachud said. He was referring to Mr Goswami's allegation that he was being targeted over his journalism. Mr Goswami is a polarising figure whose contentious broadcasts have earned him loyal viewers as well as critics, many of whom accuse him of being sympathetic to right-wing politics in the country. His arrest has also divided opinion, with many alleging it was politically motivated. In recent months, he has been particularly critical of Mumbai police over their handling of the death of Bollywood actor Sushant Singh Rajput. He often accused them of being lenient in their investigation into the star's death. His criticism also often extended to the Maharashtra government, which is run by a coalition headed by the Shiv Sena party, a former regional ally of Prime Minister Narendra Modi's Hindu nationalist Bharatiya Janata Party (BJP). But the speed with which Mr Goswami's case was listed - the lower court had denied him bail just two days before - also appeared to raise eyebrows, prompting one lawyer to write to the court. Senior advocate Dushyant Dave wrote that it was ""deeply disturbing"" how Mr Goswami's petition was listed ""instantly"" when ""thousands of citizens are languishing"" in jail, waiting for their cases to be heard for ""weeks and months"". What is the case against Mr Goswami? After Mr Naik killed himself, his wife accused Mr Goswami of not paying his fee. She said her husband had left a suicide note in which he blamed Mr Goswami for his death. She has been campaigning on social media for the case to be investigated thoroughly. Maharashtra state Home Minister Anil Deshmukh recently ordered a special team to look into the case. A police team arrested Mr Goswami from his home in Mumbai, the capital of Maharashtra, on 4 November. Images showed scuffles taking place between Mr Goswami and the police. Republic TV has accused the police of ""manhandling"" Mr Goswami's family members. But the police then accused Mr Goswami of misbehaving with them - they registered a police complaint against him for allegedly assaulting a female police officer. The Editors Guild of India urged the authorities to ""ensure that Goswami is treated fairly and state power is not used against critical reporting by the media"". A host of senior leaders and federal ministers belonging to the BJP have also criticised his arrest, saying it was ""an attack on the media's freedom of expression"". But the main opposition Congress party, which is a coalition partner of the Shiv Sena in Maharashtra, has accused the BJP of ""selective outrage"". The party said BJP ministers do not speak out when journalists are harassed and arrested by states where it's in power.

ಕನ್ನಡ ಸಾರಾಂಶ:"
91,"National Crime Records Bureau (NCRB) ವರದಿಯು, 2016 ರಲ್ಲಿ ಮಕ್ಕಳ ವಿರುದ್ಧದ ಅಪರಾಧಗಳ ಸಂಖ್ಯೆಯಲ್ಲಿ ಸ್ಥಿರ ಏರಿಕೆ ಇದೆ ಎಂದು ತೋರಿಸುತ್ತದೆ. POCSO ಕಾಯಿದೆಯ ಅಡಿಯಲ್ಲಿ 36,022 ಪ್ರಕರಣಗಳು ದಾಖಲಾದ ನಂತರ, ಇತ್ತೀಚಿನ ತಿಂಗಳುಗಳಲ್ಲಿ CHILD SEXUAL ABUSE ಗಮನಕ್ಕೆ ಬಂದಿದೆ. ದೋಷಿಗಳಿಗೆ LIFE imprisonment ಶಿಕ್ಷೆ ವಿಧಿಸಲ್ಪಟ್ಟ ನಂತರ, NCRB ವರದಿಯು ಭಾರತದಲ್ಲಿ ಮಕ್ಕಳ ವಿರುದ್ಧದ ಅಪರಾಧಗಳ ಸಂಖ್ಯೆಯಲ್ಲಿ 106,958 ಪ್ರಕರಣಗಳನ್ನು ದಾಖಲಿಸಲಾಗಿದೆ ಎಂದು ತೋರಿಸುತ್ತದೆ. BBC ನ Geeta Pandey ಪ್ರಕಾರ, ಭಾರತವು ವಿಶ್ವದಲ್ಲೇ ಅತ್ಯಂತ ಹೆಚ್ಚಿನ ಸಂಖ್ಯೆಯವಾಗಿರುವ SEXUAL ABUSED CHILDREN ಆಗಿದೆ, ಆದರೆ ವಿಷಯವನ್ನು ಚರ್ಚ",ಇತ್ತೀಚಿನ ಸರ್ಕಾರಿ ಅಂಕಿಅಂಶಗಳ ಪ್ರಕಾರ ಭಾರತದಲ್ಲಿ ಪ್ರತಿ 15 ನಿಮಿಷಕ್ಕೆ ಒಂದು ಮಗು ಲೈಂಗಿಕ ದೌರ್ಜನ್ಯಕ್ಕೊಳಗಾಗುತ್ತಿದೆ.,0.7105263157894737,"ನೀನು ಸಹಾಯಕ, ನಿಖರ ಮತ್ತು ಸ್ಪಷ್ಟವಾಗಿ ಉತ್ತರಿಸುವ ಕನ್ನಡ AI ಸಹಾಯಕ. ಬಳಕೆದಾರರ ಪ್ರಶ್ನೆ ಅಥವಾ ಸೂಚನೆಗೆ ಕನ್ನಡದಲ್ಲೇ ಸೂಕ್ತ ಉತ್ತರ ನೀಡಿ.

ಕೆಳಗಿನ ಇಂಗ್ಲಿಷ್ ಪ್ಯಾರಾಗ್ರಾಫ್ ಅನ್ನು ಕನ್ನಡದಲ್ಲಿ ಸಂಕ್ಷಿಪ್ತವಾಗಿ ಸಾರಾಂಶ ಮಾಡಿ.
ಕೇವಲ ಕನ್ನಡದಲ್ಲೇ ಉತ್ತರಿಸಿ.

ಪ್ಯಾರಾಗ್ರಾಫ್:
The National Crime Records Bureau report, released on Thursday, shows a steady rise in incidents of offences against children. Child sexual abuse has been in focus in recent months after the case of a 10-year-old rape victim who was forced to give birth hit the headlines. Two of her uncles were sentenced to life in jail for raping her. According to the report on crimes in India for 2016, released by Indian Home Minister Rajnath Singh in Delhi, 106,958 cases of crimes against children were recorded in 2016. Of these, 36,022 cases were recorded under Pocso (Protection of Children from Sexual Offences) Act. The BBC's Geeta Pandey in Delhi says India is home to the largest number of sexually abused children in the world, but there is general reluctance to talk about the topic so the real number of cases could be much higher. According to a 2007 study conducted by India's ministry of women and child development, 53% of children surveyed said they had been subjected to some form of sexual abuse. Campaigners say most of the abusers are people known to the victims, like parents, relatives and schoolteachers.

ಕನ್ನಡ ಸಾರಾಂಶ:"
92,"The Citizenship Amendment Act (CAA) was passed in December 2019, offering citizenship to non-Muslims fleeing religious persecution from three neighbouring countries. However, it has been challenged by several petitions claiming that it violates the country's secular values and marginalises its Muslim minority. The Supreme Court has asked the government to respond within a month to these challenges, but for now, it has only asked the government to reply to pending petitions.",ವಿವಾದಾತ್ಮಕ ಹೊಸ ಪೌರತ್ವ ಕಾನೂನಿನ ಅನುಷ್ಠಾನವನ್ನು ತಡೆಹಿಡಿಯಲು ಭಾರತದ ಸುಪ್ರೀಂ ಕೋರ್ಟ್ ನಿರಾಕರಿಸಿದೆ.,0.0,"ನೀನು ಸಹಾಯಕ, ನಿಖರ ಮತ್ತು ಸ್ಪಷ್ಟವಾಗಿ ಉತ್ತರಿಸುವ ಕನ್ನಡ AI ಸಹಾಯಕ. ಬಳಕೆದಾರರ ಪ್ರಶ್ನೆ ಅಥವಾ ಸೂಚನೆಗೆ ಕನ್ನಡದಲ್ಲೇ ಸೂಕ್ತ ಉತ್ತರ ನೀಡಿ.

ಕೆಳಗಿನ ಇಂಗ್ಲಿಷ್ ಪ್ಯಾರಾಗ್ರಾಫ್ ಅನ್ನು ಕನ್ನಡದಲ್ಲಿ ಸಂಕ್ಷಿಪ್ತವಾಗಿ ಸಾರಾಂಶ ಮಾಡಿ.
ಕೇವಲ ಕನ್ನಡದಲ್ಲೇ ಉತ್ತರಿಸಿ.

ಪ್ಯಾರಾಗ್ರಾಫ್:
The court also asked the government to respond within a month to a clutch of petitions challenging the law's constitutional validity. The Citizenship Amendment Act (CAA) was passed in December last year, prompting outrage and protests across India. The law offers citizenship to non-Muslims fleeing religious persecution from three nearby countries. Around 30 people have died in over a month of protests against the law. On Wednesday, the Supreme Court hinted that it may refer the law to a larger constitution bench in the future - but for now, it has only asked the government to reply to pending petitions. Several petitions argue that the law is illegal, claiming that it grants citizenship on the basis of religion - which goes against the country's secular values enshrined in its constitution. Those challenging this new law include political parties, civil society and Muslim groups. What is the law about? The act offers amnesty to non-Muslim illegal immigrants from three countries - Pakistan, Bangladesh and Afghanistan. It amends India's 64-year-old citizenship law, which currently prohibits illegal migrants from becoming Indian citizens. It also expedites the path to Indian citizenship for members of six religious minority communities - Hindu, Sikh, Buddhist, Jain, Parsi and Christian - if they can prove that they are from Muslim-majority Pakistan, Afghanistan or Bangladesh. They will now only have to live or work in India for six years - instead of 11 years - before becoming eligible to apply for citizenship. The government says this will give sanctuary to people fleeing religious persecution, but critics argue that it will marginalise India's Muslim minority. Who is protesting and why? For more than a month, there have been numerous protests and demonstrations across Indian cities. Opponents say that faith cannot be made a condition of citizenship. But others protesting - particularly in border states - fear being ""overrun"" by new arrivals from the three neighbouring countries. Student demonstrations have dominated the protests but many of them have focused less on the law itself and more on the alleged police brutality against protesters. The northern state of Uttar Pradesh has seen the highest number of deaths.

ಕನ್ನಡ ಸಾರಾಂಶ:"
93,"Soutik BiswasIndia correspondent She lived in what was then the North-West Provinces with two disciples and a male lover, performing and accepting gifts at ""auspicious occasions"" like births of children and at weddings and in public. She had left her lover for another man before she was killed. British judges were convinced that her former lover had killed her in a fit of rage. During the trial they described eunuchs as cross-dressers, beggars and unnatural prostitutes. 'Moral panic' One judge said the community was an ""opprobrium upon colonial rule"". Another claimed that their existence was a ""reproach"" to the British government. The reaction was strange considering that a eunuch was the victim of the crime. The killing, according to historian Jessica Hinchy, curiously","ಆಗಸ್ಟ್ 1852 ರಲ್ಲಿ, ಉತ್ತರ ಭಾರತದ ಮೈನ್‌ಪುರಿ ಜಿಲ್ಲೆಯಲ್ಲಿ ಭೂರಾಹ್ ಎಂಬ ನಪುಂಸಕರನ್ನು ಬರ್ಬರವಾಗಿ ಹತ್ಯೆ ಮಾಡಲಾಯಿತು.",0.0,"ನೀನು ಸಹಾಯಕ, ನಿಖರ ಮತ್ತು ಸ್ಪಷ್ಟವಾಗಿ ಉತ್ತರಿಸುವ ಕನ್ನಡ AI ಸಹಾಯಕ. ಬಳಕೆದಾರರ ಪ್ರಶ್ನೆ ಅಥವಾ ಸೂಚನೆಗೆ ಕನ್ನಡದಲ್ಲೇ ಸೂಕ್ತ ಉತ್ತರ ನೀಡಿ.

ಕೆಳಗಿನ ಇಂಗ್ಲಿಷ್ ಪ್ಯಾರಾಗ್ರಾಫ್ ಅನ್ನು ಕನ್ನಡದಲ್ಲಿ ಸಂಕ್ಷಿಪ್ತವಾಗಿ ಸಾರಾಂಶ ಮಾಡಿ.
ಕೇವಲ ಕನ್ನಡದಲ್ಲೇ ಉತ್ತರಿಸಿ.

ಪ್ಯಾರಾಗ್ರಾಫ್:
Soutik BiswasIndia correspondent She lived in what was then the North-West Provinces with two disciples and a male lover, performing and accepting gifts at ""auspicious occasions"" like births of children and at weddings and in public. She had left her lover for another man before she was killed. British judges were convinced that her former lover had killed her in a fit of rage. During the trial they described eunuchs as cross-dressers, beggars and unnatural prostitutes. 'Moral panic' One judge said the community was an ""opprobrium upon colonial rule"". Another claimed that their existence was a ""reproach"" to the British government. The reaction was strange considering that a eunuch was the victim of the crime. The killing, according to historian Jessica Hinchy, curiously triggered British ""moral panic about eunuchs"" or hijras as they are called in South Asia. ""She was a victim of the crime but her death was interpreted as evidence of criminality and immorality of the eunuchs,"" Dr Hinchy told me. British officials began considering eunuchs ""ungovernable"". Commentators said they evoked images of ""filth, disease, contagion and contamination"". They were portrayed as people who were ""addicted to sex with men"". Colonial officials said they were not only a danger to ""public morals"", but also a ""threat to colonial political authority"". For nearly a decade, Dr Hinchy, now assistant professor of history at Singapore's Nanyang Technological University, trawled the colonial archives on eunuchs that provided unusually detailed insights into the impact of colonial laws on marginalised Indians. The result is Governing Gender and Sexuality in Colonial India, arguably the first in-depth history of eunuchs in colonial India. Eunuchs often dress up like women and describe themselves as being castrated or born that way. A disciple-based community, it has important roles in many cultures - from sexless people guarding harems to singing and dancing entertainers. In cultures in South Asia, they are thought to have the power to bless or curse fertility. They live with adopted children and male partners. Today, many consider eunuchs transgender, although the term also includes intersex people. In 2014, India's Supreme Court officially recognised a third gender - and eunuchs (or hijras) are seen as falling into this category. Bhoorah was among the 2,500 recorded eunuchs who lived in the North-West Provinces - now India's most populous state Uttar Pradesh and neighbouring Uttarakhand. Years after her murder, the provinces launched a campaign to reduce the number of eunuchs with the objective of gradually causing their ""extinction"". They were considered a ""criminal tribe"" under a controversial 1871 law which targeted caste groups considered to be hereditary criminals. The law armed the police with power of increased surveillance of the community. Police compiled registers of eunuchs with their personal details, often defining ""an eunuch as a criminal and sexually deviant person"". ""Registration was a means of surveillance and also a way to ensure that castration was stamped out and the hijra population was not reproduced,"" says Dr Hinchy. Eunuchs were not allowed to wear female clothing and jewellery or perform in public and were threatened with fines or thrown into prison if they did not comply. Police would even cut off their long hair and strip them if they wore female clothing and ornaments. They ""experienced police intimidation and coercion, though the patterns of police violence are unclear"", says Dr Hinchy. The community reacted by petitioning for the right to dance and play in public, and perform at fairs. The petitions, says Dr Hinchy, point to the economic devastation caused by the ban on dances and performances. In the mid-1870s, the eunuchs of Ghazipur district complained that they were starving. One of the most shocking moves of the authorities was to take away children who were living with eunuchs to ""rescue them from a life of infamy"". If eunuchs were living with a male child, they risked fines and jail. Many of these children were actually disciples. Others appeared to have been orphans, adopted or enslaved as children. There were also children of musicians who performed with eunuchs and appeared to have lived alongside them with their families. Some eunuchs even lived with widows who had children. British officials saw the children as ""agents of contagion and a source of moral danger"". ""Colonial anxieties about the threat that hijras posed to Indian boys overstated the actual number of children residing with the community,"" says Dr Hinchy. According to records, there were between 90 and 100 male children found living with registered eunuchs between 1860 and 1880. Very few of them had been emasculated and most of them were living with their biological parents. ""The short-term aim of the law included cultural elimination of the eunuchs through erasure of their public presence. The explicit, long-term ambition was limiting, and thus finally extinguishing, the number of eunuchs,"" says Dr Hinchy. ""To many high-ranking colonial officials, the small eunuch community endangered the imperial enterprise and colonial authority."" The British also began policing other groups which didn't fit the binary gender categories - effeminate men who wore female clothing, performed in public and lived in kin-based households, men who performed female roles in theatre and male devotees who dressed as women. ""The law,"" says Dr Hinchy, ""was used to police a diverse range of gender non-confirming people."" In many ways, the attitudes of the British and the English-speaking Indian elites to eunuchs echo aspects of Hindu faith that colonial rulers found abhorrent. Indologist Wendy Doniger has written about the British rejection of the sensual strains of Hinduism as filthy paganism. However, religion was not a factor in the colonial rejection of eunuchs - it was more about ""contamination"", ""filth"", their sexual practices and public presence. Yet, despite this dark history, eunuchs survived these attempts to eliminate them by evading the police, continuing to have a visible public presence and devising survival strategies. Dr Hinchy writes that they became skilful at law breaking, evading the police and keeping on the move. They also kept their cultural practices alive within their communities and in private places, which was not illegal. They also became adept at hiding property, so that police could not register it. Their success is clear by the fact that despite being often defined as deviant and disorderly, Dr Hinchy says eunuchs ""remain a visible presence in public space, public culture, activism and politics in South Asia"". In India, they continue to make a living by dancing at weddings and other ceremonies despite facing discrimination and living on the margins. Theirs is a stirring story of resilience and survival. Read more from Soutik Biswas

ಕನ್ನಡ ಸಾರಾಂಶ:"
94,"Canadian-Egyptian Mohamed Fahmy and Egyptian Baher Mohamed were led away from court after the verdict. Australian Peter Greste was deported back to Australia earlier this year and was on trial again in absentia. The three are accused of aiding the banned Muslim Brotherhood group but they strenuously deny the allegations. The three journalists were originally sentenced in July 2014, with Mr Greste and Mr Fahmy receiving seven years and Mr Mohamed getting 10 years. But their convictions were overturned in January this year and they were freed in February to await retrial. Giving the verdict on Saturday, judge Hassan Farid said the three men were not registered journalists and had been operating from a Cairo hotel without a licence. He handed three-year sentences to Mr Greste and Mr Fahmy but gave","""ಈಜಿಪ್ಟ್‌ನಲ್ಲಿ ಸುಳ್ಳು ಸುದ್ದಿಗಳನ್ನು ಹರಡುವ"" ಆರೋಪದ ಮೇಲೆ ಮೂವರು ಅಲ್-ಜಜೀರಾ ಪತ್ರಕರ್ತರಿಗೆ ಕೈರೋದಲ್ಲಿ ಅವರ ಮರುವಿಚಾರಣೆಯಲ್ಲಿ ಮೂರು ವರ್ಷಗಳ ಜೈಲು ಶಿಕ್ಷೆಯನ್ನು ವಿಧಿಸಲಾಗಿದೆ.",0.0,"ನೀನು ಸಹಾಯಕ, ನಿಖರ ಮತ್ತು ಸ್ಪಷ್ಟವಾಗಿ ಉತ್ತರಿಸುವ ಕನ್ನಡ AI ಸಹಾಯಕ. ಬಳಕೆದಾರರ ಪ್ರಶ್ನೆ ಅಥವಾ ಸೂಚನೆಗೆ ಕನ್ನಡದಲ್ಲೇ ಸೂಕ್ತ ಉತ್ತರ ನೀಡಿ.

ಕೆಳಗಿನ ಇಂಗ್ಲಿಷ್ ಪ್ಯಾರಾಗ್ರಾಫ್ ಅನ್ನು ಕನ್ನಡದಲ್ಲಿ ಸಂಕ್ಷಿಪ್ತವಾಗಿ ಸಾರಾಂಶ ಮಾಡಿ.
ಕೇವಲ ಕನ್ನಡದಲ್ಲೇ ಉತ್ತರಿಸಿ.

ಪ್ಯಾರಾಗ್ರಾಫ್:
Canadian-Egyptian Mohamed Fahmy and Egyptian Baher Mohamed were led away from court after the verdict. Australian Peter Greste was deported back to Australia earlier this year and was on trial again in absentia. The three are accused of aiding the banned Muslim Brotherhood group but they strenuously deny the allegations. The three journalists were originally sentenced in July 2014, with Mr Greste and Mr Fahmy receiving seven years and Mr Mohamed getting 10 years. But their convictions were overturned in January this year and they were freed in February to await retrial. Giving the verdict on Saturday, judge Hassan Farid said the three men were not registered journalists and had been operating from a Cairo hotel without a licence. He handed three-year sentences to Mr Greste and Mr Fahmy but gave Mr Mohamed an additional six months. Reaction: Peter Greste speaks to the BBC It is unclear how long Mr Fahmy and Mr Mohamed will now serve. They were in prison for about a year before being freed. Lawyers for the three journalists are expected to appeal against the decision. The BBC's Lyse Doucet, who was in the court, said the verdict came as a shock to a room packed full of Egyptian and foreign journalists. The expectation was that the journalists would be found guilty, she adds, but that they would be given a lesser sentence and be allowed to walk free. 'Dangerous message' Mr Greste said in a tweet that he was ""shocked"" and ""outraged"" while Al-Jazeera said the verdict was ""yet another deliberate attack on press freedom"". Outside the courtroom, Mr Fahmy's lawyer, Amal Clooney, called on Egypt's President Abdul Fattah al-Sisi to issue a pardon to the journalists. ""The verdict today sends a very dangerous message in Egypt,"" she told reporters. ""It sends a message that journalists can be locked up for simply doing their job, for telling the truth and reporting the news."" She said she would push for her client, who has given up his Egyptian citizenship, to be deported to Canada.

ಕನ್ನಡ ಸಾರಾಂಶ:"
95,"The 16-year-old is the youngest person to be chosen by the magazine in a tradition that started in 1927. Speaking at a UN climate change summit in Madrid before the announcement, she urged world leaders to stop using ""creative PR"" to avoid real action. The next decade would define the planet's future, she said. Last year, the teenager started an environmental strike by missing lessons most Fridays to protest outside the Swedish parliament building. It sparked a worldwide movement that became popular with the hashtag #FridaysForFuture. Since then, she has become a strong voice for action on climate change, inspiring millions of students to join protests around the world. Earlier this year, she was nominated as a candidate for the Nobel Peace Prize. At the UN Climate Conference","ಹವಾಮಾನ ಬದಲಾವಣೆಯ ವಿರುದ್ಧ ಹೋರಾಡಲು ಜಾಗತಿಕ ಆಂದೋಲನವನ್ನು ಪ್ರೇರೇಪಿಸಿದ ಸ್ವೀಡಿಶ್ ಶಾಲಾ ವಿದ್ಯಾರ್ಥಿನಿ ಗ್ರೆಟಾ ಥನ್‌ಬರ್ಗ್, ಟೈಮ್ ನಿಯತಕಾಲಿಕದ 2019 ರ ವರ್ಷದ ವ್ಯಕ್ತಿ ಎಂದು ಹೆಸರಿಸಲಾಗಿದೆ.",0.0,"ನೀನು ಸಹಾಯಕ, ನಿಖರ ಮತ್ತು ಸ್ಪಷ್ಟವಾಗಿ ಉತ್ತರಿಸುವ ಕನ್ನಡ AI ಸಹಾಯಕ. ಬಳಕೆದಾರರ ಪ್ರಶ್ನೆ ಅಥವಾ ಸೂಚನೆಗೆ ಕನ್ನಡದಲ್ಲೇ ಸೂಕ್ತ ಉತ್ತರ ನೀಡಿ.

ಕೆಳಗಿನ ಇಂಗ್ಲಿಷ್ ಪ್ಯಾರಾಗ್ರಾಫ್ ಅನ್ನು ಕನ್ನಡದಲ್ಲಿ ಸಂಕ್ಷಿಪ್ತವಾಗಿ ಸಾರಾಂಶ ಮಾಡಿ.
ಕೇವಲ ಕನ್ನಡದಲ್ಲೇ ಉತ್ತರಿಸಿ.

ಪ್ಯಾರಾಗ್ರಾಫ್:
The 16-year-old is the youngest person to be chosen by the magazine in a tradition that started in 1927. Speaking at a UN climate change summit in Madrid before the announcement, she urged world leaders to stop using ""creative PR"" to avoid real action. The next decade would define the planet's future, she said. Last year, the teenager started an environmental strike by missing lessons most Fridays to protest outside the Swedish parliament building. It sparked a worldwide movement that became popular with the hashtag #FridaysForFuture. Since then, she has become a strong voice for action on climate change, inspiring millions of students to join protests around the world. Earlier this year, she was nominated as a candidate for the Nobel Peace Prize. At the UN Climate Conference in New York in September, she blasted politicians for relying on young people for answers to climate change. In a now-famous speech, she said: ""You have stolen my dreams and my childhood with your empty words. We'll be watching you."" Reacting to the nomination on Twitter, the activist said: ""Wow, this is unbelievable! I share this great honour with everyone in the #FridaysForFuture movement and climate activists everywhere."" The teenager's message, however, has not been well received by everyone, most notably prominent conservative voices. Before her appearance in Madrid, Brazil's President Jair Bolsonaro called her a ""brat"" after she expressed concern about the killing of indigenous Brazilians in the Amazon. ""Greta said that the Indians died because they were defending the Amazon,"" Mr Bolsonaro told reporters. ""It's impressive that the press is giving space to a brat like that,"" he said, using the Portuguese word for brat, ""pirralha"". The activist responded by briefly changing her Twitter bio to ""Pirralha"". She has previously been at odds with US President Donald Trump, who has questioned climate science and rolled back many US climate laws, and Russian President Vladimir Putin, who once called her a ""kind but poorly informed teenager"". Announcing Time's decision on NBC, editor-in-chief Edward Felsenthal said: ""She became the biggest voice on the biggest issue facing the planet this year, coming from essentially nowhere to lead a worldwide movement."" The magazine's tradition, which started as Man of the Year, recognises the person who ""for better or for worse... has done the most to influence the events of the year"". Last year, it named murdered and imprisoned journalists, calling them ""The Guardians"". What happened in Madrid? At the COP25 Climate Conference in Madrid, Greta Thunberg accused world powers of making constant attempts ""to negotiate loopholes and to avoid raising their ambition"". ""The real danger is when politicians and CEOs are making it look like real action is happening when, in fact, almost nothing is being done apart from clever accounting and creative PR,"" she said, drawing applause. ""In just three weeks we'll enter a new decade, a decade that will define our future,"" she added. ""Right now, we're desperate for any sign of hope."" A speech grounded in research This was meant to be a big moment in the talks, the elixir of the ""Greta effect"" bringing new energy to a flagging process. The teenager is almost certainly the most famous person here, attracting far more attention than other celebrities like Al Gore, and the UN badly needs a boost. Her talk came over as measured, grounded in the latest research, and avoided the flash of hurt and anger she displayed in New York in September. Looking around the hall, it was striking how many of the national delegations had not turned up for this morning session at the conference. A snub by the big fossil fuel economies? Or maybe they were too busy in the negotiations themselves? In any event, the passion among the millions of young people who have taken to the streets to demand action on climate change feels very remote from the diplomatic struggles in these halls. Meanwhile in Brussels, the European Commission - the EU executive - announced ambitious environmental proposals to cut the bloc's dependency on fossil fuels, hoping to make Europe carbon neutral by 2050. Commission President Ursula von der Leyen, who took office on 1 December, called the European Green Deal Europe's ""man on the Moon moment"". It includes proposals that affect everything from transport and buildings to food production, and air and water pollution. The package will be debated by EU leaders at a summit on Thursday and includes: Reacting to the proposals, Jagoda Munic, director of environmental group Friends of the Earth Europe, said they were ""too small, too few and too far off"", adding: ""We're on a runaway train to ecological and climate collapse and the EU Commission is gently switching gears instead of slamming on the brakes.""

ಕನ್ನಡ ಸಾರಾಂಶ:"
96,"Nokia-Microsoft ಒಪ್ಪಂದವು ಈ ವರ್ಷದ ಆರಂಭದಲ್ಲಿ ಪೂರ್ಣಗೊಳ್ಳಬೇಕಿತ್ತು ಆದರೆ ನಿಯಂತ್ರಣ ಮಂಜುಗಟ್ಟುವಿಕೆಯಲ್ಲಿ ವಿಳಂಬವಾಯಿತು. ಮಾರಾಟವು ಮೊಬೈಲ್‌ಗಳನ್ನು ತಯಾರಿಸುವುದನ್ನು ನಿಲ್ಲಿಸುವುದರಿಂದ Nokia ಗೆ ಕೊನೆಗೊಳ್ಳುತ್ತದೆ. Microsoft CEO Satya Nadella ಅವರು 'ನಾವು ಇಂದು Nokia ಸಾಧನಗಳು ಮತ್ತು ಸೇವೆಗಳ ವ್ಯವಹಾರವನ್ನು ನಮ್ಮ ಕುಟುಂಬಕ್ಕೆ ಸ್ವಾಗತಿಸುತ್ತೇವೆ' ಎಂದು ಹೇಳಿದರು. 'ಮೊಬೈಲ್ ಸಾಮರ್ಥ್ಯಗಳು ಮತ್ತು ಆಸ್ತಿಗಳು ನಮ್ಮ ಪರಿವರ್ತನೆಯನ್ನು ಸುಧಾರಿಸಲು ನಮಗೆ ಸಹಾಯ ಮಾಡುತ್ತವೆ.' ಫಿನ್‌ಲ್ಯಾಂಡ್‌ನ ಕಂಪನಿಯು ಈಗ ನೆಟ್‌ವರ್ಕ್‌ಗಳು, ಮ್ಯಾಪಿಂಗ್‌ಗಳು ಮತ್ತು ತಂತ್ರಜ್ಞಾನ ಅಭಿವೃದ್ಧಿ ಮತ್ತು ಪರವಾನಗಿ",ಮೈಕ್ರೋಸಾಫ್ಟ್ ತನ್ನ ನೋಕಿಯಾ ಮೊಬೈಲ್ ಫೋನ್ ವ್ಯವಹಾರವನ್ನು 5.44 ಬಿಲಿಯನ್ ಯುರೋಗಳಿಗೆ ($7.5 ಬಿಲಿಯನ್; £ 4.5 ಬಿಲಿಯನ್) ಖರೀದಿಸಿದೆ.,0.8571428571428571,"ನೀನು ಸಹಾಯಕ, ನಿಖರ ಮತ್ತು ಸ್ಪಷ್ಟವಾಗಿ ಉತ್ತರಿಸುವ ಕನ್ನಡ AI ಸಹಾಯಕ. ಬಳಕೆದಾರರ ಪ್ರಶ್ನೆ ಅಥವಾ ಸೂಚನೆಗೆ ಕನ್ನಡದಲ್ಲೇ ಸೂಕ್ತ ಉತ್ತರ ನೀಡಿ.

ಕೆಳಗಿನ ಇಂಗ್ಲಿಷ್ ಪ್ಯಾರಾಗ್ರಾಫ್ ಅನ್ನು ಕನ್ನಡದಲ್ಲಿ ಸಂಕ್ಷಿಪ್ತವಾಗಿ ಸಾರಾಂಶ ಮಾಡಿ.
ಕೇವಲ ಕನ್ನಡದಲ್ಲೇ ಉತ್ತರಿಸಿ.

ಪ್ಯಾರಾಗ್ರಾಫ್:
The deal between the two firms should have been completed earlier this year but it was delayed by a hold-up in regulatory approvals. The sale will see the end of production of mobile phones by Nokia. ""Today we welcome the Nokia devices and services business to our family,"" said Microsoft chief executive Satya Nadella. ""The mobile capabilities and assets they bring will advance our transformation."" The Finnish company will now focus on networks, mapping services and technology development and licences. Two Nokia plants will remain outside the deal - a manufacturing unit in Chennai, India, subject to an asset freeze by Indian tax authorities, and the Masan plant in South Korea, which it plans to shut down. Former Nokia chief executive Stephen Elop has become executive vice president of the Microsoft devices group, in charge of Lumia smartphones and tablets, Nokia mobile phones, Xbox hardware, Microsoft Surface, and Perceptive Pixel (PPI) products.

ಕನ್ನಡ ಸಾರಾಂಶ:"
97,"US ಯುದ್ಧನೌಕೆಗಳು ಮತ್ತು ಬೃಹತ್ ಶಸ್ತ್ರಾस्त्रಗಳನ್ನು ಹೆಚ್ಚಿದ ಭದ್ರತೆಗಾಗಿ ಪಶ್ಚಿಮ ಏಷ್ಯಾದಲ್ಲಿ ಇರಿಸಲಾಗಿದೆ. ಇದು US-ಇರಾನ್‌ನ ಸಂಬಂಧಗಳಲ್ಲಿ ಉದ್ವಿಗ್ನತೆಯನ್ನು ಸೃಷ್ಟಿಸಿದೆ, ಇದು 2015 Nuclear Accord‌ನ ಕುಸಿತಕ್ಕೆ ಕಾರಣವಾಗಬಹುದು.",ಇರಾನ್ ಜೊತೆಗಿನ ಹೆಚ್ಚಿದ ಒತ್ತಡಗಳ ನಡುವೆ ಯುಎಸ್ ಮಧ್ಯಪ್ರಾಚ್ಯಕ್ಕೆ ಪೇಟ್ರಿಯಾಟ್ ಕ್ಷಿಪಣಿ-ರಕ್ಷಣಾ ವ್ಯವಸ್ಥೆಯನ್ನು ಕಳುಹಿಸುತ್ತಿದೆ.,0.8222222222222222,"ನೀನು ಸಹಾಯಕ, ನಿಖರ ಮತ್ತು ಸ್ಪಷ್ಟವಾಗಿ ಉತ್ತರಿಸುವ ಕನ್ನಡ AI ಸಹಾಯಕ. ಬಳಕೆದಾರರ ಪ್ರಶ್ನೆ ಅಥವಾ ಸೂಚನೆಗೆ ಕನ್ನಡದಲ್ಲೇ ಸೂಕ್ತ ಉತ್ತರ ನೀಡಿ.

ಕೆಳಗಿನ ಇಂಗ್ಲಿಷ್ ಪ್ಯಾರಾಗ್ರಾಫ್ ಅನ್ನು ಕನ್ನಡದಲ್ಲಿ ಸಂಕ್ಷಿಪ್ತವಾಗಿ ಸಾರಾಂಶ ಮಾಡಿ.
ಕೇವಲ ಕನ್ನಡದಲ್ಲೇ ಉತ್ತರಿಸಿ.

ಪ್ಯಾರಾಗ್ರಾಫ್:
A warship, USS Arlington, with amphibious vehicles and aircraft on board, will also join the USS Abraham Lincoln strike group in the Gulf. And US B-52 bombers have arrived at a base in Qatar, the Pentagon said. The US said the moves were a response to a possible threat to US forces in the region by Iran, without specifying. Iran dismissed the claim as nonsense. Tehran has described the deployments as ""psychological warfare"" aimed at intimidating the country. Iran has also suggested it may resume uranium enrichment nuclear activities. Why is the US sending additional forces? The Pentagon says US forces are responding to a possible threat to US forces, but did not offer any specifics regarding those threats. The latest Pentagon statement on Friday said only that Washington was ""ready to defend US forces and interests in the region"", adding that the US did not seek conflict with Iran. There are about 5,200 US troops currently deployed in neighbouring Iraq. The Patriot system can counter ballistic missiles, cruise missiles and advanced aircraft. Officials told US media the USS Arlington had already been scheduled to go to the region, but its deployment was brought forward to provide enhanced command and control capabilities. The USS Abraham Lincoln passed through the Suez Canal on Thursday, US Central Command said. Iran's semi-official Isna news agency quoted a senior Iranian cleric, Yousef Tabatabai-Nejad, as saying that the US military fleet could be ""destroyed with one missile"". What's the state of US-Iran relations? Last year, US President Donald Trump unilaterally withdrew from a landmark nuclear deal America and other nations had agreed with Iran in 2015. Under the accord, Iran had agreed to limit its sensitive nuclear activities and allow in international inspectors in return for sanctions relief. Last month, the US also blacklisted Iran's elite Revolutionary Guard Corps, designating it as a foreign terrorist group. The White House proceeded to end exemptions from sanctions for five countries - China, India, Japan, South Korea and Turkey - that were still buying Iranian oil. The sanctions have led to a sharp downturn in Iran's economy, pushing the value of its currency to record lows, driving away foreign investors, and triggering protests. The Trump administration hopes to compel Iran to negotiate a ""new deal"" that would cover not only its nuclear activities, but also its ballistic missile programme and what officials call its ""malign behaviour"" across the Middle East. Iran has repeatedly threatened to retaliate to the US measures by blocking the Strait of Hormuz - through which about a fifth of all oil consumed globally pass. Earlier this week Iran announced that it had suspended two commitments under the 2015 accord in response to the economic sanctions the US had re-imposed. It also threatened to step up uranium enrichment if it was not shielded from the sanctions' effects within 60 days. European powers said they remained committed to the Iran nuclear deal but that they ""reject any ultimatums"" from Tehran to prevent its collapse. Pressure or more? The real battle for the fate of the Iran nuclear deal has begun. In the year since the Trump administration unilaterally withdrew from the deal, Iran and all the other parties have carried on regardless. And the International Atomic Energy Agency, the global nuclear watchdog, has repeatedly given Tehran a clean bill of health. Iran has been living up to its part of the bargain. But Iranian compliance was not the issue for the Trump administration, which says simply that this is a bad deal. The US's main European allies, along with Russia and China, disagree. So the Trump administration has been ratcheting up the pressure on Tehran. The pressure on Iran's economy has been severe and the Iranian government has now decided to act - saying it will no longer respect restrictions on storing enriched uranium and heavy water, and setting deadlines for the other parties to implement their commitments. A difficult couple of months of diplomacy lie ahead, with no guarantee of success. The Trump administration must see its ultimate goal - the collapse of the nuclear deal - as now being in sight. But the danger of conflict - albeit by accident rather than design - is growing.

ಕನ್ನಡ ಸಾರಾಂಶ:"
98,"Oleg Sokolov, 63, was rescued drunk from the Moika river in St Petersburg on Saturday. He had a woman's arms in his backpack and police found other body parts further downriver. He admitted shooting her four times with a shotgun and chopping up the body with a saw and knife. She was living with him for five years but he sobbed that she turned into a monster. The university has dismissed him and he is now in pre-trial custody.",ಸೇಂಟ್ ಪೀಟರ್ಸ್‌ಬರ್ಗ್‌ನಲ್ಲಿ ತನ್ನ ವಿದ್ಯಾರ್ಥಿ ಪಾರ್ಟ್‌ನರ್ ಅನ್ನು ಗುಂಡು ಹಾರಿಸಿ ಹಾಗೂ ನಂತರ ತುಂಡುಮಾಡಿರುವುದನ್ನು ಒಪ್ಪಿಕೊಂಡ ನಂತರ ರಷ್ಯಾದ ಪ್ರಾಸಿಕ್ಯೂಟರ್‌ಗಳು ಹೆಸರಾಂತ ಇತಿಹಾಸಕಾರರನ್ನು ಕೊಲೆ ಮಾಡಿದ್ದಾರೆ ಎಂದು ಆರೋಪಿಸಿದ್ದಾರೆ.,0.0,"ನೀನು ಸಹಾಯಕ, ನಿಖರ ಮತ್ತು ಸ್ಪಷ್ಟವಾಗಿ ಉತ್ತರಿಸುವ ಕನ್ನಡ AI ಸಹಾಯಕ. ಬಳಕೆದಾರರ ಪ್ರಶ್ನೆ ಅಥವಾ ಸೂಚನೆಗೆ ಕನ್ನಡದಲ್ಲೇ ಸೂಕ್ತ ಉತ್ತರ ನೀಡಿ.

ಕೆಳಗಿನ ಇಂಗ್ಲಿಷ್ ಪ್ಯಾರಾಗ್ರಾಫ್ ಅನ್ನು ಕನ್ನಡದಲ್ಲಿ ಸಂಕ್ಷಿಪ್ತವಾಗಿ ಸಾರಾಂಶ ಮಾಡಿ.
ಕೇವಲ ಕನ್ನಡದಲ್ಲೇ ಉತ್ತರಿಸಿ.

ಪ್ಯಾರಾಗ್ರಾಫ್:
Oleg Sokolov, 63, was rescued drunk from the Moika river in the city early on Saturday and was found to have a woman's arms in his backpack. Police later found other body parts further downriver and in his flat, identified as Anastasia Yeshchenko, 24. She had been living with him. He sobbed in court, saying: ""I repent"". Mr Sokolov was ordered into pre-trial custody for two months. In court he admitted shooting Ms Yeshchenko four times with a sawn-off shotgun, then chopping up the body with a saw and kitchen knife. A stun pistol was also found in the backpack. Divers are still searching for more remains: he is suspected of having dumped two more bags in the river. He sobbed so loudly in court that at one stage the judge adjourned proceedings. Mr Sokolov is a Napoleon expert who has received France's top state award, the Légion d'Honneur. He has written dozens of historical research papers, and Ms Yeshchenko, a postgraduate student, co-wrote some of them. He organised Napoleonic re-enactments - playing the role of Napoleon himself - and she participated. Mr Sokolov said the pair had been living together for five years, though other reports described it as a three-year relationship. The case has triggered outrage: women's rights activists say it illustrates widespread indifference towards sexual harassment and domestic violence in Russia. An online petition has collected more than 7,500 signatures, demanding that the managers of St Petersburg State University, where he lectured, be dismissed. It accuses them of having ignored previous students' complaints about Mr Sokolov. In court he alleged that Ms Yeshchenko had attacked him with a knife - and at that point he shot her - during a blazing row. ""This girl, who seemed like a beautiful ideal to me, turned into a monster,"" he alleged. He said she was jealous of his children from a previous marriage. Her parents rejected his version of events. The Kremlin has described it as a ""monstrous"" crime. President Vladimir Putin graduated from St Petersburg State University. The university has now dismissed Mr Sokolov and he has also been removed from a post at France's Institute of Social Science, Economics and Politics (Issep). Mr Sokolov was treated in hospital for hypothermia after rescuers hauled him out of the icy water on Saturday. Ms Yeshchenko was killed in his flat on Thursday night. Her head was found in the flat, as well as the shotgun, knives, an axe and ammunition, Russian media report. He is said to have planned to get rid of the body before publicly taking his own life dressed as Napoleon. A St Petersburg local councillor and former student of the professor, Vasily Kunin, has tweeted that he raised concerns about Mr Sokolov's previous behaviour but the university authorities did not act on his complaint. According to students, quoted by AFP, Mr Sokolov enjoyed speaking French, did impressions of Napoleon, and called Ms Yeshchenko ""Josephine"" and asked to be addressed as ""Sire"". Ms Yeshchenko moved to St Petersburg to study from Krasnodar region in southern Russia, and was a postgraduate student at the time of her death. ""She was quiet, sweet and always the ideal student,"" an acquaintance told Russia's RIA news agency. ""Absolutely everyone knew about their relationship."" Russian media report that her mother is a police lieutenant colonel and her father a school PE teacher. A brother once played as a goalkeeper for the national junior football team. The papers here are full of details of this murder, the tragic and gruesome tale of a brilliant and beautiful young student shot and dismembered by her 63-year old former professor-turned-lover. In these accounts, Oleg Sokolov emerges as a historian whose interest in Napoleon bordered on the obsessive. He had a glittering CV as a respected expert on French military history, who had been visiting professor at the Sorbonne. He was also a major figure in the world of historical re-enactment. One friend told Komsomolskaya Pravda newspaper the professor had organised costume balls and picnics, as well as recreating battles. But organisations he's been linked to have now scrubbed his name from their websites. Anastasia Yeshchenko's affair with the married lecturer was common knowledge at the university. Friends say she was a top student, highly intelligent, who shared her lover's passion for Napoleonic history. One person described the professor as ""eccentric but not aggressive""; others claimed he considered himself Napoleon reincarnated.

ಕನ್ನಡ ಸಾರಾಂಶ:"
99,"CDC 193 ಪ್ರಕರಣಗಳನ್ನು ಪತ್ತೆಹಚ್ಚಿದೆ. THC-related ಪ್ರಕರಣಗಳು ಹೆಚ್ಚಿವೆ. ಸಾವಿಗೆ ಕಾರಣವನ್ನು ಇನ್ನೂ ತಿಳಿಯಲಾಗಿಲ್ಲ, ಆದರೆ ಇದು 'vaping'‌ನಿಂದ ಸಂಬಂಧ ಹೊಂದಿದೆ ಎಂದು CDC ಹೇಳುತ್ತದೆ. FDA ಯವರು THC-containing cartridges ಬಗ್ಗೆ ಎಚ್ಚರಿಕೆ ನೀಡಿದ್ದಾರೆ.

ಸಾರಾಂಶ:
CDC 193 ಪ್ರಕರಣಗಳನ್ನು ಪತ್ತೆಹಚ್ಚಿದೆ. THC-related ಪ್ರಕರಣಗಳು ಹೆಚ್ಚಿವೆ. ಸಾವಿಗೆ ಕಾರಣವನ್ನು ಇನ್ನೂ ತಿಳಿಯಲಾಗಿಲ್ಲ, ಆದರೆ ಇದು 'vaping'‌ನಿಂದ ಸಂಬಂಧ ಹೊಂದಿದೆ ಎಂದು CDC ಹೇಳುತ್ತದೆ. FDA ಯವರು THC-containing cartridges ಬಗ್ಗೆ ಎಚ್ಚರಿಕೆ ನೀಡಿದ್ದಾರೆ.",ಅಮೇರಿಕಾದಲ್ಲಿ ಇಂತಹ ಮೊದಲ ಸಾವಿನಲ್ಲಿ ರೋಗಿಯೊಬ್ಬರು ತೀವ್ರವಾದ ಉಸಿರಾಟದ ಕಾಯಿಲೆಯಿಂದ ಸಾವನ್ನಪ್ಪಿದ್ದಾರೆ ಎಂದು ಆರೋಗ್ಯ ಅಧಿಕಾರಿಗಳು ಹೇಳುತ್ತಾರೆ.,0.6932668329177057,"ನೀನು ಸಹಾಯಕ, ನಿಖರ ಮತ್ತು ಸ್ಪಷ್ಟವಾಗಿ ಉತ್ತರಿಸುವ ಕನ್ನಡ AI ಸಹಾಯಕ. ಬಳಕೆದಾರರ ಪ್ರಶ್ನೆ ಅಥವಾ ಸೂಚನೆಗೆ ಕನ್ನಡದಲ್ಲೇ ಸೂಕ್ತ ಉತ್ತರ ನೀಡಿ.

ಕೆಳಗಿನ ಇಂಗ್ಲಿಷ್ ಪ್ಯಾರಾಗ್ರಾಫ್ ಅನ್ನು ಕನ್ನಡದಲ್ಲಿ ಸಂಕ್ಷಿಪ್ತವಾಗಿ ಸಾರಾಂಶ ಮಾಡಿ.
ಕೇವಲ ಕನ್ನಡದಲ್ಲೇ ಉತ್ತರಿಸಿ.

ಪ್ಯಾರಾಗ್ರಾಫ್:
It comes as experts investigate a mystery lung disease across the US that is linked to use of e-cigarettes. The Centers for Disease Control and Prevention (CDC) said there were 193 ""potential cases"" in 22 US states. Many of the cases involve vaping THC, the main active compound in cannabis, CDC experts said. The cases were reported over the course of two months between 28 June and 20 August. The person who died was ""hospitalized with unexplained illness after reported vaping or e-cigarette use"", Dr Jennifer Layden, the chief medical officer and state epidemiologist in Illinois, said. CDC director Robert Redfield said: ""We are saddened to hear of the first death related to the outbreak of severe lung disease in those who use e-cigarette or 'vaping' devices."" He added: ""This tragic death in Illinois reinforces the serious risks associated with e-cigarette products."" What is the illness? The cause of the mystery illness has not been identified, but all involve vaping in some form. ""In many cases, patients have acknowledged recent use of THC-containing product,"" the CDC's head of non-infectious diseases, Dr Ileana Arias, said. Those affected had symptoms including coughing, shortness of breath and fatigue as well as some cases of vomiting and diarrhoea. There is no evidence of an infectious disease - such as a virus or bacteria - being responsible. But there is much that remains a mystery. ""It isn't clear if these cases have a common cause or if they are different diseases with similar presentations,"" Dr Arias said. There have been 22 cases in the state of Illinois, with patients ranging from 17 to 38 years old. The 22 states affected are largely in the centre and north-east of the country, from Minnesota to North Carolina, though cases have also been reported in California, Texas, and New Mexico. Officials have ordered laboratory tests of vaping liquid samples in a bid to identify any harmful compounds. A ""black market"" is known to exist for THC-containing vape cartridges, which are sold legally through medical marijuana dispensaries in some states. Users in online communities have warned of the dangers of unregulated fake cartridges. Is regular vaping safe? No cause for the mystery illness has been identified - and the link to THC products is not clear yet either. Mitch Zeller of the US Food and Drug administration said it was important to understand that ""we find ourselves in the early stages of these investigations trying to piece together the facts."" He said the FDA was exploring whether the products were used as intended or being modified by adding something to them. The president of the American Vaping Association, Gregory Conley, said in a statement on Thursday that he was ""confident"" the illnesses were being caused by devices containing cannabis or other synthetic drugs, not nicotine. But Dr Brian King from the CDC's office on smoking and health warned against thinking of vaping as completely safe. ""We do know that e-cigarettes do not emit a harmless aerosol,"" he said. ""There's a variety of harmful ingredients identified, including things like ultrafine particulates, heavy metals like lead and cancer causing chemicals,"" he said, along with diacetyl - a flavouring used to give a ""buttery"" taste that has been linked to ""severe respiratory illness"". He also warned of the possibility that similar cases had been happening for a long time, but the connection between them had been missed. ""It's possible that the reported cases could have been occurring before this investigation was even initiated,"" he said. Dr King said it was possible ""we weren't necessarily capturing them, but now there's increased diligence in terms of the current investigation that we're better able to"". At least two people have previously died in the US after their e-cigarette exploded in their face.

ಕನ್ನಡ ಸಾರಾಂಶ:"
