index,prediction,reference,kannada_char_ratio,prompt
0,308 ಪಾಯಿಂಟ್‌ಗಳು.,308,0.6666666666666666,"ನೀನು ಸಹಾಯಕ, ನಿಖರ ಮತ್ತು ಸ್ಪಷ್ಟವಾಗಿ ಉತ್ತರಿಸುವ ಕನ್ನಡ AI ಸಹಾಯಕ. ಬಳಕೆದಾರರ ಪ್ರಶ್ನೆ ಅಥವಾ ಸೂಚನೆಗೆ ಕನ್ನಡದಲ್ಲೇ ಸೂಕ್ತ ಉತ್ತರ ನೀಡಿ.

ಕೆಳಗಿನ ಸಂದರ್ಭವನ್ನು ಓದಿ ಪ್ರಶ್ನೆಗೆ ಚಿಕ್ಕ ಕನ್ನಡ ಉತ್ತರ ನೀಡಿ.
ವಿವರಣೆ ಬೇಡ. ಕೇವಲ ಉತ್ತರ ಮಾತ್ರ ನೀಡಿ.

ಸಂದರ್ಭ:
ಪ್ಯಾಂಥರ್ಸ್ ಡಿಫೆನ್ಸ್ ಕೇವಲ 308 ಪಾಯಿಂಟ್‌ಗಳನ್ನು ಬಿಟ್ಟುಕೊಟ್ಟಿತು, ಲೀಗ್‌ನಲ್ಲಿ ಆರನೇ ರ್‍ಯಾಂಕ್ ಪಡೆದುಕೊಂಡಿತು, ಜೊತೆಗೆ 24 ಇಂಟರ್‌ಸೆಪ್ಶನ್‌ಗಳು ಮತ್ತು ನಾಲ್ಕು ಪ್ರೊ ಬೌಲ್ ಆಯ್ಕೆಗಳೊಂದಿಗೆ NFL ಅನ್ನು ಮುನ್ನಡೆಸುತ್ತಿದೆ. ಕವಾನ್ ಶಾರ್ಟ್ ಅವರು ಪ್ರೊ ಬೌಲ್ ರಕ್ಷಣಾತ್ಮಕ ಟ್ಯಾಕಲ್‌ನ ಮೂಲಕ 11 ಸ್ಯಾಕ್‌ಗಳನ್ನು ಗಳಿಸಿ ತಂಡವನ್ನು ಮುನ್ನಡೆಸಿದರು, ಆದರೆ ಮೂರು ಫಂಬಲ್‌ಗಳನ್ನು ಬಲವಂತಪಡಿಸಿದರು ಮತ್ತು ಎರಡು ರಿಕವರ್ ಮಾಡಿರು. ಸಹ ಲೈನ್‌ಮ್ಯಾನ್ ಮಾರಿಯೋ ಆ್ಯಡಿಸನ್ ಅವರು 6½ ಸ್ಯಾಕ್‌ಗಳನ್ನು ಸೇರಿಸಿದರು. ಪ್ಯಾಂಥರ್ಸ್ ಲೈನ್‌ನಲ್ಲಿ ಅನುಭವಿ ರಕ್ಷಣಾತ್ಮಕ ಭಾಗದಲ್ಲಿ 5-ಬಾರಿ ಪ್ರೊ ಬೌಲರ್ ಆಗಿದ್ದ ಜೇರೆಡ್ ಅಲೆನ್ ಅವರು ಇದ್ದರು, ಅವರು 136 ರೊಂದಿಗೆ NFL ನ ಸಕ್ರಿಯ ವೃತ್ತಿಜೀವನದ ಸ್ಯಾಕ್ ಲೀಡರ್ ಆಗಿದ್ದರು, ಜೊತೆಗೆ ರಕ್ಷಣಾತ್ಮಕ ಭಾಗದಲ್ಲಿ ಕೋನಿ ಈಲಿ ಅವರು ಕೇವಲ 9 ಪ್ರಾರಂಭಗಳಲ್ಲಿ 5 ಸ್ಯಾಕ್‌ಗಳನ್ನು ಪಡೆ ದುಕೊಂಡರು. ಅವರ ಹಿಂದೆ, ಪ್ಯಾಂಥರ್ಸ್ ಮೂರು ಆರಂಭಿಕ ಲೈನ್‌ಬ್ಯಾಕರ್‌ಗಳಲ್ಲಿ ಇಬ್ಬರು ಸಹ ಪ್ರೊ ಬೌಲ್‌ನಲ್ಲಿ ಆಡಲು ಆಯ್ಕೆಯಾದರು: ಥಾಮಸ್ ಡೇವಿಸ್ ಮತ್ತು ಲ್ಯೂಕ್ ಕುವ್ಕ್‌ಲೀ. ಡೇವಿಸ್ 5½ ಸ್ಯಾಕ್‌ಗಳು, ನಾಲ್ಕು ಬಲವಂತದ ಫಂಬಲ್‌ಗಳು ಮತ್ತು ನಾಲ್ಕು ಇಂಟರ್‌ಸೆಪ್ಶನ್‌ಗಳನ್ನು ಸಂಗ್ರಹಿಸಿದರು, ಆದರೆ ಕುವ್ಕ್‌ಲೀ ತಂಡವನ್ನು ಟ್ಯಾಕಲ್‌ಗಳಲ್ಲಿ ಮುನ್ನಡೆಸಿದರು (118) ಎರಡು ಫಂಬಲ್‌ಗಳನ್ನು ಬಲವಂತಪಡಿಸಿದರು ಮತ್ತು ಅವರದ್ದೇ ಆದ ನಾಲ್ಕು ಪಾಸ್‌ಗಳನ್ನು ತಡೆದರು. ಕೆರೊಲಿನಾದ ಸೆಕೆಂಡರಿಯಲ್ಲಿ ಪ್ರೊ ಬೌಲ್ ಸುರಕ್ಷತೆಯಲ್ಲಿ ಕರ್ಟ್ ಕೋಲ್‌ಮನ್ ಅವರು ವೃತ್ತಿಜೀವನದ ಉನ್ನತ ಏಳು ಇಂಟರ್‌ಸೆಪ್ಶನ್‌ಗಳ ಜೊತೆಗೆ ತಂಡವನ್ನು ಮುನ್ನಡೆಸಿದರು, 88 ಟ್ಯಾಕಲ್‌ಗಳನ್ನು ಮತ್ತು ಪ್ರೊ ಬೌಲ್ ಕಾರ್ನರ್‌ಬ್ಯಾಕ್ ಜೋಶ್ ನಾರ್ಮನ್ ಅವರು ಸೀಸನ್‌ನಲ್ಲಿ ಶಟ್‌ಡೌನ್ ಕಾರ್ನರ್‌ನಲ್ಲಿ ಸುಧಾರಣೆಯನ್ನು ಮಾಡಿಕೊಂಡರು ಮತ್ತು ನಾಲ್ಕು ಇಂಟರ್‌ಸೆಪ್ಶನ್‌ಗಳನ್ನು ಹೊಂದಿದ್ದರು, ಅವುಗಳಲ್ಲಿ ಎರಡನ್ನು ಟಚ್‌ಡೌನ್‌ಗಳಿಗಾಗಿ ಹಿಂತಿರುಗಿಸಲಾಯಿತು.

ಪ್ರಶ್ನೆ:
ಪ್ಯಾಂಥರ್ಸ್ ಡಿಫೆನ್ಸ್ ಎಷ್ಟು ಪಾಯಿಂಟ್‌ಗಳನ್ನು ಬಿಟ್ಟುಕೊಟ್ಟಿತು?

ಉತ್ತರ:"
1,136.,136,0.0,"ನೀನು ಸಹಾಯಕ, ನಿಖರ ಮತ್ತು ಸ್ಪಷ್ಟವಾಗಿ ಉತ್ತರಿಸುವ ಕನ್ನಡ AI ಸಹಾಯಕ. ಬಳಕೆದಾರರ ಪ್ರಶ್ನೆ ಅಥವಾ ಸೂಚನೆಗೆ ಕನ್ನಡದಲ್ಲೇ ಸೂಕ್ತ ಉತ್ತರ ನೀಡಿ.

ಕೆಳಗಿನ ಸಂದರ್ಭವನ್ನು ಓದಿ ಪ್ರಶ್ನೆಗೆ ಚಿಕ್ಕ ಕನ್ನಡ ಉತ್ತರ ನೀಡಿ.
ವಿವರಣೆ ಬೇಡ. ಕೇವಲ ಉತ್ತರ ಮಾತ್ರ ನೀಡಿ.

ಸಂದರ್ಭ:
ಪ್ಯಾಂಥರ್ಸ್ ಡಿಫೆನ್ಸ್ ಕೇವಲ 308 ಪಾಯಿಂಟ್‌ಗಳನ್ನು ಬಿಟ್ಟುಕೊಟ್ಟಿತು, ಲೀಗ್‌ನಲ್ಲಿ ಆರನೇ ರ್‍ಯಾಂಕ್ ಪಡೆದುಕೊಂಡಿತು, ಜೊತೆಗೆ 24 ಇಂಟರ್‌ಸೆಪ್ಶನ್‌ಗಳು ಮತ್ತು ನಾಲ್ಕು ಪ್ರೊ ಬೌಲ್ ಆಯ್ಕೆಗಳೊಂದಿಗೆ NFL ಅನ್ನು ಮುನ್ನಡೆಸುತ್ತಿದೆ. ಕವಾನ್ ಶಾರ್ಟ್ ಅವರು ಪ್ರೊ ಬೌಲ್ ರಕ್ಷಣಾತ್ಮಕ ಟ್ಯಾಕಲ್‌ನ ಮೂಲಕ 11 ಸ್ಯಾಕ್‌ಗಳನ್ನು ಗಳಿಸಿ ತಂಡವನ್ನು ಮುನ್ನಡೆಸಿದರು, ಆದರೆ ಮೂರು ಫಂಬಲ್‌ಗಳನ್ನು ಬಲವಂತಪಡಿಸಿದರು ಮತ್ತು ಎರಡು ರಿಕವರ್ ಮಾಡಿರು. ಸಹ ಲೈನ್‌ಮ್ಯಾನ್ ಮಾರಿಯೋ ಆ್ಯಡಿಸನ್ ಅವರು 6½ ಸ್ಯಾಕ್‌ಗಳನ್ನು ಸೇರಿಸಿದರು. ಪ್ಯಾಂಥರ್ಸ್ ಲೈನ್‌ನಲ್ಲಿ ಅನುಭವಿ ರಕ್ಷಣಾತ್ಮಕ ಭಾಗದಲ್ಲಿ 5-ಬಾರಿ ಪ್ರೊ ಬೌಲರ್ ಆಗಿದ್ದ ಜೇರೆಡ್ ಅಲೆನ್ ಅವರು ಇದ್ದರು, ಅವರು 136 ರೊಂದಿಗೆ NFL ನ ಸಕ್ರಿಯ ವೃತ್ತಿಜೀವನದ ಸ್ಯಾಕ್ ಲೀಡರ್ ಆಗಿದ್ದರು, ಜೊತೆಗೆ ರಕ್ಷಣಾತ್ಮಕ ಭಾಗದಲ್ಲಿ ಕೋನಿ ಈಲಿ ಅವರು ಕೇವಲ 9 ಪ್ರಾರಂಭಗಳಲ್ಲಿ 5 ಸ್ಯಾಕ್‌ಗಳನ್ನು ಪಡೆ ದುಕೊಂಡರು. ಅವರ ಹಿಂದೆ, ಪ್ಯಾಂಥರ್ಸ್ ಮೂರು ಆರಂಭಿಕ ಲೈನ್‌ಬ್ಯಾಕರ್‌ಗಳಲ್ಲಿ ಇಬ್ಬರು ಸಹ ಪ್ರೊ ಬೌಲ್‌ನಲ್ಲಿ ಆಡಲು ಆಯ್ಕೆಯಾದರು: ಥಾಮಸ್ ಡೇವಿಸ್ ಮತ್ತು ಲ್ಯೂಕ್ ಕುವ್ಕ್‌ಲೀ. ಡೇವಿಸ್ 5½ ಸ್ಯಾಕ್‌ಗಳು, ನಾಲ್ಕು ಬಲವಂತದ ಫಂಬಲ್‌ಗಳು ಮತ್ತು ನಾಲ್ಕು ಇಂಟರ್‌ಸೆಪ್ಶನ್‌ಗಳನ್ನು ಸಂಗ್ರಹಿಸಿದರು, ಆದರೆ ಕುವ್ಕ್‌ಲೀ ತಂಡವನ್ನು ಟ್ಯಾಕಲ್‌ಗಳಲ್ಲಿ ಮುನ್ನಡೆಸಿದರು (118) ಎರಡು ಫಂಬಲ್‌ಗಳನ್ನು ಬಲವಂತಪಡಿಸಿದರು ಮತ್ತು ಅವರದ್ದೇ ಆದ ನಾಲ್ಕು ಪಾಸ್‌ಗಳನ್ನು ತಡೆದರು. ಕೆರೊಲಿನಾದ ಸೆಕೆಂಡರಿಯಲ್ಲಿ ಪ್ರೊ ಬೌಲ್ ಸುರಕ್ಷತೆಯಲ್ಲಿ ಕರ್ಟ್ ಕೋಲ್‌ಮನ್ ಅವರು ವೃತ್ತಿಜೀವನದ ಉನ್ನತ ಏಳು ಇಂಟರ್‌ಸೆಪ್ಶನ್‌ಗಳ ಜೊತೆಗೆ ತಂಡವನ್ನು ಮುನ್ನಡೆಸಿದರು, 88 ಟ್ಯಾಕಲ್‌ಗಳನ್ನು ಮತ್ತು ಪ್ರೊ ಬೌಲ್ ಕಾರ್ನರ್‌ಬ್ಯಾಕ್ ಜೋಶ್ ನಾರ್ಮನ್ ಅವರು ಸೀಸನ್‌ನಲ್ಲಿ ಶಟ್‌ಡೌನ್ ಕಾರ್ನರ್‌ನಲ್ಲಿ ಸುಧಾರಣೆಯನ್ನು ಮಾಡಿಕೊಂಡರು ಮತ್ತು ನಾಲ್ಕು ಇಂಟರ್‌ಸೆಪ್ಶನ್‌ಗಳನ್ನು ಹೊಂದಿದ್ದರು, ಅವುಗಳಲ್ಲಿ ಎರಡನ್ನು ಟಚ್‌ಡೌನ್‌ಗಳಿಗಾಗಿ ಹಿಂತಿರುಗಿಸಲಾಯಿತು.

ಪ್ರಶ್ನೆ:
ಜೇರೆಡ್ ಅಲೆನ್ ಅವರು ಎಷ್ಟು ವೃತ್ತಿಜೀವನದ ಸ್ಯಾಕ್‌ಗಳನ್ನು ಹೊಂದಿದ್ದರು?

ಉತ್ತರ:"
2,118.,118,0.0,"ನೀನು ಸಹಾಯಕ, ನಿಖರ ಮತ್ತು ಸ್ಪಷ್ಟವಾಗಿ ಉತ್ತರಿಸುವ ಕನ್ನಡ AI ಸಹಾಯಕ. ಬಳಕೆದಾರರ ಪ್ರಶ್ನೆ ಅಥವಾ ಸೂಚನೆಗೆ ಕನ್ನಡದಲ್ಲೇ ಸೂಕ್ತ ಉತ್ತರ ನೀಡಿ.

ಕೆಳಗಿನ ಸಂದರ್ಭವನ್ನು ಓದಿ ಪ್ರಶ್ನೆಗೆ ಚಿಕ್ಕ ಕನ್ನಡ ಉತ್ತರ ನೀಡಿ.
ವಿವರಣೆ ಬೇಡ. ಕೇವಲ ಉತ್ತರ ಮಾತ್ರ ನೀಡಿ.

ಸಂದರ್ಭ:
ಪ್ಯಾಂಥರ್ಸ್ ಡಿಫೆನ್ಸ್ ಕೇವಲ 308 ಪಾಯಿಂಟ್‌ಗಳನ್ನು ಬಿಟ್ಟುಕೊಟ್ಟಿತು, ಲೀಗ್‌ನಲ್ಲಿ ಆರನೇ ರ್‍ಯಾಂಕ್ ಪಡೆದುಕೊಂಡಿತು, ಜೊತೆಗೆ 24 ಇಂಟರ್‌ಸೆಪ್ಶನ್‌ಗಳು ಮತ್ತು ನಾಲ್ಕು ಪ್ರೊ ಬೌಲ್ ಆಯ್ಕೆಗಳೊಂದಿಗೆ NFL ಅನ್ನು ಮುನ್ನಡೆಸುತ್ತಿದೆ. ಕವಾನ್ ಶಾರ್ಟ್ ಅವರು ಪ್ರೊ ಬೌಲ್ ರಕ್ಷಣಾತ್ಮಕ ಟ್ಯಾಕಲ್‌ನ ಮೂಲಕ 11 ಸ್ಯಾಕ್‌ಗಳನ್ನು ಗಳಿಸಿ ತಂಡವನ್ನು ಮುನ್ನಡೆಸಿದರು, ಆದರೆ ಮೂರು ಫಂಬಲ್‌ಗಳನ್ನು ಬಲವಂತಪಡಿಸಿದರು ಮತ್ತು ಎರಡು ರಿಕವರ್ ಮಾಡಿರು. ಸಹ ಲೈನ್‌ಮ್ಯಾನ್ ಮಾರಿಯೋ ಆ್ಯಡಿಸನ್ ಅವರು 6½ ಸ್ಯಾಕ್‌ಗಳನ್ನು ಸೇರಿಸಿದರು. ಪ್ಯಾಂಥರ್ಸ್ ಲೈನ್‌ನಲ್ಲಿ ಅನುಭವಿ ರಕ್ಷಣಾತ್ಮಕ ಭಾಗದಲ್ಲಿ 5-ಬಾರಿ ಪ್ರೊ ಬೌಲರ್ ಆಗಿದ್ದ ಜೇರೆಡ್ ಅಲೆನ್ ಅವರು ಇದ್ದರು, ಅವರು 136 ರೊಂದಿಗೆ NFL ನ ಸಕ್ರಿಯ ವೃತ್ತಿಜೀವನದ ಸ್ಯಾಕ್ ಲೀಡರ್ ಆಗಿದ್ದರು, ಜೊತೆಗೆ ರಕ್ಷಣಾತ್ಮಕ ಭಾಗದಲ್ಲಿ ಕೋನಿ ಈಲಿ ಅವರು ಕೇವಲ 9 ಪ್ರಾರಂಭಗಳಲ್ಲಿ 5 ಸ್ಯಾಕ್‌ಗಳನ್ನು ಪಡೆ ದುಕೊಂಡರು. ಅವರ ಹಿಂದೆ, ಪ್ಯಾಂಥರ್ಸ್ ಮೂರು ಆರಂಭಿಕ ಲೈನ್‌ಬ್ಯಾಕರ್‌ಗಳಲ್ಲಿ ಇಬ್ಬರು ಸಹ ಪ್ರೊ ಬೌಲ್‌ನಲ್ಲಿ ಆಡಲು ಆಯ್ಕೆಯಾದರು: ಥಾಮಸ್ ಡೇವಿಸ್ ಮತ್ತು ಲ್ಯೂಕ್ ಕುವ್ಕ್‌ಲೀ. ಡೇವಿಸ್ 5½ ಸ್ಯಾಕ್‌ಗಳು, ನಾಲ್ಕು ಬಲವಂತದ ಫಂಬಲ್‌ಗಳು ಮತ್ತು ನಾಲ್ಕು ಇಂಟರ್‌ಸೆಪ್ಶನ್‌ಗಳನ್ನು ಸಂಗ್ರಹಿಸಿದರು, ಆದರೆ ಕುವ್ಕ್‌ಲೀ ತಂಡವನ್ನು ಟ್ಯಾಕಲ್‌ಗಳಲ್ಲಿ ಮುನ್ನಡೆಸಿದರು (118) ಎರಡು ಫಂಬಲ್‌ಗಳನ್ನು ಬಲವಂತಪಡಿಸಿದರು ಮತ್ತು ಅವರದ್ದೇ ಆದ ನಾಲ್ಕು ಪಾಸ್‌ಗಳನ್ನು ತಡೆದರು. ಕೆರೊಲಿನಾದ ಸೆಕೆಂಡರಿಯಲ್ಲಿ ಪ್ರೊ ಬೌಲ್ ಸುರಕ್ಷತೆಯಲ್ಲಿ ಕರ್ಟ್ ಕೋಲ್‌ಮನ್ ಅವರು ವೃತ್ತಿಜೀವನದ ಉನ್ನತ ಏಳು ಇಂಟರ್‌ಸೆಪ್ಶನ್‌ಗಳ ಜೊತೆಗೆ ತಂಡವನ್ನು ಮುನ್ನಡೆಸಿದರು, 88 ಟ್ಯಾಕಲ್‌ಗಳನ್ನು ಮತ್ತು ಪ್ರೊ ಬೌಲ್ ಕಾರ್ನರ್‌ಬ್ಯಾಕ್ ಜೋಶ್ ನಾರ್ಮನ್ ಅವರು ಸೀಸನ್‌ನಲ್ಲಿ ಶಟ್‌ಡೌನ್ ಕಾರ್ನರ್‌ನಲ್ಲಿ ಸುಧಾರಣೆಯನ್ನು ಮಾಡಿಕೊಂಡರು ಮತ್ತು ನಾಲ್ಕು ಇಂಟರ್‌ಸೆಪ್ಶನ್‌ಗಳನ್ನು ಹೊಂದಿದ್ದರು, ಅವುಗಳಲ್ಲಿ ಎರಡನ್ನು ಟಚ್‌ಡೌನ್‌ಗಳಿಗಾಗಿ ಹಿಂತಿರುಗಿಸಲಾಯಿತು.

ಪ್ರಶ್ನೆ:
ಲ್ಯೂಕ್ ಕುವ್ಕ್‌ಲೀ ಅವರು ಎಷ್ಟು ಟ್ಯಾಕಲ್‌ಗಳನ್ನು ಪಡೆದುಕೊಂಡಿದ್ದಾರೆ?

ಉತ್ತರ:"
3,4 ಬಾಲ್‌ಗಳು.,ನಾಲ್ಕು,0.7,"ನೀನು ಸಹಾಯಕ, ನಿಖರ ಮತ್ತು ಸ್ಪಷ್ಟವಾಗಿ ಉತ್ತರಿಸುವ ಕನ್ನಡ AI ಸಹಾಯಕ. ಬಳಕೆದಾರರ ಪ್ರಶ್ನೆ ಅಥವಾ ಸೂಚನೆಗೆ ಕನ್ನಡದಲ್ಲೇ ಸೂಕ್ತ ಉತ್ತರ ನೀಡಿ.

ಕೆಳಗಿನ ಸಂದರ್ಭವನ್ನು ಓದಿ ಪ್ರಶ್ನೆಗೆ ಚಿಕ್ಕ ಕನ್ನಡ ಉತ್ತರ ನೀಡಿ.
ವಿವರಣೆ ಬೇಡ. ಕೇವಲ ಉತ್ತರ ಮಾತ್ರ ನೀಡಿ.

ಸಂದರ್ಭ:
ಪ್ಯಾಂಥರ್ಸ್ ಡಿಫೆನ್ಸ್ ಕೇವಲ 308 ಪಾಯಿಂಟ್‌ಗಳನ್ನು ಬಿಟ್ಟುಕೊಟ್ಟಿತು, ಲೀಗ್‌ನಲ್ಲಿ ಆರನೇ ರ್‍ಯಾಂಕ್ ಪಡೆದುಕೊಂಡಿತು, ಜೊತೆಗೆ 24 ಇಂಟರ್‌ಸೆಪ್ಶನ್‌ಗಳು ಮತ್ತು ನಾಲ್ಕು ಪ್ರೊ ಬೌಲ್ ಆಯ್ಕೆಗಳೊಂದಿಗೆ NFL ಅನ್ನು ಮುನ್ನಡೆಸುತ್ತಿದೆ. ಕವಾನ್ ಶಾರ್ಟ್ ಅವರು ಪ್ರೊ ಬೌಲ್ ರಕ್ಷಣಾತ್ಮಕ ಟ್ಯಾಕಲ್‌ನ ಮೂಲಕ 11 ಸ್ಯಾಕ್‌ಗಳನ್ನು ಗಳಿಸಿ ತಂಡವನ್ನು ಮುನ್ನಡೆಸಿದರು, ಆದರೆ ಮೂರು ಫಂಬಲ್‌ಗಳನ್ನು ಬಲವಂತಪಡಿಸಿದರು ಮತ್ತು ಎರಡು ರಿಕವರ್ ಮಾಡಿರು. ಸಹ ಲೈನ್‌ಮ್ಯಾನ್ ಮಾರಿಯೋ ಆ್ಯಡಿಸನ್ ಅವರು 6½ ಸ್ಯಾಕ್‌ಗಳನ್ನು ಸೇರಿಸಿದರು. ಪ್ಯಾಂಥರ್ಸ್ ಲೈನ್‌ನಲ್ಲಿ ಅನುಭವಿ ರಕ್ಷಣಾತ್ಮಕ ಭಾಗದಲ್ಲಿ 5-ಬಾರಿ ಪ್ರೊ ಬೌಲರ್ ಆಗಿದ್ದ ಜೇರೆಡ್ ಅಲೆನ್ ಅವರು ಇದ್ದರು, ಅವರು 136 ರೊಂದಿಗೆ NFL ನ ಸಕ್ರಿಯ ವೃತ್ತಿಜೀವನದ ಸ್ಯಾಕ್ ಲೀಡರ್ ಆಗಿದ್ದರು, ಜೊತೆಗೆ ರಕ್ಷಣಾತ್ಮಕ ಭಾಗದಲ್ಲಿ ಕೋನಿ ಈಲಿ ಅವರು ಕೇವಲ 9 ಪ್ರಾರಂಭಗಳಲ್ಲಿ 5 ಸ್ಯಾಕ್‌ಗಳನ್ನು ಪಡೆ ದುಕೊಂಡರು. ಅವರ ಹಿಂದೆ, ಪ್ಯಾಂಥರ್ಸ್ ಮೂರು ಆರಂಭಿಕ ಲೈನ್‌ಬ್ಯಾಕರ್‌ಗಳಲ್ಲಿ ಇಬ್ಬರು ಸಹ ಪ್ರೊ ಬೌಲ್‌ನಲ್ಲಿ ಆಡಲು ಆಯ್ಕೆಯಾದರು: ಥಾಮಸ್ ಡೇವಿಸ್ ಮತ್ತು ಲ್ಯೂಕ್ ಕುವ್ಕ್‌ಲೀ. ಡೇವಿಸ್ 5½ ಸ್ಯಾಕ್‌ಗಳು, ನಾಲ್ಕು ಬಲವಂತದ ಫಂಬಲ್‌ಗಳು ಮತ್ತು ನಾಲ್ಕು ಇಂಟರ್‌ಸೆಪ್ಶನ್‌ಗಳನ್ನು ಸಂಗ್ರಹಿಸಿದರು, ಆದರೆ ಕುವ್ಕ್‌ಲೀ ತಂಡವನ್ನು ಟ್ಯಾಕಲ್‌ಗಳಲ್ಲಿ ಮುನ್ನಡೆಸಿದರು (118) ಎರಡು ಫಂಬಲ್‌ಗಳನ್ನು ಬಲವಂತಪಡಿಸಿದರು ಮತ್ತು ಅವರದ್ದೇ ಆದ ನಾಲ್ಕು ಪಾಸ್‌ಗಳನ್ನು ತಡೆದರು. ಕೆರೊಲಿನಾದ ಸೆಕೆಂಡರಿಯಲ್ಲಿ ಪ್ರೊ ಬೌಲ್ ಸುರಕ್ಷತೆಯಲ್ಲಿ ಕರ್ಟ್ ಕೋಲ್‌ಮನ್ ಅವರು ವೃತ್ತಿಜೀವನದ ಉನ್ನತ ಏಳು ಇಂಟರ್‌ಸೆಪ್ಶನ್‌ಗಳ ಜೊತೆಗೆ ತಂಡವನ್ನು ಮುನ್ನಡೆಸಿದರು, 88 ಟ್ಯಾಕಲ್‌ಗಳನ್ನು ಮತ್ತು ಪ್ರೊ ಬೌಲ್ ಕಾರ್ನರ್‌ಬ್ಯಾಕ್ ಜೋಶ್ ನಾರ್ಮನ್ ಅವರು ಸೀಸನ್‌ನಲ್ಲಿ ಶಟ್‌ಡೌನ್ ಕಾರ್ನರ್‌ನಲ್ಲಿ ಸುಧಾರಣೆಯನ್ನು ಮಾಡಿಕೊಂಡರು ಮತ್ತು ನಾಲ್ಕು ಇಂಟರ್‌ಸೆಪ್ಶನ್‌ಗಳನ್ನು ಹೊಂದಿದ್ದರು, ಅವುಗಳಲ್ಲಿ ಎರಡನ್ನು ಟಚ್‌ಡೌನ್‌ಗಳಿಗಾಗಿ ಹಿಂತಿರುಗಿಸಲಾಯಿತು.

ಪ್ರಶ್ನೆ:
ಜೋಶ್ ನಾರ್ಮನ್ ಎಷ್ಟು ಬಾಲ್‌ಗಳನ್ನು ತಡೆದರು?

ಉತ್ತರ:"
4,ಥಾಮಸ್ ಡೇವಿಸ್ (5½ ಸ್ಯಾಕ್‌ಗಳು),ಕವಾನ್ ಶಾರ್ಟ್,0.8,"ನೀನು ಸಹಾಯಕ, ನಿಖರ ಮತ್ತು ಸ್ಪಷ್ಟವಾಗಿ ಉತ್ತರಿಸುವ ಕನ್ನಡ AI ಸಹಾಯಕ. ಬಳಕೆದಾರರ ಪ್ರಶ್ನೆ ಅಥವಾ ಸೂಚನೆಗೆ ಕನ್ನಡದಲ್ಲೇ ಸೂಕ್ತ ಉತ್ತರ ನೀಡಿ.

ಕೆಳಗಿನ ಸಂದರ್ಭವನ್ನು ಓದಿ ಪ್ರಶ್ನೆಗೆ ಚಿಕ್ಕ ಕನ್ನಡ ಉತ್ತರ ನೀಡಿ.
ವಿವರಣೆ ಬೇಡ. ಕೇವಲ ಉತ್ತರ ಮಾತ್ರ ನೀಡಿ.

ಸಂದರ್ಭ:
ಪ್ಯಾಂಥರ್ಸ್ ಡಿಫೆನ್ಸ್ ಕೇವಲ 308 ಪಾಯಿಂಟ್‌ಗಳನ್ನು ಬಿಟ್ಟುಕೊಟ್ಟಿತು, ಲೀಗ್‌ನಲ್ಲಿ ಆರನೇ ರ್‍ಯಾಂಕ್ ಪಡೆದುಕೊಂಡಿತು, ಜೊತೆಗೆ 24 ಇಂಟರ್‌ಸೆಪ್ಶನ್‌ಗಳು ಮತ್ತು ನಾಲ್ಕು ಪ್ರೊ ಬೌಲ್ ಆಯ್ಕೆಗಳೊಂದಿಗೆ NFL ಅನ್ನು ಮುನ್ನಡೆಸುತ್ತಿದೆ. ಕವಾನ್ ಶಾರ್ಟ್ ಅವರು ಪ್ರೊ ಬೌಲ್ ರಕ್ಷಣಾತ್ಮಕ ಟ್ಯಾಕಲ್‌ನ ಮೂಲಕ 11 ಸ್ಯಾಕ್‌ಗಳನ್ನು ಗಳಿಸಿ ತಂಡವನ್ನು ಮುನ್ನಡೆಸಿದರು, ಆದರೆ ಮೂರು ಫಂಬಲ್‌ಗಳನ್ನು ಬಲವಂತಪಡಿಸಿದರು ಮತ್ತು ಎರಡು ರಿಕವರ್ ಮಾಡಿರು. ಸಹ ಲೈನ್‌ಮ್ಯಾನ್ ಮಾರಿಯೋ ಆ್ಯಡಿಸನ್ ಅವರು 6½ ಸ್ಯಾಕ್‌ಗಳನ್ನು ಸೇರಿಸಿದರು. ಪ್ಯಾಂಥರ್ಸ್ ಲೈನ್‌ನಲ್ಲಿ ಅನುಭವಿ ರಕ್ಷಣಾತ್ಮಕ ಭಾಗದಲ್ಲಿ 5-ಬಾರಿ ಪ್ರೊ ಬೌಲರ್ ಆಗಿದ್ದ ಜೇರೆಡ್ ಅಲೆನ್ ಅವರು ಇದ್ದರು, ಅವರು 136 ರೊಂದಿಗೆ NFL ನ ಸಕ್ರಿಯ ವೃತ್ತಿಜೀವನದ ಸ್ಯಾಕ್ ಲೀಡರ್ ಆಗಿದ್ದರು, ಜೊತೆಗೆ ರಕ್ಷಣಾತ್ಮಕ ಭಾಗದಲ್ಲಿ ಕೋನಿ ಈಲಿ ಅವರು ಕೇವಲ 9 ಪ್ರಾರಂಭಗಳಲ್ಲಿ 5 ಸ್ಯಾಕ್‌ಗಳನ್ನು ಪಡೆ ದುಕೊಂಡರು. ಅವರ ಹಿಂದೆ, ಪ್ಯಾಂಥರ್ಸ್ ಮೂರು ಆರಂಭಿಕ ಲೈನ್‌ಬ್ಯಾಕರ್‌ಗಳಲ್ಲಿ ಇಬ್ಬರು ಸಹ ಪ್ರೊ ಬೌಲ್‌ನಲ್ಲಿ ಆಡಲು ಆಯ್ಕೆಯಾದರು: ಥಾಮಸ್ ಡೇವಿಸ್ ಮತ್ತು ಲ್ಯೂಕ್ ಕುವ್ಕ್‌ಲೀ. ಡೇವಿಸ್ 5½ ಸ್ಯಾಕ್‌ಗಳು, ನಾಲ್ಕು ಬಲವಂತದ ಫಂಬಲ್‌ಗಳು ಮತ್ತು ನಾಲ್ಕು ಇಂಟರ್‌ಸೆಪ್ಶನ್‌ಗಳನ್ನು ಸಂಗ್ರಹಿಸಿದರು, ಆದರೆ ಕುವ್ಕ್‌ಲೀ ತಂಡವನ್ನು ಟ್ಯಾಕಲ್‌ಗಳಲ್ಲಿ ಮುನ್ನಡೆಸಿದರು (118) ಎರಡು ಫಂಬಲ್‌ಗಳನ್ನು ಬಲವಂತಪಡಿಸಿದರು ಮತ್ತು ಅವರದ್ದೇ ಆದ ನಾಲ್ಕು ಪಾಸ್‌ಗಳನ್ನು ತಡೆದರು. ಕೆರೊಲಿನಾದ ಸೆಕೆಂಡರಿಯಲ್ಲಿ ಪ್ರೊ ಬೌಲ್ ಸುರಕ್ಷತೆಯಲ್ಲಿ ಕರ್ಟ್ ಕೋಲ್‌ಮನ್ ಅವರು ವೃತ್ತಿಜೀವನದ ಉನ್ನತ ಏಳು ಇಂಟರ್‌ಸೆಪ್ಶನ್‌ಗಳ ಜೊತೆಗೆ ತಂಡವನ್ನು ಮುನ್ನಡೆಸಿದರು, 88 ಟ್ಯಾಕಲ್‌ಗಳನ್ನು ಮತ್ತು ಪ್ರೊ ಬೌಲ್ ಕಾರ್ನರ್‌ಬ್ಯಾಕ್ ಜೋಶ್ ನಾರ್ಮನ್ ಅವರು ಸೀಸನ್‌ನಲ್ಲಿ ಶಟ್‌ಡೌನ್ ಕಾರ್ನರ್‌ನಲ್ಲಿ ಸುಧಾರಣೆಯನ್ನು ಮಾಡಿಕೊಂಡರು ಮತ್ತು ನಾಲ್ಕು ಇಂಟರ್‌ಸೆಪ್ಶನ್‌ಗಳನ್ನು ಹೊಂದಿದ್ದರು, ಅವುಗಳಲ್ಲಿ ಎರಡನ್ನು ಟಚ್‌ಡೌನ್‌ಗಳಿಗಾಗಿ ಹಿಂತಿರುಗಿಸಲಾಯಿತು.

ಪ್ರಶ್ನೆ:
ಈ ಸೀಸನ್‌ನಲ್ಲಿ ತಂಡದಲ್ಲಿ ಹೆಚ್ಚು ಸ್ಯಾಕ್‌ಗಳನ್ನು ಯಾರು ಪಡೆದಿದ್ದಾರೆ?

ಉತ್ತರ:"
5,24 ಇಂಟರ್‌ಸೆಪ್ಶನ್‌ಗಳು.,24,0.75,"ನೀನು ಸಹಾಯಕ, ನಿಖರ ಮತ್ತು ಸ್ಪಷ್ಟವಾಗಿ ಉತ್ತರಿಸುವ ಕನ್ನಡ AI ಸಹಾಯಕ. ಬಳಕೆದಾರರ ಪ್ರಶ್ನೆ ಅಥವಾ ಸೂಚನೆಗೆ ಕನ್ನಡದಲ್ಲೇ ಸೂಕ್ತ ಉತ್ತರ ನೀಡಿ.

ಕೆಳಗಿನ ಸಂದರ್ಭವನ್ನು ಓದಿ ಪ್ರಶ್ನೆಗೆ ಚಿಕ್ಕ ಕನ್ನಡ ಉತ್ತರ ನೀಡಿ.
ವಿವರಣೆ ಬೇಡ. ಕೇವಲ ಉತ್ತರ ಮಾತ್ರ ನೀಡಿ.

ಸಂದರ್ಭ:
ಪ್ಯಾಂಥರ್ಸ್ ಡಿಫೆನ್ಸ್ ಕೇವಲ 308 ಪಾಯಿಂಟ್‌ಗಳನ್ನು ಬಿಟ್ಟುಕೊಟ್ಟಿತು, ಲೀಗ್‌ನಲ್ಲಿ ಆರನೇ ರ್‍ಯಾಂಕ್ ಪಡೆದುಕೊಂಡಿತು, ಜೊತೆಗೆ 24 ಇಂಟರ್‌ಸೆಪ್ಶನ್‌ಗಳು ಮತ್ತು ನಾಲ್ಕು ಪ್ರೊ ಬೌಲ್ ಆಯ್ಕೆಗಳೊಂದಿಗೆ NFL ಅನ್ನು ಮುನ್ನಡೆಸುತ್ತಿದೆ. ಕವಾನ್ ಶಾರ್ಟ್ ಅವರು ಪ್ರೊ ಬೌಲ್ ರಕ್ಷಣಾತ್ಮಕ ಟ್ಯಾಕಲ್‌ನ ಮೂಲಕ 11 ಸ್ಯಾಕ್‌ಗಳನ್ನು ಗಳಿಸಿ ತಂಡವನ್ನು ಮುನ್ನಡೆಸಿದರು, ಆದರೆ ಮೂರು ಫಂಬಲ್‌ಗಳನ್ನು ಬಲವಂತಪಡಿಸಿದರು ಮತ್ತು ಎರಡು ರಿಕವರ್ ಮಾಡಿರು. ಸಹ ಲೈನ್‌ಮ್ಯಾನ್ ಮಾರಿಯೋ ಆ್ಯಡಿಸನ್ ಅವರು 6½ ಸ್ಯಾಕ್‌ಗಳನ್ನು ಸೇರಿಸಿದರು. ಪ್ಯಾಂಥರ್ಸ್ ಲೈನ್‌ನಲ್ಲಿ ಅನುಭವಿ ರಕ್ಷಣಾತ್ಮಕ ಭಾಗದಲ್ಲಿ 5-ಬಾರಿ ಪ್ರೊ ಬೌಲರ್ ಆಗಿದ್ದ ಜೇರೆಡ್ ಅಲೆನ್ ಅವರು ಇದ್ದರು, ಅವರು 136 ರೊಂದಿಗೆ NFL ನ ಸಕ್ರಿಯ ವೃತ್ತಿಜೀವನದ ಸ್ಯಾಕ್ ಲೀಡರ್ ಆಗಿದ್ದರು, ಜೊತೆಗೆ ರಕ್ಷಣಾತ್ಮಕ ಭಾಗದಲ್ಲಿ ಕೋನಿ ಈಲಿ ಅವರು ಕೇವಲ 9 ಪ್ರಾರಂಭಗಳಲ್ಲಿ 5 ಸ್ಯಾಕ್‌ಗಳನ್ನು ಪಡೆ ದುಕೊಂಡರು. ಅವರ ಹಿಂದೆ, ಪ್ಯಾಂಥರ್ಸ್ ಮೂರು ಆರಂಭಿಕ ಲೈನ್‌ಬ್ಯಾಕರ್‌ಗಳಲ್ಲಿ ಇಬ್ಬರು ಸಹ ಪ್ರೊ ಬೌಲ್‌ನಲ್ಲಿ ಆಡಲು ಆಯ್ಕೆಯಾದರು: ಥಾಮಸ್ ಡೇವಿಸ್ ಮತ್ತು ಲ್ಯೂಕ್ ಕುವ್ಕ್‌ಲೀ. ಡೇವಿಸ್ 5½ ಸ್ಯಾಕ್‌ಗಳು, ನಾಲ್ಕು ಬಲವಂತದ ಫಂಬಲ್‌ಗಳು ಮತ್ತು ನಾಲ್ಕು ಇಂಟರ್‌ಸೆಪ್ಶನ್‌ಗಳನ್ನು ಸಂಗ್ರಹಿಸಿದರು, ಆದರೆ ಕುವ್ಕ್‌ಲೀ ತಂಡವನ್ನು ಟ್ಯಾಕಲ್‌ಗಳಲ್ಲಿ ಮುನ್ನಡೆಸಿದರು (118) ಎರಡು ಫಂಬಲ್‌ಗಳನ್ನು ಬಲವಂತಪಡಿಸಿದರು ಮತ್ತು ಅವರದ್ದೇ ಆದ ನಾಲ್ಕು ಪಾಸ್‌ಗಳನ್ನು ತಡೆದರು. ಕೆರೊಲಿನಾದ ಸೆಕೆಂಡರಿಯಲ್ಲಿ ಪ್ರೊ ಬೌಲ್ ಸುರಕ್ಷತೆಯಲ್ಲಿ ಕರ್ಟ್ ಕೋಲ್‌ಮನ್ ಅವರು ವೃತ್ತಿಜೀವನದ ಉನ್ನತ ಏಳು ಇಂಟರ್‌ಸೆಪ್ಶನ್‌ಗಳ ಜೊತೆಗೆ ತಂಡವನ್ನು ಮುನ್ನಡೆಸಿದರು, 88 ಟ್ಯಾಕಲ್‌ಗಳನ್ನು ಮತ್ತು ಪ್ರೊ ಬೌಲ್ ಕಾರ್ನರ್‌ಬ್ಯಾಕ್ ಜೋಶ್ ನಾರ್ಮನ್ ಅವರು ಸೀಸನ್‌ನಲ್ಲಿ ಶಟ್‌ಡೌನ್ ಕಾರ್ನರ್‌ನಲ್ಲಿ ಸುಧಾರಣೆಯನ್ನು ಮಾಡಿಕೊಂಡರು ಮತ್ತು ನಾಲ್ಕು ಇಂಟರ್‌ಸೆಪ್ಶನ್‌ಗಳನ್ನು ಹೊಂದಿದ್ದರು, ಅವುಗಳಲ್ಲಿ ಎರಡನ್ನು ಟಚ್‌ಡೌನ್‌ಗಳಿಗಾಗಿ ಹಿಂತಿರುಗಿಸಲಾಯಿತು.

ಪ್ರಶ್ನೆ:
ಪ್ಯಾಂಥರ್ಸ್ ಡಿಫೆನ್ಸ್ 2015 ರಲ್ಲಿ ಎಷ್ಟು ಇಂಟರ್‌ಸೆಪ್ಶನ್‌ಗಳನ್ನು ಪಡೆದುಕೊಂಡಿದೆ?

ಉತ್ತರ:"
6,ಕವಾನ್ ಶಾರ್ಟ್ (11 ಸ್ಯಾಕ್‌ಗಳು),ಕವಾನ್ ಶಾರ್ಟ್,0.8,"ನೀನು ಸಹಾಯಕ, ನಿಖರ ಮತ್ತು ಸ್ಪಷ್ಟವಾಗಿ ಉತ್ತರಿಸುವ ಕನ್ನಡ AI ಸಹಾಯಕ. ಬಳಕೆದಾರರ ಪ್ರಶ್ನೆ ಅಥವಾ ಸೂಚನೆಗೆ ಕನ್ನಡದಲ್ಲೇ ಸೂಕ್ತ ಉತ್ತರ ನೀಡಿ.

ಕೆಳಗಿನ ಸಂದರ್ಭವನ್ನು ಓದಿ ಪ್ರಶ್ನೆಗೆ ಚಿಕ್ಕ ಕನ್ನಡ ಉತ್ತರ ನೀಡಿ.
ವಿವರಣೆ ಬೇಡ. ಕೇವಲ ಉತ್ತರ ಮಾತ್ರ ನೀಡಿ.

ಸಂದರ್ಭ:
ಪ್ಯಾಂಥರ್ಸ್ ಡಿಫೆನ್ಸ್ ಕೇವಲ 308 ಪಾಯಿಂಟ್‌ಗಳನ್ನು ಬಿಟ್ಟುಕೊಟ್ಟಿತು, ಲೀಗ್‌ನಲ್ಲಿ ಆರನೇ ರ್‍ಯಾಂಕ್ ಪಡೆದುಕೊಂಡಿತು, ಜೊತೆಗೆ 24 ಇಂಟರ್‌ಸೆಪ್ಶನ್‌ಗಳು ಮತ್ತು ನಾಲ್ಕು ಪ್ರೊ ಬೌಲ್ ಆಯ್ಕೆಗಳೊಂದಿಗೆ NFL ಅನ್ನು ಮುನ್ನಡೆಸುತ್ತಿದೆ. ಕವಾನ್ ಶಾರ್ಟ್ ಅವರು ಪ್ರೊ ಬೌಲ್ ರಕ್ಷಣಾತ್ಮಕ ಟ್ಯಾಕಲ್‌ನ ಮೂಲಕ 11 ಸ್ಯಾಕ್‌ಗಳನ್ನು ಗಳಿಸಿ ತಂಡವನ್ನು ಮುನ್ನಡೆಸಿದರು, ಆದರೆ ಮೂರು ಫಂಬಲ್‌ಗಳನ್ನು ಬಲವಂತಪಡಿಸಿದರು ಮತ್ತು ಎರಡು ರಿಕವರ್ ಮಾಡಿರು. ಸಹ ಲೈನ್‌ಮ್ಯಾನ್ ಮಾರಿಯೋ ಆ್ಯಡಿಸನ್ ಅವರು 6½ ಸ್ಯಾಕ್‌ಗಳನ್ನು ಸೇರಿಸಿದರು. ಪ್ಯಾಂಥರ್ಸ್ ಲೈನ್‌ನಲ್ಲಿ ಅನುಭವಿ ರಕ್ಷಣಾತ್ಮಕ ಭಾಗದಲ್ಲಿ 5-ಬಾರಿ ಪ್ರೊ ಬೌಲರ್ ಆಗಿದ್ದ ಜೇರೆಡ್ ಅಲೆನ್ ಅವರು ಇದ್ದರು, ಅವರು 136 ರೊಂದಿಗೆ NFL ನ ಸಕ್ರಿಯ ವೃತ್ತಿಜೀವನದ ಸ್ಯಾಕ್ ಲೀಡರ್ ಆಗಿದ್ದರು, ಜೊತೆಗೆ ರಕ್ಷಣಾತ್ಮಕ ಭಾಗದಲ್ಲಿ ಕೋನಿ ಈಲಿ ಅವರು ಕೇವಲ 9 ಪ್ರಾರಂಭಗಳಲ್ಲಿ 5 ಸ್ಯಾಕ್‌ಗಳನ್ನು ಪಡೆ ದುಕೊಂಡರು. ಅವರ ಹಿಂದೆ, ಪ್ಯಾಂಥರ್ಸ್ ಮೂರು ಆರಂಭಿಕ ಲೈನ್‌ಬ್ಯಾಕರ್‌ಗಳಲ್ಲಿ ಇಬ್ಬರು ಸಹ ಪ್ರೊ ಬೌಲ್‌ನಲ್ಲಿ ಆಡಲು ಆಯ್ಕೆಯಾದರು: ಥಾಮಸ್ ಡೇವಿಸ್ ಮತ್ತು ಲ್ಯೂಕ್ ಕುವ್ಕ್‌ಲೀ. ಡೇವಿಸ್ 5½ ಸ್ಯಾಕ್‌ಗಳು, ನಾಲ್ಕು ಬಲವಂತದ ಫಂಬಲ್‌ಗಳು ಮತ್ತು ನಾಲ್ಕು ಇಂಟರ್‌ಸೆಪ್ಶನ್‌ಗಳನ್ನು ಸಂಗ್ರಹಿಸಿದರು, ಆದರೆ ಕುವ್ಕ್‌ಲೀ ತಂಡವನ್ನು ಟ್ಯಾಕಲ್‌ಗಳಲ್ಲಿ ಮುನ್ನಡೆಸಿದರು (118) ಎರಡು ಫಂಬಲ್‌ಗಳನ್ನು ಬಲವಂತಪಡಿಸಿದರು ಮತ್ತು ಅವರದ್ದೇ ಆದ ನಾಲ್ಕು ಪಾಸ್‌ಗಳನ್ನು ತಡೆದರು. ಕೆರೊಲಿನಾದ ಸೆಕೆಂಡರಿಯಲ್ಲಿ ಪ್ರೊ ಬೌಲ್ ಸುರಕ್ಷತೆಯಲ್ಲಿ ಕರ್ಟ್ ಕೋಲ್‌ಮನ್ ಅವರು ವೃತ್ತಿಜೀವನದ ಉನ್ನತ ಏಳು ಇಂಟರ್‌ಸೆಪ್ಶನ್‌ಗಳ ಜೊತೆಗೆ ತಂಡವನ್ನು ಮುನ್ನಡೆಸಿದರು, 88 ಟ್ಯಾಕಲ್‌ಗಳನ್ನು ಮತ್ತು ಪ್ರೊ ಬೌಲ್ ಕಾರ್ನರ್‌ಬ್ಯಾಕ್ ಜೋಶ್ ನಾರ್ಮನ್ ಅವರು ಸೀಸನ್‌ನಲ್ಲಿ ಶಟ್‌ಡೌನ್ ಕಾರ್ನರ್‌ನಲ್ಲಿ ಸುಧಾರಣೆಯನ್ನು ಮಾಡಿಕೊಂಡರು ಮತ್ತು ನಾಲ್ಕು ಇಂಟರ್‌ಸೆಪ್ಶನ್‌ಗಳನ್ನು ಹೊಂದಿದ್ದರು, ಅವುಗಳಲ್ಲಿ ಎರಡನ್ನು ಟಚ್‌ಡೌನ್‌ಗಳಿಗಾಗಿ ಹಿಂತಿರುಗಿಸಲಾಯಿತು.

ಪ್ರಶ್ನೆ:
ಸ್ಯಾಕ್‌ಗಳಲ್ಲಿ ಪ್ಯಾಂಥರ್ಸ್ ಅನ್ನು ಮುನ್ನಡೆಸಿದ್ದು ಯಾರು?

ಉತ್ತರ:"
7,"10. (ಪ್ಯಾಂಥರ್ಸ್‌ ಡಿಫೆನ್ಸ್‌ನ ಆಟಗಾರರು: ಜೇರೆಡ್ ಅಲೆನ್, ಮಾರಿಯೋ ಆ್ಯಡಿಸನ್, ಕರ್ಟ್ ಕೋಲ್‌ಮನ್, ಥಾಮಸ್ ಡೇವಿಸ್, ಲ್ಯೂಕ್ ಕುವ್ಕ್‌ಲೀ, ಜೋಶ್ ನ",ನಾಲ್ಕು,0.8691588785046729,"ನೀನು ಸಹಾಯಕ, ನಿಖರ ಮತ್ತು ಸ್ಪಷ್ಟವಾಗಿ ಉತ್ತರಿಸುವ ಕನ್ನಡ AI ಸಹಾಯಕ. ಬಳಕೆದಾರರ ಪ್ರಶ್ನೆ ಅಥವಾ ಸೂಚನೆಗೆ ಕನ್ನಡದಲ್ಲೇ ಸೂಕ್ತ ಉತ್ತರ ನೀಡಿ.

ಕೆಳಗಿನ ಸಂದರ್ಭವನ್ನು ಓದಿ ಪ್ರಶ್ನೆಗೆ ಚಿಕ್ಕ ಕನ್ನಡ ಉತ್ತರ ನೀಡಿ.
ವಿವರಣೆ ಬೇಡ. ಕೇವಲ ಉತ್ತರ ಮಾತ್ರ ನೀಡಿ.

ಸಂದರ್ಭ:
ಪ್ಯಾಂಥರ್ಸ್ ಡಿಫೆನ್ಸ್ ಕೇವಲ 308 ಪಾಯಿಂಟ್‌ಗಳನ್ನು ಬಿಟ್ಟುಕೊಟ್ಟಿತು, ಲೀಗ್‌ನಲ್ಲಿ ಆರನೇ ರ್‍ಯಾಂಕ್ ಪಡೆದುಕೊಂಡಿತು, ಜೊತೆಗೆ 24 ಇಂಟರ್‌ಸೆಪ್ಶನ್‌ಗಳು ಮತ್ತು ನಾಲ್ಕು ಪ್ರೊ ಬೌಲ್ ಆಯ್ಕೆಗಳೊಂದಿಗೆ NFL ಅನ್ನು ಮುನ್ನಡೆಸುತ್ತಿದೆ. ಕವಾನ್ ಶಾರ್ಟ್ ಅವರು ಪ್ರೊ ಬೌಲ್ ರಕ್ಷಣಾತ್ಮಕ ಟ್ಯಾಕಲ್‌ನ ಮೂಲಕ 11 ಸ್ಯಾಕ್‌ಗಳನ್ನು ಗಳಿಸಿ ತಂಡವನ್ನು ಮುನ್ನಡೆಸಿದರು, ಆದರೆ ಮೂರು ಫಂಬಲ್‌ಗಳನ್ನು ಬಲವಂತಪಡಿಸಿದರು ಮತ್ತು ಎರಡು ರಿಕವರ್ ಮಾಡಿರು. ಸಹ ಲೈನ್‌ಮ್ಯಾನ್ ಮಾರಿಯೋ ಆ್ಯಡಿಸನ್ ಅವರು 6½ ಸ್ಯಾಕ್‌ಗಳನ್ನು ಸೇರಿಸಿದರು. ಪ್ಯಾಂಥರ್ಸ್ ಲೈನ್‌ನಲ್ಲಿ ಅನುಭವಿ ರಕ್ಷಣಾತ್ಮಕ ಭಾಗದಲ್ಲಿ 5-ಬಾರಿ ಪ್ರೊ ಬೌಲರ್ ಆಗಿದ್ದ ಜೇರೆಡ್ ಅಲೆನ್ ಅವರು ಇದ್ದರು, ಅವರು 136 ರೊಂದಿಗೆ NFL ನ ಸಕ್ರಿಯ ವೃತ್ತಿಜೀವನದ ಸ್ಯಾಕ್ ಲೀಡರ್ ಆಗಿದ್ದರು, ಜೊತೆಗೆ ರಕ್ಷಣಾತ್ಮಕ ಭಾಗದಲ್ಲಿ ಕೋನಿ ಈಲಿ ಅವರು ಕೇವಲ 9 ಪ್ರಾರಂಭಗಳಲ್ಲಿ 5 ಸ್ಯಾಕ್‌ಗಳನ್ನು ಪಡೆ ದುಕೊಂಡರು. ಅವರ ಹಿಂದೆ, ಪ್ಯಾಂಥರ್ಸ್ ಮೂರು ಆರಂಭಿಕ ಲೈನ್‌ಬ್ಯಾಕರ್‌ಗಳಲ್ಲಿ ಇಬ್ಬರು ಸಹ ಪ್ರೊ ಬೌಲ್‌ನಲ್ಲಿ ಆಡಲು ಆಯ್ಕೆಯಾದರು: ಥಾಮಸ್ ಡೇವಿಸ್ ಮತ್ತು ಲ್ಯೂಕ್ ಕುವ್ಕ್‌ಲೀ. ಡೇವಿಸ್ 5½ ಸ್ಯಾಕ್‌ಗಳು, ನಾಲ್ಕು ಬಲವಂತದ ಫಂಬಲ್‌ಗಳು ಮತ್ತು ನಾಲ್ಕು ಇಂಟರ್‌ಸೆಪ್ಶನ್‌ಗಳನ್ನು ಸಂಗ್ರಹಿಸಿದರು, ಆದರೆ ಕುವ್ಕ್‌ಲೀ ತಂಡವನ್ನು ಟ್ಯಾಕಲ್‌ಗಳಲ್ಲಿ ಮುನ್ನಡೆಸಿದರು (118) ಎರಡು ಫಂಬಲ್‌ಗಳನ್ನು ಬಲವಂತಪಡಿಸಿದರು ಮತ್ತು ಅವರದ್ದೇ ಆದ ನಾಲ್ಕು ಪಾಸ್‌ಗಳನ್ನು ತಡೆದರು. ಕೆರೊಲಿನಾದ ಸೆಕೆಂಡರಿಯಲ್ಲಿ ಪ್ರೊ ಬೌಲ್ ಸುರಕ್ಷತೆಯಲ್ಲಿ ಕರ್ಟ್ ಕೋಲ್‌ಮನ್ ಅವರು ವೃತ್ತಿಜೀವನದ ಉನ್ನತ ಏಳು ಇಂಟರ್‌ಸೆಪ್ಶನ್‌ಗಳ ಜೊತೆಗೆ ತಂಡವನ್ನು ಮುನ್ನಡೆಸಿದರು, 88 ಟ್ಯಾಕಲ್‌ಗಳನ್ನು ಮತ್ತು ಪ್ರೊ ಬೌಲ್ ಕಾರ್ನರ್‌ಬ್ಯಾಕ್ ಜೋಶ್ ನಾರ್ಮನ್ ಅವರು ಸೀಸನ್‌ನಲ್ಲಿ ಶಟ್‌ಡೌನ್ ಕಾರ್ನರ್‌ನಲ್ಲಿ ಸುಧಾರಣೆಯನ್ನು ಮಾಡಿಕೊಂಡರು ಮತ್ತು ನಾಲ್ಕು ಇಂಟರ್‌ಸೆಪ್ಶನ್‌ಗಳನ್ನು ಹೊಂದಿದ್ದರು, ಅವುಗಳಲ್ಲಿ ಎರಡನ್ನು ಟಚ್‌ಡೌನ್‌ಗಳಿಗಾಗಿ ಹಿಂತಿರುಗಿಸಲಾಯಿತು.

ಪ್ರಶ್ನೆ:
ಪ್ರೊ ಬೌಲ್‌ಗೆ ಎಷ್ಟು ಜನ ಪ್ಯಾಂಥರ್ಸ್ ಡಿಫೆನ್ಸ್‌ನ ಆಟಗಾರರನ್ನು ಆಯ್ಕೆಮಾಡಲಾಗಿದೆ?

ಉತ್ತರ:"
8,4.,ನಾಲ್ಕು,0.0,"ನೀನು ಸಹಾಯಕ, ನಿಖರ ಮತ್ತು ಸ್ಪಷ್ಟವಾಗಿ ಉತ್ತರಿಸುವ ಕನ್ನಡ AI ಸಹಾಯಕ. ಬಳಕೆದಾರರ ಪ್ರಶ್ನೆ ಅಥವಾ ಸೂಚನೆಗೆ ಕನ್ನಡದಲ್ಲೇ ಸೂಕ್ತ ಉತ್ತರ ನೀಡಿ.

ಕೆಳಗಿನ ಸಂದರ್ಭವನ್ನು ಓದಿ ಪ್ರಶ್ನೆಗೆ ಚಿಕ್ಕ ಕನ್ನಡ ಉತ್ತರ ನೀಡಿ.
ವಿವರಣೆ ಬೇಡ. ಕೇವಲ ಉತ್ತರ ಮಾತ್ರ ನೀಡಿ.

ಸಂದರ್ಭ:
ಪ್ಯಾಂಥರ್ಸ್ ಡಿಫೆನ್ಸ್ ಕೇವಲ 308 ಪಾಯಿಂಟ್‌ಗಳನ್ನು ಬಿಟ್ಟುಕೊಟ್ಟಿತು, ಲೀಗ್‌ನಲ್ಲಿ ಆರನೇ ರ್‍ಯಾಂಕ್ ಪಡೆದುಕೊಂಡಿತು, ಜೊತೆಗೆ 24 ಇಂಟರ್‌ಸೆಪ್ಶನ್‌ಗಳು ಮತ್ತು ನಾಲ್ಕು ಪ್ರೊ ಬೌಲ್ ಆಯ್ಕೆಗಳೊಂದಿಗೆ NFL ಅನ್ನು ಮುನ್ನಡೆಸುತ್ತಿದೆ. ಕವಾನ್ ಶಾರ್ಟ್ ಅವರು ಪ್ರೊ ಬೌಲ್ ರಕ್ಷಣಾತ್ಮಕ ಟ್ಯಾಕಲ್‌ನ ಮೂಲಕ 11 ಸ್ಯಾಕ್‌ಗಳನ್ನು ಗಳಿಸಿ ತಂಡವನ್ನು ಮುನ್ನಡೆಸಿದರು, ಆದರೆ ಮೂರು ಫಂಬಲ್‌ಗಳನ್ನು ಬಲವಂತಪಡಿಸಿದರು ಮತ್ತು ಎರಡು ರಿಕವರ್ ಮಾಡಿರು. ಸಹ ಲೈನ್‌ಮ್ಯಾನ್ ಮಾರಿಯೋ ಆ್ಯಡಿಸನ್ ಅವರು 6½ ಸ್ಯಾಕ್‌ಗಳನ್ನು ಸೇರಿಸಿದರು. ಪ್ಯಾಂಥರ್ಸ್ ಲೈನ್‌ನಲ್ಲಿ ಅನುಭವಿ ರಕ್ಷಣಾತ್ಮಕ ಭಾಗದಲ್ಲಿ 5-ಬಾರಿ ಪ್ರೊ ಬೌಲರ್ ಆಗಿದ್ದ ಜೇರೆಡ್ ಅಲೆನ್ ಅವರು ಇದ್ದರು, ಅವರು 136 ರೊಂದಿಗೆ NFL ನ ಸಕ್ರಿಯ ವೃತ್ತಿಜೀವನದ ಸ್ಯಾಕ್ ಲೀಡರ್ ಆಗಿದ್ದರು, ಜೊತೆಗೆ ರಕ್ಷಣಾತ್ಮಕ ಭಾಗದಲ್ಲಿ ಕೋನಿ ಈಲಿ ಅವರು ಕೇವಲ 9 ಪ್ರಾರಂಭಗಳಲ್ಲಿ 5 ಸ್ಯಾಕ್‌ಗಳನ್ನು ಪಡೆ ದುಕೊಂಡರು. ಅವರ ಹಿಂದೆ, ಪ್ಯಾಂಥರ್ಸ್ ಮೂರು ಆರಂಭಿಕ ಲೈನ್‌ಬ್ಯಾಕರ್‌ಗಳಲ್ಲಿ ಇಬ್ಬರು ಸಹ ಪ್ರೊ ಬೌಲ್‌ನಲ್ಲಿ ಆಡಲು ಆಯ್ಕೆಯಾದರು: ಥಾಮಸ್ ಡೇವಿಸ್ ಮತ್ತು ಲ್ಯೂಕ್ ಕುವ್ಕ್‌ಲೀ. ಡೇವಿಸ್ 5½ ಸ್ಯಾಕ್‌ಗಳು, ನಾಲ್ಕು ಬಲವಂತದ ಫಂಬಲ್‌ಗಳು ಮತ್ತು ನಾಲ್ಕು ಇಂಟರ್‌ಸೆಪ್ಶನ್‌ಗಳನ್ನು ಸಂಗ್ರಹಿಸಿದರು, ಆದರೆ ಕುವ್ಕ್‌ಲೀ ತಂಡವನ್ನು ಟ್ಯಾಕಲ್‌ಗಳಲ್ಲಿ ಮುನ್ನಡೆಸಿದರು (118) ಎರಡು ಫಂಬಲ್‌ಗಳನ್ನು ಬಲವಂತಪಡಿಸಿದರು ಮತ್ತು ಅವರದ್ದೇ ಆದ ನಾಲ್ಕು ಪಾಸ್‌ಗಳನ್ನು ತಡೆದರು. ಕೆರೊಲಿನಾದ ಸೆಕೆಂಡರಿಯಲ್ಲಿ ಪ್ರೊ ಬೌಲ್ ಸುರಕ್ಷತೆಯಲ್ಲಿ ಕರ್ಟ್ ಕೋಲ್‌ಮನ್ ಅವರು ವೃತ್ತಿಜೀವನದ ಉನ್ನತ ಏಳು ಇಂಟರ್‌ಸೆಪ್ಶನ್‌ಗಳ ಜೊತೆಗೆ ತಂಡವನ್ನು ಮುನ್ನಡೆಸಿದರು, 88 ಟ್ಯಾಕಲ್‌ಗಳನ್ನು ಮತ್ತು ಪ್ರೊ ಬೌಲ್ ಕಾರ್ನರ್‌ಬ್ಯಾಕ್ ಜೋಶ್ ನಾರ್ಮನ್ ಅವರು ಸೀಸನ್‌ನಲ್ಲಿ ಶಟ್‌ಡೌನ್ ಕಾರ್ನರ್‌ನಲ್ಲಿ ಸುಧಾರಣೆಯನ್ನು ಮಾಡಿಕೊಂಡರು ಮತ್ತು ನಾಲ್ಕು ಇಂಟರ್‌ಸೆಪ್ಶನ್‌ಗಳನ್ನು ಹೊಂದಿದ್ದರು, ಅವುಗಳಲ್ಲಿ ಎರಡನ್ನು ಟಚ್‌ಡೌನ್‌ಗಳಿಗಾಗಿ ಹಿಂತಿರುಗಿಸಲಾಯಿತು.

ಪ್ರಶ್ನೆ:
ಥಾಮಸ್ ಡೇವಿಸ್ ಎಷ್ಟು ಬಲವಂತದ ಫಂಬಲ್‌ಗಳನ್ನು ಪಡೆದುಕೊಂಡರು?

ಉತ್ತರ:"
9,"1. ಕರ್ಟ್ ಕೋಲ್‌ಮನ್ (8)
2. ಜೋಶ್ ನಾರ್ಮನ್‌ (4)",ಕರ್ಟ್ ಕೋಲ್‌ಮನ್,0.6571428571428571,"ನೀನು ಸಹಾಯಕ, ನಿಖರ ಮತ್ತು ಸ್ಪಷ್ಟವಾಗಿ ಉತ್ತರಿಸುವ ಕನ್ನಡ AI ಸಹಾಯಕ. ಬಳಕೆದಾರರ ಪ್ರಶ್ನೆ ಅಥವಾ ಸೂಚನೆಗೆ ಕನ್ನಡದಲ್ಲೇ ಸೂಕ್ತ ಉತ್ತರ ನೀಡಿ.

ಕೆಳಗಿನ ಸಂದರ್ಭವನ್ನು ಓದಿ ಪ್ರಶ್ನೆಗೆ ಚಿಕ್ಕ ಕನ್ನಡ ಉತ್ತರ ನೀಡಿ.
ವಿವರಣೆ ಬೇಡ. ಕೇವಲ ಉತ್ತರ ಮಾತ್ರ ನೀಡಿ.

ಸಂದರ್ಭ:
ಪ್ಯಾಂಥರ್ಸ್ ಡಿಫೆನ್ಸ್ ಕೇವಲ 308 ಪಾಯಿಂಟ್‌ಗಳನ್ನು ಬಿಟ್ಟುಕೊಟ್ಟಿತು, ಲೀಗ್‌ನಲ್ಲಿ ಆರನೇ ರ್‍ಯಾಂಕ್ ಪಡೆದುಕೊಂಡಿತು, ಜೊತೆಗೆ 24 ಇಂಟರ್‌ಸೆಪ್ಶನ್‌ಗಳು ಮತ್ತು ನಾಲ್ಕು ಪ್ರೊ ಬೌಲ್ ಆಯ್ಕೆಗಳೊಂದಿಗೆ NFL ಅನ್ನು ಮುನ್ನಡೆಸುತ್ತಿದೆ. ಕವಾನ್ ಶಾರ್ಟ್ ಅವರು ಪ್ರೊ ಬೌಲ್ ರಕ್ಷಣಾತ್ಮಕ ಟ್ಯಾಕಲ್‌ನ ಮೂಲಕ 11 ಸ್ಯಾಕ್‌ಗಳನ್ನು ಗಳಿಸಿ ತಂಡವನ್ನು ಮುನ್ನಡೆಸಿದರು, ಆದರೆ ಮೂರು ಫಂಬಲ್‌ಗಳನ್ನು ಬಲವಂತಪಡಿಸಿದರು ಮತ್ತು ಎರಡು ರಿಕವರ್ ಮಾಡಿರು. ಸಹ ಲೈನ್‌ಮ್ಯಾನ್ ಮಾರಿಯೋ ಆ್ಯಡಿಸನ್ ಅವರು 6½ ಸ್ಯಾಕ್‌ಗಳನ್ನು ಸೇರಿಸಿದರು. ಪ್ಯಾಂಥರ್ಸ್ ಲೈನ್‌ನಲ್ಲಿ ಅನುಭವಿ ರಕ್ಷಣಾತ್ಮಕ ಭಾಗದಲ್ಲಿ 5-ಬಾರಿ ಪ್ರೊ ಬೌಲರ್ ಆಗಿದ್ದ ಜೇರೆಡ್ ಅಲೆನ್ ಅವರು ಇದ್ದರು, ಅವರು 136 ರೊಂದಿಗೆ NFL ನ ಸಕ್ರಿಯ ವೃತ್ತಿಜೀವನದ ಸ್ಯಾಕ್ ಲೀಡರ್ ಆಗಿದ್ದರು, ಜೊತೆಗೆ ರಕ್ಷಣಾತ್ಮಕ ಭಾಗದಲ್ಲಿ ಕೋನಿ ಈಲಿ ಅವರು ಕೇವಲ 9 ಪ್ರಾರಂಭಗಳಲ್ಲಿ 5 ಸ್ಯಾಕ್‌ಗಳನ್ನು ಪಡೆ ದುಕೊಂಡರು. ಅವರ ಹಿಂದೆ, ಪ್ಯಾಂಥರ್ಸ್ ಮೂರು ಆರಂಭಿಕ ಲೈನ್‌ಬ್ಯಾಕರ್‌ಗಳಲ್ಲಿ ಇಬ್ಬರು ಸಹ ಪ್ರೊ ಬೌಲ್‌ನಲ್ಲಿ ಆಡಲು ಆಯ್ಕೆಯಾದರು: ಥಾಮಸ್ ಡೇವಿಸ್ ಮತ್ತು ಲ್ಯೂಕ್ ಕುವ್ಕ್‌ಲೀ. ಡೇವಿಸ್ 5½ ಸ್ಯಾಕ್‌ಗಳು, ನಾಲ್ಕು ಬಲವಂತದ ಫಂಬಲ್‌ಗಳು ಮತ್ತು ನಾಲ್ಕು ಇಂಟರ್‌ಸೆಪ್ಶನ್‌ಗಳನ್ನು ಸಂಗ್ರಹಿಸಿದರು, ಆದರೆ ಕುವ್ಕ್‌ಲೀ ತಂಡವನ್ನು ಟ್ಯಾಕಲ್‌ಗಳಲ್ಲಿ ಮುನ್ನಡೆಸಿದರು (118) ಎರಡು ಫಂಬಲ್‌ಗಳನ್ನು ಬಲವಂತಪಡಿಸಿದರು ಮತ್ತು ಅವರದ್ದೇ ಆದ ನಾಲ್ಕು ಪಾಸ್‌ಗಳನ್ನು ತಡೆದರು. ಕೆರೊಲಿನಾದ ಸೆಕೆಂಡರಿಯಲ್ಲಿ ಪ್ರೊ ಬೌಲ್ ಸುರಕ್ಷತೆಯಲ್ಲಿ ಕರ್ಟ್ ಕೋಲ್‌ಮನ್ ಅವರು ವೃತ್ತಿಜೀವನದ ಉನ್ನತ ಏಳು ಇಂಟರ್‌ಸೆಪ್ಶನ್‌ಗಳ ಜೊತೆಗೆ ತಂಡವನ್ನು ಮುನ್ನಡೆಸಿದರು, 88 ಟ್ಯಾಕಲ್‌ಗಳನ್ನು ಮತ್ತು ಪ್ರೊ ಬೌಲ್ ಕಾರ್ನರ್‌ಬ್ಯಾಕ್ ಜೋಶ್ ನಾರ್ಮನ್ ಅವರು ಸೀಸನ್‌ನಲ್ಲಿ ಶಟ್‌ಡೌನ್ ಕಾರ್ನರ್‌ನಲ್ಲಿ ಸುಧಾರಣೆಯನ್ನು ಮಾಡಿಕೊಂಡರು ಮತ್ತು ನಾಲ್ಕು ಇಂಟರ್‌ಸೆಪ್ಶನ್‌ಗಳನ್ನು ಹೊಂದಿದ್ದರು, ಅವುಗಳಲ್ಲಿ ಎರಡನ್ನು ಟಚ್‌ಡೌನ್‌ಗಳಿಗಾಗಿ ಹಿಂತಿರುಗಿಸಲಾಯಿತು.

ಪ್ರಶ್ನೆ:
ಸೀಸನ್‌ನಲ್ಲಿ ಯಾವ ಆಟಗಾರರು ಹೆಚ್ಚು ಇಂಟರ್‌ಸೆಪ್ಶನ್‌ಗಳನ್ನು ಪಡೆದುಕೊಂಡಿದ್ದಾರೆ?

ಉತ್ತರ:"
10,24 ಇಂಟರ್‌ಸೆಪ್ಶನ್‌ಗಳು.,24,0.75,"ನೀನು ಸಹಾಯಕ, ನಿಖರ ಮತ್ತು ಸ್ಪಷ್ಟವಾಗಿ ಉತ್ತರಿಸುವ ಕನ್ನಡ AI ಸಹಾಯಕ. ಬಳಕೆದಾರರ ಪ್ರಶ್ನೆ ಅಥವಾ ಸೂಚನೆಗೆ ಕನ್ನಡದಲ್ಲೇ ಸೂಕ್ತ ಉತ್ತರ ನೀಡಿ.

ಕೆಳಗಿನ ಸಂದರ್ಭವನ್ನು ಓದಿ ಪ್ರಶ್ನೆಗೆ ಚಿಕ್ಕ ಕನ್ನಡ ಉತ್ತರ ನೀಡಿ.
ವಿವರಣೆ ಬೇಡ. ಕೇವಲ ಉತ್ತರ ಮಾತ್ರ ನೀಡಿ.

ಸಂದರ್ಭ:
ಪ್ಯಾಂಥರ್ಸ್ ಡಿಫೆನ್ಸ್ ಕೇವಲ 308 ಪಾಯಿಂಟ್‌ಗಳನ್ನು ಬಿಟ್ಟುಕೊಟ್ಟಿತು, ಲೀಗ್‌ನಲ್ಲಿ ಆರನೇ ರ್‍ಯಾಂಕ್ ಪಡೆದುಕೊಂಡಿತು, ಜೊತೆಗೆ 24 ಇಂಟರ್‌ಸೆಪ್ಶನ್‌ಗಳು ಮತ್ತು ನಾಲ್ಕು ಪ್ರೊ ಬೌಲ್ ಆಯ್ಕೆಗಳೊಂದಿಗೆ NFL ಅನ್ನು ಮುನ್ನಡೆಸುತ್ತಿದೆ. ಕವಾನ್ ಶಾರ್ಟ್ ಅವರು ಪ್ರೊ ಬೌಲ್ ರಕ್ಷಣಾತ್ಮಕ ಟ್ಯಾಕಲ್‌ನ ಮೂಲಕ 11 ಸ್ಯಾಕ್‌ಗಳನ್ನು ಗಳಿಸಿ ತಂಡವನ್ನು ಮುನ್ನಡೆಸಿದರು, ಆದರೆ ಮೂರು ಫಂಬಲ್‌ಗಳನ್ನು ಬಲವಂತಪಡಿಸಿದರು ಮತ್ತು ಎರಡು ರಿಕವರ್ ಮಾಡಿರು. ಸಹ ಲೈನ್‌ಮ್ಯಾನ್ ಮಾರಿಯೋ ಆ್ಯಡಿಸನ್ ಅವರು 6½ ಸ್ಯಾಕ್‌ಗಳನ್ನು ಸೇರಿಸಿದರು. ಪ್ಯಾಂಥರ್ಸ್ ಲೈನ್‌ನಲ್ಲಿ ಅನುಭವಿ ರಕ್ಷಣಾತ್ಮಕ ಭಾಗದಲ್ಲಿ 5-ಬಾರಿ ಪ್ರೊ ಬೌಲರ್ ಆಗಿದ್ದ ಜೇರೆಡ್ ಅಲೆನ್ ಅವರು ಇದ್ದರು, ಅವರು 136 ರೊಂದಿಗೆ NFL ನ ಸಕ್ರಿಯ ವೃತ್ತಿಜೀವನದ ಸ್ಯಾಕ್ ಲೀಡರ್ ಆಗಿದ್ದರು, ಜೊತೆಗೆ ರಕ್ಷಣಾತ್ಮಕ ಭಾಗದಲ್ಲಿ ಕೋನಿ ಈಲಿ ಅವರು ಕೇವಲ 9 ಪ್ರಾರಂಭಗಳಲ್ಲಿ 5 ಸ್ಯಾಕ್‌ಗಳನ್ನು ಪಡೆ ದುಕೊಂಡರು. ಅವರ ಹಿಂದೆ, ಪ್ಯಾಂಥರ್ಸ್ ಮೂರು ಆರಂಭಿಕ ಲೈನ್‌ಬ್ಯಾಕರ್‌ಗಳಲ್ಲಿ ಇಬ್ಬರು ಸಹ ಪ್ರೊ ಬೌಲ್‌ನಲ್ಲಿ ಆಡಲು ಆಯ್ಕೆಯಾದರು: ಥಾಮಸ್ ಡೇವಿಸ್ ಮತ್ತು ಲ್ಯೂಕ್ ಕುವ್ಕ್‌ಲೀ. ಡೇವಿಸ್ 5½ ಸ್ಯಾಕ್‌ಗಳು, ನಾಲ್ಕು ಬಲವಂತದ ಫಂಬಲ್‌ಗಳು ಮತ್ತು ನಾಲ್ಕು ಇಂಟರ್‌ಸೆಪ್ಶನ್‌ಗಳನ್ನು ಸಂಗ್ರಹಿಸಿದರು, ಆದರೆ ಕುವ್ಕ್‌ಲೀ ತಂಡವನ್ನು ಟ್ಯಾಕಲ್‌ಗಳಲ್ಲಿ ಮುನ್ನಡೆಸಿದರು (118) ಎರಡು ಫಂಬಲ್‌ಗಳನ್ನು ಬಲವಂತಪಡಿಸಿದರು ಮತ್ತು ಅವರದ್ದೇ ಆದ ನಾಲ್ಕು ಪಾಸ್‌ಗಳನ್ನು ತಡೆದರು. ಕೆರೊಲಿನಾದ ಸೆಕೆಂಡರಿಯಲ್ಲಿ ಪ್ರೊ ಬೌಲ್ ಸುರಕ್ಷತೆಯಲ್ಲಿ ಕರ್ಟ್ ಕೋಲ್‌ಮನ್ ಅವರು ವೃತ್ತಿಜೀವನದ ಉನ್ನತ ಏಳು ಇಂಟರ್‌ಸೆಪ್ಶನ್‌ಗಳ ಜೊತೆಗೆ ತಂಡವನ್ನು ಮುನ್ನಡೆಸಿದರು, 88 ಟ್ಯಾಕಲ್‌ಗಳನ್ನು ಮತ್ತು ಪ್ರೊ ಬೌಲ್ ಕಾರ್ನರ್‌ಬ್ಯಾಕ್ ಜೋಶ್ ನಾರ್ಮನ್ ಅವರು ಸೀಸನ್‌ನಲ್ಲಿ ಶಟ್‌ಡೌನ್ ಕಾರ್ನರ್‌ನಲ್ಲಿ ಸುಧಾರಣೆಯನ್ನು ಮಾಡಿಕೊಂಡರು ಮತ್ತು ನಾಲ್ಕು ಇಂಟರ್‌ಸೆಪ್ಶನ್‌ಗಳನ್ನು ಹೊಂದಿದ್ದರು, ಅವುಗಳಲ್ಲಿ ಎರಡನ್ನು ಟಚ್‌ಡೌನ್‌ಗಳಿಗಾಗಿ ಹಿಂತಿರುಗಿಸಲಾಯಿತು.

ಪ್ರಶ್ನೆ:
ಪ್ಯಾಂಥರ್ಸ್‌ನ ಡಿಫೆನ್ಸ್ ಎಷ್ಟು 2015 ರ ಸೀಸನ್‌ನ ಇಂಟರ್‌ಸೆಪ್ಶನ್‌ಗಳನ್ನು ಪಡೆದುಕೊಂಡಿತು?

ಉತ್ತರ:"
11,ಥಾಮಸ್ ಡೇವಿಸ್ (5½ ಸ್ಯಾಕ್‌ಗಳು),ಕೋನಿ ಈಲಿ,0.8,"ನೀನು ಸಹಾಯಕ, ನಿಖರ ಮತ್ತು ಸ್ಪಷ್ಟವಾಗಿ ಉತ್ತರಿಸುವ ಕನ್ನಡ AI ಸಹಾಯಕ. ಬಳಕೆದಾರರ ಪ್ರಶ್ನೆ ಅಥವಾ ಸೂಚನೆಗೆ ಕನ್ನಡದಲ್ಲೇ ಸೂಕ್ತ ಉತ್ತರ ನೀಡಿ.

ಕೆಳಗಿನ ಸಂದರ್ಭವನ್ನು ಓದಿ ಪ್ರಶ್ನೆಗೆ ಚಿಕ್ಕ ಕನ್ನಡ ಉತ್ತರ ನೀಡಿ.
ವಿವರಣೆ ಬೇಡ. ಕೇವಲ ಉತ್ತರ ಮಾತ್ರ ನೀಡಿ.

ಸಂದರ್ಭ:
ಪ್ಯಾಂಥರ್ಸ್ ಡಿಫೆನ್ಸ್ ಕೇವಲ 308 ಪಾಯಿಂಟ್‌ಗಳನ್ನು ಬಿಟ್ಟುಕೊಟ್ಟಿತು, ಲೀಗ್‌ನಲ್ಲಿ ಆರನೇ ರ್‍ಯಾಂಕ್ ಪಡೆದುಕೊಂಡಿತು, ಜೊತೆಗೆ 24 ಇಂಟರ್‌ಸೆಪ್ಶನ್‌ಗಳು ಮತ್ತು ನಾಲ್ಕು ಪ್ರೊ ಬೌಲ್ ಆಯ್ಕೆಗಳೊಂದಿಗೆ NFL ಅನ್ನು ಮುನ್ನಡೆಸುತ್ತಿದೆ. ಕವಾನ್ ಶಾರ್ಟ್ ಅವರು ಪ್ರೊ ಬೌಲ್ ರಕ್ಷಣಾತ್ಮಕ ಟ್ಯಾಕಲ್‌ನ ಮೂಲಕ 11 ಸ್ಯಾಕ್‌ಗಳನ್ನು ಗಳಿಸಿ ತಂಡವನ್ನು ಮುನ್ನಡೆಸಿದರು, ಆದರೆ ಮೂರು ಫಂಬಲ್‌ಗಳನ್ನು ಬಲವಂತಪಡಿಸಿದರು ಮತ್ತು ಎರಡು ರಿಕವರ್ ಮಾಡಿರು. ಸಹ ಲೈನ್‌ಮ್ಯಾನ್ ಮಾರಿಯೋ ಆ್ಯಡಿಸನ್ ಅವರು 6½ ಸ್ಯಾಕ್‌ಗಳನ್ನು ಸೇರಿಸಿದರು. ಪ್ಯಾಂಥರ್ಸ್ ಲೈನ್‌ನಲ್ಲಿ ಅನುಭವಿ ರಕ್ಷಣಾತ್ಮಕ ಭಾಗದಲ್ಲಿ 5-ಬಾರಿ ಪ್ರೊ ಬೌಲರ್ ಆಗಿದ್ದ ಜೇರೆಡ್ ಅಲೆನ್ ಅವರು ಇದ್ದರು, ಅವರು 136 ರೊಂದಿಗೆ NFL ನ ಸಕ್ರಿಯ ವೃತ್ತಿಜೀವನದ ಸ್ಯಾಕ್ ಲೀಡರ್ ಆಗಿದ್ದರು, ಜೊತೆಗೆ ರಕ್ಷಣಾತ್ಮಕ ಭಾಗದಲ್ಲಿ ಕೋನಿ ಈಲಿ ಅವರು ಕೇವಲ 9 ಪ್ರಾರಂಭಗಳಲ್ಲಿ 5 ಸ್ಯಾಕ್‌ಗಳನ್ನು ಪಡೆ ದುಕೊಂಡರು. ಅವರ ಹಿಂದೆ, ಪ್ಯಾಂಥರ್ಸ್ ಮೂರು ಆರಂಭಿಕ ಲೈನ್‌ಬ್ಯಾಕರ್‌ಗಳಲ್ಲಿ ಇಬ್ಬರು ಸಹ ಪ್ರೊ ಬೌಲ್‌ನಲ್ಲಿ ಆಡಲು ಆಯ್ಕೆಯಾದರು: ಥಾಮಸ್ ಡೇವಿಸ್ ಮತ್ತು ಲ್ಯೂಕ್ ಕುವ್ಕ್‌ಲೀ. ಡೇವಿಸ್ 5½ ಸ್ಯಾಕ್‌ಗಳು, ನಾಲ್ಕು ಬಲವಂತದ ಫಂಬಲ್‌ಗಳು ಮತ್ತು ನಾಲ್ಕು ಇಂಟರ್‌ಸೆಪ್ಶನ್‌ಗಳನ್ನು ಸಂಗ್ರಹಿಸಿದರು, ಆದರೆ ಕುವ್ಕ್‌ಲೀ ತಂಡವನ್ನು ಟ್ಯಾಕಲ್‌ಗಳಲ್ಲಿ ಮುನ್ನಡೆಸಿದರು (118) ಎರಡು ಫಂಬಲ್‌ಗಳನ್ನು ಬಲವಂತಪಡಿಸಿದರು ಮತ್ತು ಅವರದ್ದೇ ಆದ ನಾಲ್ಕು ಪಾಸ್‌ಗಳನ್ನು ತಡೆದರು. ಕೆರೊಲಿನಾದ ಸೆಕೆಂಡರಿಯಲ್ಲಿ ಪ್ರೊ ಬೌಲ್ ಸುರಕ್ಷತೆಯಲ್ಲಿ ಕರ್ಟ್ ಕೋಲ್‌ಮನ್ ಅವರು ವೃತ್ತಿಜೀವನದ ಉನ್ನತ ಏಳು ಇಂಟರ್‌ಸೆಪ್ಶನ್‌ಗಳ ಜೊತೆಗೆ ತಂಡವನ್ನು ಮುನ್ನಡೆಸಿದರು, 88 ಟ್ಯಾಕಲ್‌ಗಳನ್ನು ಮತ್ತು ಪ್ರೊ ಬೌಲ್ ಕಾರ್ನರ್‌ಬ್ಯಾಕ್ ಜೋಶ್ ನಾರ್ಮನ್ ಅವರು ಸೀಸನ್‌ನಲ್ಲಿ ಶಟ್‌ಡೌನ್ ಕಾರ್ನರ್‌ನಲ್ಲಿ ಸುಧಾರಣೆಯನ್ನು ಮಾಡಿಕೊಂಡರು ಮತ್ತು ನಾಲ್ಕು ಇಂಟರ್‌ಸೆಪ್ಶನ್‌ಗಳನ್ನು ಹೊಂದಿದ್ದರು, ಅವುಗಳಲ್ಲಿ ಎರಡನ್ನು ಟಚ್‌ಡೌನ್‌ಗಳಿಗಾಗಿ ಹಿಂತಿರುಗಿಸಲಾಯಿತು.

ಪ್ರಶ್ನೆ:
ಕೆರೊಲಿನಾ ಪ್ಯಾಂಥರ್ಸ್ ಸ್ಟಾರ್ಟರ್ ಆಗಿ ಒಂಬತ್ತು ಪಂದ್ಯಗಳಲ್ಲಿ ಯಾರು ಐದು ಸ್ಯಾಕ್‌ಗಳನ್ನು ಪಡೆದುಕೊಂಡಿದ್ದರು?

ಉತ್ತರ:"
12,ಥಾಮಸ್ ಡೇವಿಸ್.,ಲ್ಯೂಕ್ ಕುವ್ಕ್‌ಲೀ.,0.9166666666666666,"ನೀನು ಸಹಾಯಕ, ನಿಖರ ಮತ್ತು ಸ್ಪಷ್ಟವಾಗಿ ಉತ್ತರಿಸುವ ಕನ್ನಡ AI ಸಹಾಯಕ. ಬಳಕೆದಾರರ ಪ್ರಶ್ನೆ ಅಥವಾ ಸೂಚನೆಗೆ ಕನ್ನಡದಲ್ಲೇ ಸೂಕ್ತ ಉತ್ತರ ನೀಡಿ.

ಕೆಳಗಿನ ಸಂದರ್ಭವನ್ನು ಓದಿ ಪ್ರಶ್ನೆಗೆ ಚಿಕ್ಕ ಕನ್ನಡ ಉತ್ತರ ನೀಡಿ.
ವಿವರಣೆ ಬೇಡ. ಕೇವಲ ಉತ್ತರ ಮಾತ್ರ ನೀಡಿ.

ಸಂದರ್ಭ:
ಪ್ಯಾಂಥರ್ಸ್ ಡಿಫೆನ್ಸ್ ಕೇವಲ 308 ಪಾಯಿಂಟ್‌ಗಳನ್ನು ಬಿಟ್ಟುಕೊಟ್ಟಿತು, ಲೀಗ್‌ನಲ್ಲಿ ಆರನೇ ರ್‍ಯಾಂಕ್ ಪಡೆದುಕೊಂಡಿತು, ಜೊತೆಗೆ 24 ಇಂಟರ್‌ಸೆಪ್ಶನ್‌ಗಳು ಮತ್ತು ನಾಲ್ಕು ಪ್ರೊ ಬೌಲ್ ಆಯ್ಕೆಗಳೊಂದಿಗೆ NFL ಅನ್ನು ಮುನ್ನಡೆಸುತ್ತಿದೆ. ಕವಾನ್ ಶಾರ್ಟ್ ಅವರು ಪ್ರೊ ಬೌಲ್ ರಕ್ಷಣಾತ್ಮಕ ಟ್ಯಾಕಲ್‌ನ ಮೂಲಕ 11 ಸ್ಯಾಕ್‌ಗಳನ್ನು ಗಳಿಸಿ ತಂಡವನ್ನು ಮುನ್ನಡೆಸಿದರು, ಆದರೆ ಮೂರು ಫಂಬಲ್‌ಗಳನ್ನು ಬಲವಂತಪಡಿಸಿದರು ಮತ್ತು ಎರಡು ರಿಕವರ್ ಮಾಡಿರು. ಸಹ ಲೈನ್‌ಮ್ಯಾನ್ ಮಾರಿಯೋ ಆ್ಯಡಿಸನ್ ಅವರು 6½ ಸ್ಯಾಕ್‌ಗಳನ್ನು ಸೇರಿಸಿದರು. ಪ್ಯಾಂಥರ್ಸ್ ಲೈನ್‌ನಲ್ಲಿ ಅನುಭವಿ ರಕ್ಷಣಾತ್ಮಕ ಭಾಗದಲ್ಲಿ 5-ಬಾರಿ ಪ್ರೊ ಬೌಲರ್ ಆಗಿದ್ದ ಜೇರೆಡ್ ಅಲೆನ್ ಅವರು ಇದ್ದರು, ಅವರು 136 ರೊಂದಿಗೆ NFL ನ ಸಕ್ರಿಯ ವೃತ್ತಿಜೀವನದ ಸ್ಯಾಕ್ ಲೀಡರ್ ಆಗಿದ್ದರು, ಜೊತೆಗೆ ರಕ್ಷಣಾತ್ಮಕ ಭಾಗದಲ್ಲಿ ಕೋನಿ ಈಲಿ ಅವರು ಕೇವಲ 9 ಪ್ರಾರಂಭಗಳಲ್ಲಿ 5 ಸ್ಯಾಕ್‌ಗಳನ್ನು ಪಡೆ ದುಕೊಂಡರು. ಅವರ ಹಿಂದೆ, ಪ್ಯಾಂಥರ್ಸ್ ಮೂರು ಆರಂಭಿಕ ಲೈನ್‌ಬ್ಯಾಕರ್‌ಗಳಲ್ಲಿ ಇಬ್ಬರು ಸಹ ಪ್ರೊ ಬೌಲ್‌ನಲ್ಲಿ ಆಡಲು ಆಯ್ಕೆಯಾದರು: ಥಾಮಸ್ ಡೇವಿಸ್ ಮತ್ತು ಲ್ಯೂಕ್ ಕುವ್ಕ್‌ಲೀ. ಡೇವಿಸ್ 5½ ಸ್ಯಾಕ್‌ಗಳು, ನಾಲ್ಕು ಬಲವಂತದ ಫಂಬಲ್‌ಗಳು ಮತ್ತು ನಾಲ್ಕು ಇಂಟರ್‌ಸೆಪ್ಶನ್‌ಗಳನ್ನು ಸಂಗ್ರಹಿಸಿದರು, ಆದರೆ ಕುವ್ಕ್‌ಲೀ ತಂಡವನ್ನು ಟ್ಯಾಕಲ್‌ಗಳಲ್ಲಿ ಮುನ್ನಡೆಸಿದರು (118) ಎರಡು ಫಂಬಲ್‌ಗಳನ್ನು ಬಲವಂತಪಡಿಸಿದರು ಮತ್ತು ಅವರದ್ದೇ ಆದ ನಾಲ್ಕು ಪಾಸ್‌ಗಳನ್ನು ತಡೆದರು. ಕೆರೊಲಿನಾದ ಸೆಕೆಂಡರಿಯಲ್ಲಿ ಪ್ರೊ ಬೌಲ್ ಸುರಕ್ಷತೆಯಲ್ಲಿ ಕರ್ಟ್ ಕೋಲ್‌ಮನ್ ಅವರು ವೃತ್ತಿಜೀವನದ ಉನ್ನತ ಏಳು ಇಂಟರ್‌ಸೆಪ್ಶನ್‌ಗಳ ಜೊತೆಗೆ ತಂಡವನ್ನು ಮುನ್ನಡೆಸಿದರು, 88 ಟ್ಯಾಕಲ್‌ಗಳನ್ನು ಮತ್ತು ಪ್ರೊ ಬೌಲ್ ಕಾರ್ನರ್‌ಬ್ಯಾಕ್ ಜೋಶ್ ನಾರ್ಮನ್ ಅವರು ಸೀಸನ್‌ನಲ್ಲಿ ಶಟ್‌ಡೌನ್ ಕಾರ್ನರ್‌ನಲ್ಲಿ ಸುಧಾರಣೆಯನ್ನು ಮಾಡಿಕೊಂಡರು ಮತ್ತು ನಾಲ್ಕು ಇಂಟರ್‌ಸೆಪ್ಶನ್‌ಗಳನ್ನು ಹೊಂದಿದ್ದರು, ಅವುಗಳಲ್ಲಿ ಎರಡನ್ನು ಟಚ್‌ಡೌನ್‌ಗಳಿಗಾಗಿ ಹಿಂತಿರುಗಿಸಲಾಯಿತು.

ಪ್ರಶ್ನೆ:
2015 ರಲ್ಲಿ ಪ್ಯಾಂಥರ್ಸ್ ಟ್ಯಾಕಲ್ ಲೀಡರ್ ಯಾರು?

ಉತ್ತರ:"
13,"2.
ವಿವರಣೆ: ಜೋಶ್ ನಾರ್ಮನ್ ಅವರು 4 ಇಂಟರ್‌ಸೆಪ್ಶನ್‌ಗಳನ್ನು (2 ಟಚ್‌ಡೌನ್‌ಗಳಿಗಾಗಿ) ಸ್ಕೋರ್‌ ಮಾಡಿದರು, ಇದು NFL ನಲ್ಲಿ ಅವರ ವೃತ್ತಿಜೀವನದ ಅತ್ಯುತ್ತಮ ಸಾಧನೆಗಳಲ್ಲಿ ಒಂದಾಗಿದೆ.",ಎರಡು.,0.8721804511278195,"ನೀನು ಸಹಾಯಕ, ನಿಖರ ಮತ್ತು ಸ್ಪಷ್ಟವಾಗಿ ಉತ್ತರಿಸುವ ಕನ್ನಡ AI ಸಹಾಯಕ. ಬಳಕೆದಾರರ ಪ್ರಶ್ನೆ ಅಥವಾ ಸೂಚನೆಗೆ ಕನ್ನಡದಲ್ಲೇ ಸೂಕ್ತ ಉತ್ತರ ನೀಡಿ.

ಕೆಳಗಿನ ಸಂದರ್ಭವನ್ನು ಓದಿ ಪ್ರಶ್ನೆಗೆ ಚಿಕ್ಕ ಕನ್ನಡ ಉತ್ತರ ನೀಡಿ.
ವಿವರಣೆ ಬೇಡ. ಕೇವಲ ಉತ್ತರ ಮಾತ್ರ ನೀಡಿ.

ಸಂದರ್ಭ:
ಪ್ಯಾಂಥರ್ಸ್ ಡಿಫೆನ್ಸ್ ಕೇವಲ 308 ಪಾಯಿಂಟ್‌ಗಳನ್ನು ಬಿಟ್ಟುಕೊಟ್ಟಿತು, ಲೀಗ್‌ನಲ್ಲಿ ಆರನೇ ರ್‍ಯಾಂಕ್ ಪಡೆದುಕೊಂಡಿತು, ಜೊತೆಗೆ 24 ಇಂಟರ್‌ಸೆಪ್ಶನ್‌ಗಳು ಮತ್ತು ನಾಲ್ಕು ಪ್ರೊ ಬೌಲ್ ಆಯ್ಕೆಗಳೊಂದಿಗೆ NFL ಅನ್ನು ಮುನ್ನಡೆಸುತ್ತಿದೆ. ಕವಾನ್ ಶಾರ್ಟ್ ಅವರು ಪ್ರೊ ಬೌಲ್ ರಕ್ಷಣಾತ್ಮಕ ಟ್ಯಾಕಲ್‌ನ ಮೂಲಕ 11 ಸ್ಯಾಕ್‌ಗಳನ್ನು ಗಳಿಸಿ ತಂಡವನ್ನು ಮುನ್ನಡೆಸಿದರು, ಆದರೆ ಮೂರು ಫಂಬಲ್‌ಗಳನ್ನು ಬಲವಂತಪಡಿಸಿದರು ಮತ್ತು ಎರಡು ರಿಕವರ್ ಮಾಡಿರು. ಸಹ ಲೈನ್‌ಮ್ಯಾನ್ ಮಾರಿಯೋ ಆ್ಯಡಿಸನ್ ಅವರು 6½ ಸ್ಯಾಕ್‌ಗಳನ್ನು ಸೇರಿಸಿದರು. ಪ್ಯಾಂಥರ್ಸ್ ಲೈನ್‌ನಲ್ಲಿ ಅನುಭವಿ ರಕ್ಷಣಾತ್ಮಕ ಭಾಗದಲ್ಲಿ 5-ಬಾರಿ ಪ್ರೊ ಬೌಲರ್ ಆಗಿದ್ದ ಜೇರೆಡ್ ಅಲೆನ್ ಅವರು ಇದ್ದರು, ಅವರು 136 ರೊಂದಿಗೆ NFL ನ ಸಕ್ರಿಯ ವೃತ್ತಿಜೀವನದ ಸ್ಯಾಕ್ ಲೀಡರ್ ಆಗಿದ್ದರು, ಜೊತೆಗೆ ರಕ್ಷಣಾತ್ಮಕ ಭಾಗದಲ್ಲಿ ಕೋನಿ ಈಲಿ ಅವರು ಕೇವಲ 9 ಪ್ರಾರಂಭಗಳಲ್ಲಿ 5 ಸ್ಯಾಕ್‌ಗಳನ್ನು ಪಡೆ ದುಕೊಂಡರು. ಅವರ ಹಿಂದೆ, ಪ್ಯಾಂಥರ್ಸ್ ಮೂರು ಆರಂಭಿಕ ಲೈನ್‌ಬ್ಯಾಕರ್‌ಗಳಲ್ಲಿ ಇಬ್ಬರು ಸಹ ಪ್ರೊ ಬೌಲ್‌ನಲ್ಲಿ ಆಡಲು ಆಯ್ಕೆಯಾದರು: ಥಾಮಸ್ ಡೇವಿಸ್ ಮತ್ತು ಲ್ಯೂಕ್ ಕುವ್ಕ್‌ಲೀ. ಡೇವಿಸ್ 5½ ಸ್ಯಾಕ್‌ಗಳು, ನಾಲ್ಕು ಬಲವಂತದ ಫಂಬಲ್‌ಗಳು ಮತ್ತು ನಾಲ್ಕು ಇಂಟರ್‌ಸೆಪ್ಶನ್‌ಗಳನ್ನು ಸಂಗ್ರಹಿಸಿದರು, ಆದರೆ ಕುವ್ಕ್‌ಲೀ ತಂಡವನ್ನು ಟ್ಯಾಕಲ್‌ಗಳಲ್ಲಿ ಮುನ್ನಡೆಸಿದರು (118) ಎರಡು ಫಂಬಲ್‌ಗಳನ್ನು ಬಲವಂತಪಡಿಸಿದರು ಮತ್ತು ಅವರದ್ದೇ ಆದ ನಾಲ್ಕು ಪಾಸ್‌ಗಳನ್ನು ತಡೆದರು. ಕೆರೊಲಿನಾದ ಸೆಕೆಂಡರಿಯಲ್ಲಿ ಪ್ರೊ ಬೌಲ್ ಸುರಕ್ಷತೆಯಲ್ಲಿ ಕರ್ಟ್ ಕೋಲ್‌ಮನ್ ಅವರು ವೃತ್ತಿಜೀವನದ ಉನ್ನತ ಏಳು ಇಂಟರ್‌ಸೆಪ್ಶನ್‌ಗಳ ಜೊತೆಗೆ ತಂಡವನ್ನು ಮುನ್ನಡೆಸಿದರು, 88 ಟ್ಯಾಕಲ್‌ಗಳನ್ನು ಮತ್ತು ಪ್ರೊ ಬೌಲ್ ಕಾರ್ನರ್‌ಬ್ಯಾಕ್ ಜೋಶ್ ನಾರ್ಮನ್ ಅವರು ಸೀಸನ್‌ನಲ್ಲಿ ಶಟ್‌ಡೌನ್ ಕಾರ್ನರ್‌ನಲ್ಲಿ ಸುಧಾರಣೆಯನ್ನು ಮಾಡಿಕೊಂಡರು ಮತ್ತು ನಾಲ್ಕು ಇಂಟರ್‌ಸೆಪ್ಶನ್‌ಗಳನ್ನು ಹೊಂದಿದ್ದರು, ಅವುಗಳಲ್ಲಿ ಎರಡನ್ನು ಟಚ್‌ಡೌನ್‌ಗಳಿಗಾಗಿ ಹಿಂತಿರುಗಿಸಲಾಯಿತು.

ಪ್ರಶ್ನೆ:
2015 ರಲ್ಲಿ ಜೋಶ್ ನಾರ್ಮನ್ ಅವರು ಟಚ್‌ಡೌನ್‌ಗಳನ್ನು ಎಷ್ಟು ಇಂಟರ್‌ಸೆಪ್ಶನ್‌ಗಳೊಂದಿಗೆ ಸ್ಕೋರ್ ಮಾಡಿದ್ದಾರೆ?

ಉತ್ತರ:"
14,ರೋಲೋ ಅವರ ತುಕಡಿಗಳು.,ರೋಲೋ,0.9375,"ನೀನು ಸಹಾಯಕ, ನಿಖರ ಮತ್ತು ಸ್ಪಷ್ಟವಾಗಿ ಉತ್ತರಿಸುವ ಕನ್ನಡ AI ಸಹಾಯಕ. ಬಳಕೆದಾರರ ಪ್ರಶ್ನೆ ಅಥವಾ ಸೂಚನೆಗೆ ಕನ್ನಡದಲ್ಲೇ ಸೂಕ್ತ ಉತ್ತರ ನೀಡಿ.

ಕೆಳಗಿನ ಸಂದರ್ಭವನ್ನು ಓದಿ ಪ್ರಶ್ನೆಗೆ ಚಿಕ್ಕ ಕನ್ನಡ ಉತ್ತರ ನೀಡಿ.
ವಿವರಣೆ ಬೇಡ. ಕೇವಲ ಉತ್ತರ ಮಾತ್ರ ನೀಡಿ.

ಸಂದರ್ಭ:
ರೋಲೋ ಅವರ ಆಗಮನದ ಮೊದಲು, ಅದರ ಜನಸಂಖ್ಯೆಯು ಪಿಕಾರ್ಡಿ ಅಥವಾ ಐಲೆ-ಡಿ-ಫ್ರಾನ್ಸ್‌ಗಿಂತ ಭಿನ್ನವಾಗಿರಲಿಲ್ಲ, ಇದನ್ನು ""ಫ್ರಾಂಕಿಶ್"" ಎಂದು ಪರಿಗಣಿಸಲಾಗಿತ್ತು. ಮುಂಚಿನ ವೈಕಿಂಗ್ ವಸಾಹತುಗಾರರು 880 ರ ದಶಕದಲ್ಲಿ ಆಗಮಿಸಲು ಪ್ರಾರಂಭಿಸಿದರು, ಆದರೆ ಪೂರ್ವದಲ್ಲಿ ಲೋ ಸೀನ್ ಕಣಿವೆಯ ಸುತ್ತಲೂ (ರೂಮೋಯಿಸ್ ಮತ್ತು ಪೇಸ್ ಡಿ ಕಾಕ್ಸ್) ವಸಾಹತುಗಳ ನಡುವೆ ಮತ್ತು ಪಶ್ಚಿಮದಲ್ಲಿ ಕೊಟೆಂಟಿನ್ ಪೆನಿನ್ಸುಲಾದಲ್ಲಿ ಕಾಲೋನಿಗಳ ನಡುವೆ ವಿಭಜಿಸಲ್ಪಟ್ಟವು ಮತ್ತು ಸಾಂಪ್ರದಾಯಿಕ ಪಗಿಯಿಂದ ಪ್ರತ್ಯೇಕಿಸಲ್ಪಟ್ಟವು, ಅಲ್ಲಿ ಯಾವುದೇ ವಿದೇಶಿ ವಸಾಹತುಗಾರರಿಲ್ಲದೆ ಜನಸಂಖ್ಯೆಯು ಒಂದೇ ಆಗಿತ್ತು. ನಾರ್ಮಂಡಿ ಮತ್ತು ಅಟ್ಲಾಂಟಿಕ್ ಕರಾವಳಿಯ ಭಾಗಗಳ ಮೇಲೆ ದಾಳಿ ನಡೆಸಿ ಅಂತಿಮವಾಗಿ ನೆಲೆಸಿದ ರೋಲೋ ಅವರ ತುಕಡಿಗಳಲ್ಲಿ ಡೇನ್ಸ್, ನಾರ್ವೇಜಿಯನ್ನರು, ನಾರ್ಸ್–ಗೇಲ್ಸ್, ಓರ್ಕ್ನಿ ವೈಕಿಂಗ್ಸ್, ಪ್ರಾಯಶಃ ಸ್ವೀಡನ್ನರು ಮತ್ತು ನಾರ್ಸ್ ನಿಯಂತ್ರಣದಲ್ಲಿರುವ ಇಂಗ್ಲಿಷ್ ಡೇನ್ಲಾವ್‌ನಿಂದ ಆಂಗ್ಲೋ-ಡೇನ್ಸ್ ಸೇರಿದ್ದಾರೆ.

ಪ್ರಶ್ನೆ:
ಯಾರು ಆಗಮಿಸಿದ ನಂತರ ಮೂಲ ವೈಕಿಂಗ್ ವಸಾಹತುಗಾರರಿಗೆ ಸಾಮಾನ್ಯ ಗುರುತನ್ನು ನೀಡಿದರು?

ಉತ್ತರ:"
15,ಕಂಪ್ಯೂಟೇಶನಲ್ ಕಾಂಪ್ಲೆಕ್ಸಿಟಿ ಥಿಯರಿ (Computational Complexity Theory).,ಕಂಪ್ಯೂಟೇಶನಲ್ ಕಾಂಪ್ಲೆಕ್ಸಿಟಿ ಥಿಯರಿ,0.4838709677419355,"ನೀನು ಸಹಾಯಕ, ನಿಖರ ಮತ್ತು ಸ್ಪಷ್ಟವಾಗಿ ಉತ್ತರಿಸುವ ಕನ್ನಡ AI ಸಹಾಯಕ. ಬಳಕೆದಾರರ ಪ್ರಶ್ನೆ ಅಥವಾ ಸೂಚನೆಗೆ ಕನ್ನಡದಲ್ಲೇ ಸೂಕ್ತ ಉತ್ತರ ನೀಡಿ.

ಕೆಳಗಿನ ಸಂದರ್ಭವನ್ನು ಓದಿ ಪ್ರಶ್ನೆಗೆ ಚಿಕ್ಕ ಕನ್ನಡ ಉತ್ತರ ನೀಡಿ.
ವಿವರಣೆ ಬೇಡ. ಕೇವಲ ಉತ್ತರ ಮಾತ್ರ ನೀಡಿ.

ಸಂದರ್ಭ:
ಕಂಪ್ಯೂಟೇಶನಲ್ ಕಾಂಪ್ಲೆಕ್ಸಿಟಿ ಥಿಯರಿ ಎಂಬುದು ಥಿಯರಿಟಿಕಲ್ ಕಂಪ್ಯೂಟರ್ ಸಯನ್ಸ್‌ನಲ್ಲಿ ಕಂಪ್ಯೂಟೇಶನ್ ಥಿಯರಿಯ ಒಂದು ಶಾಖೆಯಾಗಿದೆ ಮತ್ತು ಕಂಪ್ಯೂಟೇಶನಲ್ ಸಮಸ್ಯೆಗಳ ಅಂತರ್ಗತ ಜಟಿಲತೆಯ ಆಧಾರದ ಮೇಲೆ ಅವುಗಳನ್ನು ವರ್ಗೀಕರಿಸುವ ಹಾಗೂ ಆ ವರ್ಗಗಳನ್ನು ಪರಸ್ಪರ ತಳಕು ಹಾಕುವುದರ ಮೇಲೆ ಗಮನ ಕೇಂದ್ರೀಕರಿಸುತ್ತದೆ. ಕಂಪ್ಯೂಟೇಶನಲ್ ಸಮಸ್ಯೆ ಎಂದರೆ, ತಾತ್ವಿಕವಾಗಿ, ಕಂಪ್ಯೂಟರ್‌ನ ಮೂಲಕ ಬಗೆಹರಿಸಲು ಸಾಧ್ಯವಾಗುವ ಒಂದು ಕಾರ್ಯ ಎಂದು ಅರ್ಥೈಸಿಕೊಳ್ಳಬಹುದು; ಅಂದರೆ, ಆಲ್ಗರಿದಮ್‌ನಂತಹ ಗಣಿತದ ಹಂತಗಳನ್ನು ಯಾಂತ್ರಿಕವಾಗಿ ಅನ್ವಯಿಸುವ ಮೂಲಕ ಸಮಸ್ಯೆಯನ್ನು ಬಗೆಹರಿಸಬಹುದು ಎಂಬುದು ಇದರ ತಾತ್ಪರ್ಯ.

ಪ್ರಶ್ನೆ:
ಥಿಯರಿಟಿಕಲ್ ಕಂಪ್ಯೂಟರ್ ಸಯನ್ಸ್‌ನ ಯಾವ ಶಾಖೆಯು, ಜಟಿಲತೆ ಹಾಗೂ ಸಂಬಂಧದ ವರ್ಗದ ಆಧಾರದ ಮೇಲೆ ಕಂಪ್ಯೂಟೇಶನಲ್ ಸಮಸ್ಯೆಗಳನ್ನು ಸ್ಥೂಲವಾಗಿ ವರ್ಗೀಕರಿಸುವುದಕ್ಕೆ ಸಂಬಂಧಪಟ್ಟಿದೆ?

ಉತ್ತರ:"
16,ಕಂಪ್ಯೂಟೇಶನಲ್ ಕಾಂಪ್ಲೆಕ್ಸಿಟಿ ಥಿಯರಿಯು ಕಂಪ್ಯೂಟೇಶನಲ್ ಸಮಸ್ಯೆಗಳನ್ನು ಇನ್‌ಪುಟ್‌ಗಳ ಸಂಖ್ಯೆ ಮತ್ತು ಸಂಕೀರ್ಣತೆಯ ಆಧಾರದ ಮೇಲೆ ವರ್ಗೀಕರಿಸುತ್ತದೆ.,ಅಂತರ್ಗತ ಜಟಿಲತೆ,0.9734513274336283,"ನೀನು ಸಹಾಯಕ, ನಿಖರ ಮತ್ತು ಸ್ಪಷ್ಟವಾಗಿ ಉತ್ತರಿಸುವ ಕನ್ನಡ AI ಸಹಾಯಕ. ಬಳಕೆದಾರರ ಪ್ರಶ್ನೆ ಅಥವಾ ಸೂಚನೆಗೆ ಕನ್ನಡದಲ್ಲೇ ಸೂಕ್ತ ಉತ್ತರ ನೀಡಿ.

ಕೆಳಗಿನ ಸಂದರ್ಭವನ್ನು ಓದಿ ಪ್ರಶ್ನೆಗೆ ಚಿಕ್ಕ ಕನ್ನಡ ಉತ್ತರ ನೀಡಿ.
ವಿವರಣೆ ಬೇಡ. ಕೇವಲ ಉತ್ತರ ಮಾತ್ರ ನೀಡಿ.

ಸಂದರ್ಭ:
ಕಂಪ್ಯೂಟೇಶನಲ್ ಕಾಂಪ್ಲೆಕ್ಸಿಟಿ ಥಿಯರಿ ಎಂಬುದು ಥಿಯರಿಟಿಕಲ್ ಕಂಪ್ಯೂಟರ್ ಸಯನ್ಸ್‌ನಲ್ಲಿ ಕಂಪ್ಯೂಟೇಶನ್ ಥಿಯರಿಯ ಒಂದು ಶಾಖೆಯಾಗಿದೆ ಮತ್ತು ಕಂಪ್ಯೂಟೇಶನಲ್ ಸಮಸ್ಯೆಗಳ ಅಂತರ್ಗತ ಜಟಿಲತೆಯ ಆಧಾರದ ಮೇಲೆ ಅವುಗಳನ್ನು ವರ್ಗೀಕರಿಸುವ ಹಾಗೂ ಆ ವರ್ಗಗಳನ್ನು ಪರಸ್ಪರ ತಳಕು ಹಾಕುವುದರ ಮೇಲೆ ಗಮನ ಕೇಂದ್ರೀಕರಿಸುತ್ತದೆ. ಕಂಪ್ಯೂಟೇಶನಲ್ ಸಮಸ್ಯೆ ಎಂದರೆ, ತಾತ್ವಿಕವಾಗಿ, ಕಂಪ್ಯೂಟರ್‌ನ ಮೂಲಕ ಬಗೆಹರಿಸಲು ಸಾಧ್ಯವಾಗುವ ಒಂದು ಕಾರ್ಯ ಎಂದು ಅರ್ಥೈಸಿಕೊಳ್ಳಬಹುದು; ಅಂದರೆ, ಆಲ್ಗರಿದಮ್‌ನಂತಹ ಗಣಿತದ ಹಂತಗಳನ್ನು ಯಾಂತ್ರಿಕವಾಗಿ ಅನ್ವಯಿಸುವ ಮೂಲಕ ಸಮಸ್ಯೆಯನ್ನು ಬಗೆಹರಿಸಬಹುದು ಎಂಬುದು ಇದರ ತಾತ್ಪರ್ಯ.

ಪ್ರಶ್ನೆ:
ಕಂಪ್ಯೂಟೇಶನಲ್ ಕಾಂಪ್ಲೆಕ್ಸಿಟಿ ಥಿಯರಿಯನ್ನು ಬಳಸಿಕೊಂಡು ಕಂಪ್ಯೂಟೇಶನಲ್ ಸಮಸ್ಯೆಗಳನ್ನು ಯಾವ ಮುಖ್ಯ ಗುಣಲಕ್ಷಣದ ಪ್ರಕಾರ ವರ್ಗೀಕರಿಸಲಾಗುತ್ತದೆ? 

ಉತ್ತರ:"
17,ಕಂಪ್ಯೂಟೇಶನಲ್ (Computational),ಕಂಪ್ಯೂಟೇಶನಲ್ ಸಮಸ್ಯೆಗಳು,0.4444444444444444,"ನೀನು ಸಹಾಯಕ, ನಿಖರ ಮತ್ತು ಸ್ಪಷ್ಟವಾಗಿ ಉತ್ತರಿಸುವ ಕನ್ನಡ AI ಸಹಾಯಕ. ಬಳಕೆದಾರರ ಪ್ರಶ್ನೆ ಅಥವಾ ಸೂಚನೆಗೆ ಕನ್ನಡದಲ್ಲೇ ಸೂಕ್ತ ಉತ್ತರ ನೀಡಿ.

ಕೆಳಗಿನ ಸಂದರ್ಭವನ್ನು ಓದಿ ಪ್ರಶ್ನೆಗೆ ಚಿಕ್ಕ ಕನ್ನಡ ಉತ್ತರ ನೀಡಿ.
ವಿವರಣೆ ಬೇಡ. ಕೇವಲ ಉತ್ತರ ಮಾತ್ರ ನೀಡಿ.

ಸಂದರ್ಭ:
ಕಂಪ್ಯೂಟೇಶನಲ್ ಕಾಂಪ್ಲೆಕ್ಸಿಟಿ ಥಿಯರಿ ಎಂಬುದು ಥಿಯರಿಟಿಕಲ್ ಕಂಪ್ಯೂಟರ್ ಸಯನ್ಸ್‌ನಲ್ಲಿ ಕಂಪ್ಯೂಟೇಶನ್ ಥಿಯರಿಯ ಒಂದು ಶಾಖೆಯಾಗಿದೆ ಮತ್ತು ಕಂಪ್ಯೂಟೇಶನಲ್ ಸಮಸ್ಯೆಗಳ ಅಂತರ್ಗತ ಜಟಿಲತೆಯ ಆಧಾರದ ಮೇಲೆ ಅವುಗಳನ್ನು ವರ್ಗೀಕರಿಸುವ ಹಾಗೂ ಆ ವರ್ಗಗಳನ್ನು ಪರಸ್ಪರ ತಳಕು ಹಾಕುವುದರ ಮೇಲೆ ಗಮನ ಕೇಂದ್ರೀಕರಿಸುತ್ತದೆ. ಕಂಪ್ಯೂಟೇಶನಲ್ ಸಮಸ್ಯೆ ಎಂದರೆ, ತಾತ್ವಿಕವಾಗಿ, ಕಂಪ್ಯೂಟರ್‌ನ ಮೂಲಕ ಬಗೆಹರಿಸಲು ಸಾಧ್ಯವಾಗುವ ಒಂದು ಕಾರ್ಯ ಎಂದು ಅರ್ಥೈಸಿಕೊಳ್ಳಬಹುದು; ಅಂದರೆ, ಆಲ್ಗರಿದಮ್‌ನಂತಹ ಗಣಿತದ ಹಂತಗಳನ್ನು ಯಾಂತ್ರಿಕವಾಗಿ ಅನ್ವಯಿಸುವ ಮೂಲಕ ಸಮಸ್ಯೆಯನ್ನು ಬಗೆಹರಿಸಬಹುದು ಎಂಬುದು ಇದರ ತಾತ್ಪರ್ಯ.

ಪ್ರಶ್ನೆ:
ಕಂಪ್ಯೂಟರ್ ಮೂಲಕ ಬಗೆಹರಿಸುವುದಕ್ಕಾಗಿ ಸಾಮಾನ್ಯವಾಗಿ ಸೂಕ್ತವಾದ ಕಾರ್ಯವನ್ನು ಹೆಸರಿಸಲು ಬಳಸುವ ಪದ ಯಾವುದು?

ಉತ್ತರ:"
18,1519.,1519,0.0,"ನೀನು ಸಹಾಯಕ, ನಿಖರ ಮತ್ತು ಸ್ಪಷ್ಟವಾಗಿ ಉತ್ತರಿಸುವ ಕನ್ನಡ AI ಸಹಾಯಕ. ಬಳಕೆದಾರರ ಪ್ರಶ್ನೆ ಅಥವಾ ಸೂಚನೆಗೆ ಕನ್ನಡದಲ್ಲೇ ಸೂಕ್ತ ಉತ್ತರ ನೀಡಿ.

ಕೆಳಗಿನ ಸಂದರ್ಭವನ್ನು ಓದಿ ಪ್ರಶ್ನೆಗೆ ಚಿಕ್ಕ ಕನ್ನಡ ಉತ್ತರ ನೀಡಿ.
ವಿವರಣೆ ಬೇಡ. ಕೇವಲ ಉತ್ತರ ಮಾತ್ರ ನೀಡಿ.

ಸಂದರ್ಭ:
ಲೂಥರ್ ಅವರ ಬರವಣಿಗೆಗಳು ವ್ಯಾಪಕವಾಗಿ ಪ್ರಚಾರ ಹೊಂದುತ್ತಾ, 1519 ರಲ್ಲೇ ಫ್ರಾನ್ಸ್, ಇಂಗ್ಲೆಂಡ್ ಹಾಗೂ ಇಟಲಿಯನ್ನು ತಲುಪಿದವು. ಲೂಥರ್ ಅವರ ಮಾತುಗಳನ್ನು ಆಲಿಸಲು ವಿಟ್ಟನ್‌ಬರ್ಗ್‌ನಲ್ಲಿ ವಿದ್ಯಾರ್ಥಿಗಳ ದಂಡೇ ನೆರೆಯುತ್ತಿತ್ತು. ಲೂಥರ್ ಅವರು, ಗಲಾತ್ಯದವರಿಗೆ ಪತ್ರಿಕೆ ಎಂಬ ಪುಸ್ತಕದ ಕುರಿತಾದ ಒಂದು ಕಿರು ಟಿಪ್ಪಣಿ ಹಾಗೂ ಕೀರ್ತನೆಗಳ ಕುರಿತಾದ ತನ್ನ ಕೃತಿಯನ್ನು ಪ್ರಕಟಿಸಿದರು. ಲೂಥರ್ ಅವರ ವೃತ್ತಿಜೀವನದ ಈ ಆರಂಭಿಕ ಭಾಗವು ಅತ್ಯಂತ ಸೃಜನಾತ್ಮಕ ಹಾಗೂ ಫಲಪ್ರದವಾಗಿತ್ತು. 1520 ರಲ್ಲಿ, ಅವರ ಮೂರು ಜನಪ್ರಿಯ ಕೃತಿಗಳು ಪ್ರಕಟವಾದವು: ಟು ದ ಕ್ರಿಶ್ಚಿಯನ್ ನೊಬಿಲಿಟಿ ಆಫ್ ದ ಜರ್ಮನ್ ನೇಶನ್, ಆನ್ ದ ಬ್ಯಾಬಿಲೋನಿಯನ್ ಕ್ಯಾಪ್ಟಿವಿಟಿ ಆಫ್ ದ ಚರ್ಚ್ ಮತ್ತು ಆನ್ ದ ಫ್ರೀಡಮ್ ಆಫ್ ಎ ಕ್ರಿಶ್ಚಿಯನ್.

ಪ್ರಶ್ನೆ:
ಲೂಥರ್ ಅವರ ಬರವಣಿಗೆಗಳು ಯಾವಾಗ ಫ್ರಾನ್ಸ್, ಇಂಗ್ಲೆಂಡ್ ಹಾಗೂ ಇಟಲಿಗೆ ಹಬ್ಬಿದವು?

ಉತ್ತರ:"
19,ವಿದ್ಯಾರ್ಥಿಗಳು.,ವಿದ್ಯಾರ್ಥಿಗಳು,0.9285714285714286,"ನೀನು ಸಹಾಯಕ, ನಿಖರ ಮತ್ತು ಸ್ಪಷ್ಟವಾಗಿ ಉತ್ತರಿಸುವ ಕನ್ನಡ AI ಸಹಾಯಕ. ಬಳಕೆದಾರರ ಪ್ರಶ್ನೆ ಅಥವಾ ಸೂಚನೆಗೆ ಕನ್ನಡದಲ್ಲೇ ಸೂಕ್ತ ಉತ್ತರ ನೀಡಿ.

ಕೆಳಗಿನ ಸಂದರ್ಭವನ್ನು ಓದಿ ಪ್ರಶ್ನೆಗೆ ಚಿಕ್ಕ ಕನ್ನಡ ಉತ್ತರ ನೀಡಿ.
ವಿವರಣೆ ಬೇಡ. ಕೇವಲ ಉತ್ತರ ಮಾತ್ರ ನೀಡಿ.

ಸಂದರ್ಭ:
ಲೂಥರ್ ಅವರ ಬರವಣಿಗೆಗಳು ವ್ಯಾಪಕವಾಗಿ ಪ್ರಚಾರ ಹೊಂದುತ್ತಾ, 1519 ರಲ್ಲೇ ಫ್ರಾನ್ಸ್, ಇಂಗ್ಲೆಂಡ್ ಹಾಗೂ ಇಟಲಿಯನ್ನು ತಲುಪಿದವು. ಲೂಥರ್ ಅವರ ಮಾತುಗಳನ್ನು ಆಲಿಸಲು ವಿಟ್ಟನ್‌ಬರ್ಗ್‌ನಲ್ಲಿ ವಿದ್ಯಾರ್ಥಿಗಳ ದಂಡೇ ನೆರೆಯುತ್ತಿತ್ತು. ಲೂಥರ್ ಅವರು, ಗಲಾತ್ಯದವರಿಗೆ ಪತ್ರಿಕೆ ಎಂಬ ಪುಸ್ತಕದ ಕುರಿತಾದ ಒಂದು ಕಿರು ಟಿಪ್ಪಣಿ ಹಾಗೂ ಕೀರ್ತನೆಗಳ ಕುರಿತಾದ ತನ್ನ ಕೃತಿಯನ್ನು ಪ್ರಕಟಿಸಿದರು. ಲೂಥರ್ ಅವರ ವೃತ್ತಿಜೀವನದ ಈ ಆರಂಭಿಕ ಭಾಗವು ಅತ್ಯಂತ ಸೃಜನಾತ್ಮಕ ಹಾಗೂ ಫಲಪ್ರದವಾಗಿತ್ತು. 1520 ರಲ್ಲಿ, ಅವರ ಮೂರು ಜನಪ್ರಿಯ ಕೃತಿಗಳು ಪ್ರಕಟವಾದವು: ಟು ದ ಕ್ರಿಶ್ಚಿಯನ್ ನೊಬಿಲಿಟಿ ಆಫ್ ದ ಜರ್ಮನ್ ನೇಶನ್, ಆನ್ ದ ಬ್ಯಾಬಿಲೋನಿಯನ್ ಕ್ಯಾಪ್ಟಿವಿಟಿ ಆಫ್ ದ ಚರ್ಚ್ ಮತ್ತು ಆನ್ ದ ಫ್ರೀಡಮ್ ಆಫ್ ಎ ಕ್ರಿಶ್ಚಿಯನ್.

ಪ್ರಶ್ನೆ:
ಲೂಥರ್ ಅವರ ಮಾತುಗಳನ್ನು ಆಲಿಸಲು ವಿಟ್ಟನ್‌ಬರ್ಗ್‌ಗೆ ಯಾರು ಹೋದರು?

ಉತ್ತರ:"
20,1520 ರ ಆರಂಭಿಕ ಭಾಗ.,ಆರಂಭಿಕ,0.6666666666666666,"ನೀನು ಸಹಾಯಕ, ನಿಖರ ಮತ್ತು ಸ್ಪಷ್ಟವಾಗಿ ಉತ್ತರಿಸುವ ಕನ್ನಡ AI ಸಹಾಯಕ. ಬಳಕೆದಾರರ ಪ್ರಶ್ನೆ ಅಥವಾ ಸೂಚನೆಗೆ ಕನ್ನಡದಲ್ಲೇ ಸೂಕ್ತ ಉತ್ತರ ನೀಡಿ.

ಕೆಳಗಿನ ಸಂದರ್ಭವನ್ನು ಓದಿ ಪ್ರಶ್ನೆಗೆ ಚಿಕ್ಕ ಕನ್ನಡ ಉತ್ತರ ನೀಡಿ.
ವಿವರಣೆ ಬೇಡ. ಕೇವಲ ಉತ್ತರ ಮಾತ್ರ ನೀಡಿ.

ಸಂದರ್ಭ:
ಲೂಥರ್ ಅವರ ಬರವಣಿಗೆಗಳು ವ್ಯಾಪಕವಾಗಿ ಪ್ರಚಾರ ಹೊಂದುತ್ತಾ, 1519 ರಲ್ಲೇ ಫ್ರಾನ್ಸ್, ಇಂಗ್ಲೆಂಡ್ ಹಾಗೂ ಇಟಲಿಯನ್ನು ತಲುಪಿದವು. ಲೂಥರ್ ಅವರ ಮಾತುಗಳನ್ನು ಆಲಿಸಲು ವಿಟ್ಟನ್‌ಬರ್ಗ್‌ನಲ್ಲಿ ವಿದ್ಯಾರ್ಥಿಗಳ ದಂಡೇ ನೆರೆಯುತ್ತಿತ್ತು. ಲೂಥರ್ ಅವರು, ಗಲಾತ್ಯದವರಿಗೆ ಪತ್ರಿಕೆ ಎಂಬ ಪುಸ್ತಕದ ಕುರಿತಾದ ಒಂದು ಕಿರು ಟಿಪ್ಪಣಿ ಹಾಗೂ ಕೀರ್ತನೆಗಳ ಕುರಿತಾದ ತನ್ನ ಕೃತಿಯನ್ನು ಪ್ರಕಟಿಸಿದರು. ಲೂಥರ್ ಅವರ ವೃತ್ತಿಜೀವನದ ಈ ಆರಂಭಿಕ ಭಾಗವು ಅತ್ಯಂತ ಸೃಜನಾತ್ಮಕ ಹಾಗೂ ಫಲಪ್ರದವಾಗಿತ್ತು. 1520 ರಲ್ಲಿ, ಅವರ ಮೂರು ಜನಪ್ರಿಯ ಕೃತಿಗಳು ಪ್ರಕಟವಾದವು: ಟು ದ ಕ್ರಿಶ್ಚಿಯನ್ ನೊಬಿಲಿಟಿ ಆಫ್ ದ ಜರ್ಮನ್ ನೇಶನ್, ಆನ್ ದ ಬ್ಯಾಬಿಲೋನಿಯನ್ ಕ್ಯಾಪ್ಟಿವಿಟಿ ಆಫ್ ದ ಚರ್ಚ್ ಮತ್ತು ಆನ್ ದ ಫ್ರೀಡಮ್ ಆಫ್ ಎ ಕ್ರಿಶ್ಚಿಯನ್.

ಪ್ರಶ್ನೆ:
ಲೂಥರ್ ಅವರ ವೃತ್ತಿಜೀವನದ ಯಾವ ಭಾಗವು ಅತ್ಯಂತ ಫಲಪ್ರದವಾಗಿತ್ತು?

ಉತ್ತರ:"
21,1520.,1520,0.0,"ನೀನು ಸಹಾಯಕ, ನಿಖರ ಮತ್ತು ಸ್ಪಷ್ಟವಾಗಿ ಉತ್ತರಿಸುವ ಕನ್ನಡ AI ಸಹಾಯಕ. ಬಳಕೆದಾರರ ಪ್ರಶ್ನೆ ಅಥವಾ ಸೂಚನೆಗೆ ಕನ್ನಡದಲ್ಲೇ ಸೂಕ್ತ ಉತ್ತರ ನೀಡಿ.

ಕೆಳಗಿನ ಸಂದರ್ಭವನ್ನು ಓದಿ ಪ್ರಶ್ನೆಗೆ ಚಿಕ್ಕ ಕನ್ನಡ ಉತ್ತರ ನೀಡಿ.
ವಿವರಣೆ ಬೇಡ. ಕೇವಲ ಉತ್ತರ ಮಾತ್ರ ನೀಡಿ.

ಸಂದರ್ಭ:
ಲೂಥರ್ ಅವರ ಬರವಣಿಗೆಗಳು ವ್ಯಾಪಕವಾಗಿ ಪ್ರಚಾರ ಹೊಂದುತ್ತಾ, 1519 ರಲ್ಲೇ ಫ್ರಾನ್ಸ್, ಇಂಗ್ಲೆಂಡ್ ಹಾಗೂ ಇಟಲಿಯನ್ನು ತಲುಪಿದವು. ಲೂಥರ್ ಅವರ ಮಾತುಗಳನ್ನು ಆಲಿಸಲು ವಿಟ್ಟನ್‌ಬರ್ಗ್‌ನಲ್ಲಿ ವಿದ್ಯಾರ್ಥಿಗಳ ದಂಡೇ ನೆರೆಯುತ್ತಿತ್ತು. ಲೂಥರ್ ಅವರು, ಗಲಾತ್ಯದವರಿಗೆ ಪತ್ರಿಕೆ ಎಂಬ ಪುಸ್ತಕದ ಕುರಿತಾದ ಒಂದು ಕಿರು ಟಿಪ್ಪಣಿ ಹಾಗೂ ಕೀರ್ತನೆಗಳ ಕುರಿತಾದ ತನ್ನ ಕೃತಿಯನ್ನು ಪ್ರಕಟಿಸಿದರು. ಲೂಥರ್ ಅವರ ವೃತ್ತಿಜೀವನದ ಈ ಆರಂಭಿಕ ಭಾಗವು ಅತ್ಯಂತ ಸೃಜನಾತ್ಮಕ ಹಾಗೂ ಫಲಪ್ರದವಾಗಿತ್ತು. 1520 ರಲ್ಲಿ, ಅವರ ಮೂರು ಜನಪ್ರಿಯ ಕೃತಿಗಳು ಪ್ರಕಟವಾದವು: ಟು ದ ಕ್ರಿಶ್ಚಿಯನ್ ನೊಬಿಲಿಟಿ ಆಫ್ ದ ಜರ್ಮನ್ ನೇಶನ್, ಆನ್ ದ ಬ್ಯಾಬಿಲೋನಿಯನ್ ಕ್ಯಾಪ್ಟಿವಿಟಿ ಆಫ್ ದ ಚರ್ಚ್ ಮತ್ತು ಆನ್ ದ ಫ್ರೀಡಮ್ ಆಫ್ ಎ ಕ್ರಿಶ್ಚಿಯನ್.

ಪ್ರಶ್ನೆ:
ಲೂಥರ್ ಅವರ ಕೆಲವೊಂದು ಜನಪ್ರಿಯ ಕೃತಿಗಳು ಯಾವಾಗ ಪ್ರಕಟವಾದವು?

ಉತ್ತರ:"
22,ಆನ್ ದ ಫ್ರೀಡಮ್ ಆಫ್ ಎ ಕ್ರಿಶ್ಚಿಯನ್ (The Freedom of a Christian).,ಆನ್ ದ ಫ್ರೀಡಮ್ ಆಫ್ ಎ ಕ್ರಿಶ್ಚಿಯನ್,0.5098039215686274,"ನೀನು ಸಹಾಯಕ, ನಿಖರ ಮತ್ತು ಸ್ಪಷ್ಟವಾಗಿ ಉತ್ತರಿಸುವ ಕನ್ನಡ AI ಸಹಾಯಕ. ಬಳಕೆದಾರರ ಪ್ರಶ್ನೆ ಅಥವಾ ಸೂಚನೆಗೆ ಕನ್ನಡದಲ್ಲೇ ಸೂಕ್ತ ಉತ್ತರ ನೀಡಿ.

ಕೆಳಗಿನ ಸಂದರ್ಭವನ್ನು ಓದಿ ಪ್ರಶ್ನೆಗೆ ಚಿಕ್ಕ ಕನ್ನಡ ಉತ್ತರ ನೀಡಿ.
ವಿವರಣೆ ಬೇಡ. ಕೇವಲ ಉತ್ತರ ಮಾತ್ರ ನೀಡಿ.

ಸಂದರ್ಭ:
ಲೂಥರ್ ಅವರ ಬರವಣಿಗೆಗಳು ವ್ಯಾಪಕವಾಗಿ ಪ್ರಚಾರ ಹೊಂದುತ್ತಾ, 1519 ರಲ್ಲೇ ಫ್ರಾನ್ಸ್, ಇಂಗ್ಲೆಂಡ್ ಹಾಗೂ ಇಟಲಿಯನ್ನು ತಲುಪಿದವು. ಲೂಥರ್ ಅವರ ಮಾತುಗಳನ್ನು ಆಲಿಸಲು ವಿಟ್ಟನ್‌ಬರ್ಗ್‌ನಲ್ಲಿ ವಿದ್ಯಾರ್ಥಿಗಳ ದಂಡೇ ನೆರೆಯುತ್ತಿತ್ತು. ಲೂಥರ್ ಅವರು, ಗಲಾತ್ಯದವರಿಗೆ ಪತ್ರಿಕೆ ಎಂಬ ಪುಸ್ತಕದ ಕುರಿತಾದ ಒಂದು ಕಿರು ಟಿಪ್ಪಣಿ ಹಾಗೂ ಕೀರ್ತನೆಗಳ ಕುರಿತಾದ ತನ್ನ ಕೃತಿಯನ್ನು ಪ್ರಕಟಿಸಿದರು. ಲೂಥರ್ ಅವರ ವೃತ್ತಿಜೀವನದ ಈ ಆರಂಭಿಕ ಭಾಗವು ಅತ್ಯಂತ ಸೃಜನಾತ್ಮಕ ಹಾಗೂ ಫಲಪ್ರದವಾಗಿತ್ತು. 1520 ರಲ್ಲಿ, ಅವರ ಮೂರು ಜನಪ್ರಿಯ ಕೃತಿಗಳು ಪ್ರಕಟವಾದವು: ಟು ದ ಕ್ರಿಶ್ಚಿಯನ್ ನೊಬಿಲಿಟಿ ಆಫ್ ದ ಜರ್ಮನ್ ನೇಶನ್, ಆನ್ ದ ಬ್ಯಾಬಿಲೋನಿಯನ್ ಕ್ಯಾಪ್ಟಿವಿಟಿ ಆಫ್ ದ ಚರ್ಚ್ ಮತ್ತು ಆನ್ ದ ಫ್ರೀಡಮ್ ಆಫ್ ಎ ಕ್ರಿಶ್ಚಿಯನ್.

ಪ್ರಶ್ನೆ:
ಟು ದ ಕ್ರಿಶ್ಚಿಯನ್ ನೊಬಿಲಿಟಿ ಆಫ್ ದ ಜರ್ಮನ್ ನೇಶನ್ ಹಾಗೂ ಆನ್ ದ ಬ್ಯಾಬಿಲೋನಿಯನ್ ಕ್ಯಾಪ್ಟಿವಿಟಿ ಆಫ್ ದ ಚರ್ಚ್‌ನ ಹೊರತಾಗಿ, ಲೂಥರ್ ಅವರು 1520 ರಲ್ಲಿ ಬೇರೆ ಯಾವ ಕೃತಿಯನ್ನು ಹೊರತಂದರು?

ಉತ್ತರ:"
23,MPEG-2,DVB-ಅನುವರ್ತನೀಯವಾದ MPEG-2,0.0,"ನೀನು ಸಹಾಯಕ, ನಿಖರ ಮತ್ತು ಸ್ಪಷ್ಟವಾಗಿ ಉತ್ತರಿಸುವ ಕನ್ನಡ AI ಸಹಾಯಕ. ಬಳಕೆದಾರರ ಪ್ರಶ್ನೆ ಅಥವಾ ಸೂಚನೆಗೆ ಕನ್ನಡದಲ್ಲೇ ಸೂಕ್ತ ಉತ್ತರ ನೀಡಿ.

ಕೆಳಗಿನ ಸಂದರ್ಭವನ್ನು ಓದಿ ಪ್ರಶ್ನೆಗೆ ಚಿಕ್ಕ ಕನ್ನಡ ಉತ್ತರ ನೀಡಿ.
ವಿವರಣೆ ಬೇಡ. ಕೇವಲ ಉತ್ತರ ಮಾತ್ರ ನೀಡಿ.

ಸಂದರ್ಭ:
BSkyB ಯ ಸ್ಟ್ಯಾಂಡರ್ಡ್ ಡೆಫಿನಿಶನ್ ಪ್ರಸಾರಗಳು DVB-ಅನುವರ್ತನೀಯವಾದ MPEG-2 ಫಾರ್ಮ್ಯಾಟ್‌ನಲ್ಲಿವೆ ಮತ್ತು ಸ್ಕೈ ಮೂವೀಸ್ ಹಾಗೂ ಸ್ಕೈ ಬಾಕ್ಸ್ ಆಫೀಸ್ ಚಾನಲ್‌ಗಳನ್ನು ಹೊಂದಿವೆ ಮಾತ್ರವಲ್ಲದೆ ಐಚ್ಛಿಕವಾಗಿ, ಇತ್ತೀಚಿನ ಚಲನಚಿತ್ರಗಳ ಡಾಲ್ಬಿ ಡಿಜಿಟಲ್ ಸೌಂಡ್‌ಟ್ರ್ಯಾಕ್‌ಗಳನ್ನು ಹೊಂದಿವೆ, ಆದರೆ ಇವುಗಳಿಗೆ ಪ್ರವೇಶ ಪಡೆಯಲು ಸ್ಕೈ+ ಬಾಕ್ಸ್ ಅಗತ್ಯವಿದೆ. ಸ್ಕೈ+ HD ಸಾಮಗ್ರಿಯನ್ನು MPEG-4 ಬಳಸಿ ಪ್ರಸಾರ ಮಾಡಲಾಗುತ್ತದೆ ಮತ್ತು ಬಹುತೇಕ HD ಸಾಮಗ್ರಿಯು DVB-S2 ಸ್ಟ್ಯಾಂಡರ್ಡ್ ಅನ್ನು ಬಳಸುತ್ತದೆ. ಇಂಟರ‍್ಯಾಕ್ಟಿವ್ ಸೇವೆಗಳು ಮತ್ತು 7-ದಿನಗಳ EPG ಯು, ಸೆಟ್ ಟಾಪ್ ಬಾಕ್ಸ್‌ಗಳ ಜೊತೆಗೆ ರಿಟರ್ನ್ ಪಾಥ್‌ಗಾಗಿ ಮಾಡೆಮ್‌ಗಳು ಸೇರಿದಂತೆ ಪ್ರೊಪ್ರೈಟರಿ OpenTV ಸಿಸ್ಟಂ ಅನ್ನು ಬಳಸುತ್ತವೆ. ಇತರ ಚಾನಲ್‌ಗಳೊಂದಿಗೆ ಸ್ಕೈ ನ್ಯೂಸ್, ಲೂಪ್ ಆಗುವ ವೀಡಿಯೊ ಸ್ಟ್ರೀಮ್‌ಗಳನ್ನು ಪ್ರಸಾರ ಮಾಡುವ ಮೂಲಕ ಕೃತಕವಾದ ಬೇಡಿಕೆಯ ಮೇರೆಗೆ ವೀಡಿಯೊ ಇಂಟರ‍್ಯಾಕ್ಟಿವ್ ಸೇವೆಯನ್ನು ಒದಗಿಸುತ್ತದೆ.

ಪ್ರಶ್ನೆ:
BSkyB ಯ ಸ್ಟ್ಯಾಂಡರ್ಡ್ ಡೆಫಿನಿಶನ್ ಪ್ರಸಾರಗಳು ಯಾವುದರೊಂದಿಗೆ ಅನುವರ್ತನೀಯವಾಗಿವೆ?

ಉತ್ತರ:"
24,ಇತ್ತೀಚಿನ ಚಲನಚಿತ್ರಗಳ ಡಾಲ್ಬಿ ಡಿಜಿಟಲ್ ಸೌಂಡ್‌ಟ್ರ್ಯಾಕ್‌ಗಳು.,ಡಾಲ್ಬಿ ಡಿಜಿಟಲ್,0.94,"ನೀನು ಸಹಾಯಕ, ನಿಖರ ಮತ್ತು ಸ್ಪಷ್ಟವಾಗಿ ಉತ್ತರಿಸುವ ಕನ್ನಡ AI ಸಹಾಯಕ. ಬಳಕೆದಾರರ ಪ್ರಶ್ನೆ ಅಥವಾ ಸೂಚನೆಗೆ ಕನ್ನಡದಲ್ಲೇ ಸೂಕ್ತ ಉತ್ತರ ನೀಡಿ.

ಕೆಳಗಿನ ಸಂದರ್ಭವನ್ನು ಓದಿ ಪ್ರಶ್ನೆಗೆ ಚಿಕ್ಕ ಕನ್ನಡ ಉತ್ತರ ನೀಡಿ.
ವಿವರಣೆ ಬೇಡ. ಕೇವಲ ಉತ್ತರ ಮಾತ್ರ ನೀಡಿ.

ಸಂದರ್ಭ:
BSkyB ಯ ಸ್ಟ್ಯಾಂಡರ್ಡ್ ಡೆಫಿನಿಶನ್ ಪ್ರಸಾರಗಳು DVB-ಅನುವರ್ತನೀಯವಾದ MPEG-2 ಫಾರ್ಮ್ಯಾಟ್‌ನಲ್ಲಿವೆ ಮತ್ತು ಸ್ಕೈ ಮೂವೀಸ್ ಹಾಗೂ ಸ್ಕೈ ಬಾಕ್ಸ್ ಆಫೀಸ್ ಚಾನಲ್‌ಗಳನ್ನು ಹೊಂದಿವೆ ಮಾತ್ರವಲ್ಲದೆ ಐಚ್ಛಿಕವಾಗಿ, ಇತ್ತೀಚಿನ ಚಲನಚಿತ್ರಗಳ ಡಾಲ್ಬಿ ಡಿಜಿಟಲ್ ಸೌಂಡ್‌ಟ್ರ್ಯಾಕ್‌ಗಳನ್ನು ಹೊಂದಿವೆ, ಆದರೆ ಇವುಗಳಿಗೆ ಪ್ರವೇಶ ಪಡೆಯಲು ಸ್ಕೈ+ ಬಾಕ್ಸ್ ಅಗತ್ಯವಿದೆ. ಸ್ಕೈ+ HD ಸಾಮಗ್ರಿಯನ್ನು MPEG-4 ಬಳಸಿ ಪ್ರಸಾರ ಮಾಡಲಾಗುತ್ತದೆ ಮತ್ತು ಬಹುತೇಕ HD ಸಾಮಗ್ರಿಯು DVB-S2 ಸ್ಟ್ಯಾಂಡರ್ಡ್ ಅನ್ನು ಬಳಸುತ್ತದೆ. ಇಂಟರ‍್ಯಾಕ್ಟಿವ್ ಸೇವೆಗಳು ಮತ್ತು 7-ದಿನಗಳ EPG ಯು, ಸೆಟ್ ಟಾಪ್ ಬಾಕ್ಸ್‌ಗಳ ಜೊತೆಗೆ ರಿಟರ್ನ್ ಪಾಥ್‌ಗಾಗಿ ಮಾಡೆಮ್‌ಗಳು ಸೇರಿದಂತೆ ಪ್ರೊಪ್ರೈಟರಿ OpenTV ಸಿಸ್ಟಂ ಅನ್ನು ಬಳಸುತ್ತವೆ. ಇತರ ಚಾನಲ್‌ಗಳೊಂದಿಗೆ ಸ್ಕೈ ನ್ಯೂಸ್, ಲೂಪ್ ಆಗುವ ವೀಡಿಯೊ ಸ್ಟ್ರೀಮ್‌ಗಳನ್ನು ಪ್ರಸಾರ ಮಾಡುವ ಮೂಲಕ ಕೃತಕವಾದ ಬೇಡಿಕೆಯ ಮೇರೆಗೆ ವೀಡಿಯೊ ಇಂಟರ‍್ಯಾಕ್ಟಿವ್ ಸೇವೆಯನ್ನು ಒದಗಿಸುತ್ತದೆ.

ಪ್ರಶ್ನೆ:
ಸ್ಕೈ ಮೂವೀಸ್ ಹಾಗೂ ಸ್ಕೈ ಬಾಕ್ಸ್ ಆಫೀಸ್, ಯಾವ ಐಚ್ಛಿಕ ಸೌಂಡ್‌ಟ್ರ್ಯಾಕ್‌ಗಳನ್ನು ಸಹ ಹೊಂದಿವೆ?

ಉತ್ತರ:"
25,MPEG-4.,MPEG-4,0.0,"ನೀನು ಸಹಾಯಕ, ನಿಖರ ಮತ್ತು ಸ್ಪಷ್ಟವಾಗಿ ಉತ್ತರಿಸುವ ಕನ್ನಡ AI ಸಹಾಯಕ. ಬಳಕೆದಾರರ ಪ್ರಶ್ನೆ ಅಥವಾ ಸೂಚನೆಗೆ ಕನ್ನಡದಲ್ಲೇ ಸೂಕ್ತ ಉತ್ತರ ನೀಡಿ.

ಕೆಳಗಿನ ಸಂದರ್ಭವನ್ನು ಓದಿ ಪ್ರಶ್ನೆಗೆ ಚಿಕ್ಕ ಕನ್ನಡ ಉತ್ತರ ನೀಡಿ.
ವಿವರಣೆ ಬೇಡ. ಕೇವಲ ಉತ್ತರ ಮಾತ್ರ ನೀಡಿ.

ಸಂದರ್ಭ:
BSkyB ಯ ಸ್ಟ್ಯಾಂಡರ್ಡ್ ಡೆಫಿನಿಶನ್ ಪ್ರಸಾರಗಳು DVB-ಅನುವರ್ತನೀಯವಾದ MPEG-2 ಫಾರ್ಮ್ಯಾಟ್‌ನಲ್ಲಿವೆ ಮತ್ತು ಸ್ಕೈ ಮೂವೀಸ್ ಹಾಗೂ ಸ್ಕೈ ಬಾಕ್ಸ್ ಆಫೀಸ್ ಚಾನಲ್‌ಗಳನ್ನು ಹೊಂದಿವೆ ಮಾತ್ರವಲ್ಲದೆ ಐಚ್ಛಿಕವಾಗಿ, ಇತ್ತೀಚಿನ ಚಲನಚಿತ್ರಗಳ ಡಾಲ್ಬಿ ಡಿಜಿಟಲ್ ಸೌಂಡ್‌ಟ್ರ್ಯಾಕ್‌ಗಳನ್ನು ಹೊಂದಿವೆ, ಆದರೆ ಇವುಗಳಿಗೆ ಪ್ರವೇಶ ಪಡೆಯಲು ಸ್ಕೈ+ ಬಾಕ್ಸ್ ಅಗತ್ಯವಿದೆ. ಸ್ಕೈ+ HD ಸಾಮಗ್ರಿಯನ್ನು MPEG-4 ಬಳಸಿ ಪ್ರಸಾರ ಮಾಡಲಾಗುತ್ತದೆ ಮತ್ತು ಬಹುತೇಕ HD ಸಾಮಗ್ರಿಯು DVB-S2 ಸ್ಟ್ಯಾಂಡರ್ಡ್ ಅನ್ನು ಬಳಸುತ್ತದೆ. ಇಂಟರ‍್ಯಾಕ್ಟಿವ್ ಸೇವೆಗಳು ಮತ್ತು 7-ದಿನಗಳ EPG ಯು, ಸೆಟ್ ಟಾಪ್ ಬಾಕ್ಸ್‌ಗಳ ಜೊತೆಗೆ ರಿಟರ್ನ್ ಪಾಥ್‌ಗಾಗಿ ಮಾಡೆಮ್‌ಗಳು ಸೇರಿದಂತೆ ಪ್ರೊಪ್ರೈಟರಿ OpenTV ಸಿಸ್ಟಂ ಅನ್ನು ಬಳಸುತ್ತವೆ. ಇತರ ಚಾನಲ್‌ಗಳೊಂದಿಗೆ ಸ್ಕೈ ನ್ಯೂಸ್, ಲೂಪ್ ಆಗುವ ವೀಡಿಯೊ ಸ್ಟ್ರೀಮ್‌ಗಳನ್ನು ಪ್ರಸಾರ ಮಾಡುವ ಮೂಲಕ ಕೃತಕವಾದ ಬೇಡಿಕೆಯ ಮೇರೆಗೆ ವೀಡಿಯೊ ಇಂಟರ‍್ಯಾಕ್ಟಿವ್ ಸೇವೆಯನ್ನು ಒದಗಿಸುತ್ತದೆ.

ಪ್ರಶ್ನೆ:
ಸ್ಕೈ+ HD ಸಾಮಗ್ರಿಯನ್ನು ಪ್ರಸಾರ ಮಾಡಲು ಏನನ್ನು ಬಳಸಲಾಗುತ್ತದೆ?

ಉತ್ತರ:"
26,OpenTV.,OpenTV,0.0,"ನೀನು ಸಹಾಯಕ, ನಿಖರ ಮತ್ತು ಸ್ಪಷ್ಟವಾಗಿ ಉತ್ತರಿಸುವ ಕನ್ನಡ AI ಸಹಾಯಕ. ಬಳಕೆದಾರರ ಪ್ರಶ್ನೆ ಅಥವಾ ಸೂಚನೆಗೆ ಕನ್ನಡದಲ್ಲೇ ಸೂಕ್ತ ಉತ್ತರ ನೀಡಿ.

ಕೆಳಗಿನ ಸಂದರ್ಭವನ್ನು ಓದಿ ಪ್ರಶ್ನೆಗೆ ಚಿಕ್ಕ ಕನ್ನಡ ಉತ್ತರ ನೀಡಿ.
ವಿವರಣೆ ಬೇಡ. ಕೇವಲ ಉತ್ತರ ಮಾತ್ರ ನೀಡಿ.

ಸಂದರ್ಭ:
BSkyB ಯ ಸ್ಟ್ಯಾಂಡರ್ಡ್ ಡೆಫಿನಿಶನ್ ಪ್ರಸಾರಗಳು DVB-ಅನುವರ್ತನೀಯವಾದ MPEG-2 ಫಾರ್ಮ್ಯಾಟ್‌ನಲ್ಲಿವೆ ಮತ್ತು ಸ್ಕೈ ಮೂವೀಸ್ ಹಾಗೂ ಸ್ಕೈ ಬಾಕ್ಸ್ ಆಫೀಸ್ ಚಾನಲ್‌ಗಳನ್ನು ಹೊಂದಿವೆ ಮಾತ್ರವಲ್ಲದೆ ಐಚ್ಛಿಕವಾಗಿ, ಇತ್ತೀಚಿನ ಚಲನಚಿತ್ರಗಳ ಡಾಲ್ಬಿ ಡಿಜಿಟಲ್ ಸೌಂಡ್‌ಟ್ರ್ಯಾಕ್‌ಗಳನ್ನು ಹೊಂದಿವೆ, ಆದರೆ ಇವುಗಳಿಗೆ ಪ್ರವೇಶ ಪಡೆಯಲು ಸ್ಕೈ+ ಬಾಕ್ಸ್ ಅಗತ್ಯವಿದೆ. ಸ್ಕೈ+ HD ಸಾಮಗ್ರಿಯನ್ನು MPEG-4 ಬಳಸಿ ಪ್ರಸಾರ ಮಾಡಲಾಗುತ್ತದೆ ಮತ್ತು ಬಹುತೇಕ HD ಸಾಮಗ್ರಿಯು DVB-S2 ಸ್ಟ್ಯಾಂಡರ್ಡ್ ಅನ್ನು ಬಳಸುತ್ತದೆ. ಇಂಟರ‍್ಯಾಕ್ಟಿವ್ ಸೇವೆಗಳು ಮತ್ತು 7-ದಿನಗಳ EPG ಯು, ಸೆಟ್ ಟಾಪ್ ಬಾಕ್ಸ್‌ಗಳ ಜೊತೆಗೆ ರಿಟರ್ನ್ ಪಾಥ್‌ಗಾಗಿ ಮಾಡೆಮ್‌ಗಳು ಸೇರಿದಂತೆ ಪ್ರೊಪ್ರೈಟರಿ OpenTV ಸಿಸ್ಟಂ ಅನ್ನು ಬಳಸುತ್ತವೆ. ಇತರ ಚಾನಲ್‌ಗಳೊಂದಿಗೆ ಸ್ಕೈ ನ್ಯೂಸ್, ಲೂಪ್ ಆಗುವ ವೀಡಿಯೊ ಸ್ಟ್ರೀಮ್‌ಗಳನ್ನು ಪ್ರಸಾರ ಮಾಡುವ ಮೂಲಕ ಕೃತಕವಾದ ಬೇಡಿಕೆಯ ಮೇರೆಗೆ ವೀಡಿಯೊ ಇಂಟರ‍್ಯಾಕ್ಟಿವ್ ಸೇವೆಯನ್ನು ಒದಗಿಸುತ್ತದೆ.

ಪ್ರಶ್ನೆ:
ಸ್ಕೈ+HD ಬಳಸುವ ಪ್ರೊಪ್ರೈಟರಿ ಸಿಸ್ಟಂ ಯಾವುದು?

ಉತ್ತರ:"
27,DVB-S2.,DVB-S2,0.0,"ನೀನು ಸಹಾಯಕ, ನಿಖರ ಮತ್ತು ಸ್ಪಷ್ಟವಾಗಿ ಉತ್ತರಿಸುವ ಕನ್ನಡ AI ಸಹಾಯಕ. ಬಳಕೆದಾರರ ಪ್ರಶ್ನೆ ಅಥವಾ ಸೂಚನೆಗೆ ಕನ್ನಡದಲ್ಲೇ ಸೂಕ್ತ ಉತ್ತರ ನೀಡಿ.

ಕೆಳಗಿನ ಸಂದರ್ಭವನ್ನು ಓದಿ ಪ್ರಶ್ನೆಗೆ ಚಿಕ್ಕ ಕನ್ನಡ ಉತ್ತರ ನೀಡಿ.
ವಿವರಣೆ ಬೇಡ. ಕೇವಲ ಉತ್ತರ ಮಾತ್ರ ನೀಡಿ.

ಸಂದರ್ಭ:
BSkyB ಯ ಸ್ಟ್ಯಾಂಡರ್ಡ್ ಡೆಫಿನಿಶನ್ ಪ್ರಸಾರಗಳು DVB-ಅನುವರ್ತನೀಯವಾದ MPEG-2 ಫಾರ್ಮ್ಯಾಟ್‌ನಲ್ಲಿವೆ ಮತ್ತು ಸ್ಕೈ ಮೂವೀಸ್ ಹಾಗೂ ಸ್ಕೈ ಬಾಕ್ಸ್ ಆಫೀಸ್ ಚಾನಲ್‌ಗಳನ್ನು ಹೊಂದಿವೆ ಮಾತ್ರವಲ್ಲದೆ ಐಚ್ಛಿಕವಾಗಿ, ಇತ್ತೀಚಿನ ಚಲನಚಿತ್ರಗಳ ಡಾಲ್ಬಿ ಡಿಜಿಟಲ್ ಸೌಂಡ್‌ಟ್ರ್ಯಾಕ್‌ಗಳನ್ನು ಹೊಂದಿವೆ, ಆದರೆ ಇವುಗಳಿಗೆ ಪ್ರವೇಶ ಪಡೆಯಲು ಸ್ಕೈ+ ಬಾಕ್ಸ್ ಅಗತ್ಯವಿದೆ. ಸ್ಕೈ+ HD ಸಾಮಗ್ರಿಯನ್ನು MPEG-4 ಬಳಸಿ ಪ್ರಸಾರ ಮಾಡಲಾಗುತ್ತದೆ ಮತ್ತು ಬಹುತೇಕ HD ಸಾಮಗ್ರಿಯು DVB-S2 ಸ್ಟ್ಯಾಂಡರ್ಡ್ ಅನ್ನು ಬಳಸುತ್ತದೆ. ಇಂಟರ‍್ಯಾಕ್ಟಿವ್ ಸೇವೆಗಳು ಮತ್ತು 7-ದಿನಗಳ EPG ಯು, ಸೆಟ್ ಟಾಪ್ ಬಾಕ್ಸ್‌ಗಳ ಜೊತೆಗೆ ರಿಟರ್ನ್ ಪಾಥ್‌ಗಾಗಿ ಮಾಡೆಮ್‌ಗಳು ಸೇರಿದಂತೆ ಪ್ರೊಪ್ರೈಟರಿ OpenTV ಸಿಸ್ಟಂ ಅನ್ನು ಬಳಸುತ್ತವೆ. ಇತರ ಚಾನಲ್‌ಗಳೊಂದಿಗೆ ಸ್ಕೈ ನ್ಯೂಸ್, ಲೂಪ್ ಆಗುವ ವೀಡಿಯೊ ಸ್ಟ್ರೀಮ್‌ಗಳನ್ನು ಪ್ರಸಾರ ಮಾಡುವ ಮೂಲಕ ಕೃತಕವಾದ ಬೇಡಿಕೆಯ ಮೇರೆಗೆ ವೀಡಿಯೊ ಇಂಟರ‍್ಯಾಕ್ಟಿವ್ ಸೇವೆಯನ್ನು ಒದಗಿಸುತ್ತದೆ.

ಪ್ರಶ್ನೆ:
ಬಹುತೇಕ HD ಸಾಮಗ್ರಿಯು ಯಾವುದನ್ನು ಸ್ಟ್ಯಾಂಡರ್ಡ್ ಆಗಿ ಬಳಸುತ್ತದೆ?

ಉತ್ತರ:"
28,ಎಡಿಕ್ಟ್ ಆಫ್ ಫಾಂಟನ್‌ಬ್ಲೋ (1685).,ಎಡಿಕ್ಟ್ ಆಫ್ ಫಾಂಟನ್‌ಬ್ಲೋ,0.7142857142857143,"ನೀನು ಸಹಾಯಕ, ನಿಖರ ಮತ್ತು ಸ್ಪಷ್ಟವಾಗಿ ಉತ್ತರಿಸುವ ಕನ್ನಡ AI ಸಹಾಯಕ. ಬಳಕೆದಾರರ ಪ್ರಶ್ನೆ ಅಥವಾ ಸೂಚನೆಗೆ ಕನ್ನಡದಲ್ಲೇ ಸೂಕ್ತ ಉತ್ತರ ನೀಡಿ.

ಕೆಳಗಿನ ಸಂದರ್ಭವನ್ನು ಓದಿ ಪ್ರಶ್ನೆಗೆ ಚಿಕ್ಕ ಕನ್ನಡ ಉತ್ತರ ನೀಡಿ.
ವಿವರಣೆ ಬೇಡ. ಕೇವಲ ಉತ್ತರ ಮಾತ್ರ ನೀಡಿ.

ಸಂದರ್ಭ:
1620 ರಲ್ಲಿನ ನವೀಕೃತ ಧಾರ್ಮಿಕ ಸಂಗ್ರಾಮವು, ಹ್ಯೂಗನಾಟ್‌ಗಳ ಸೋಲಿನ ಬಳಿಕ ಅವರ ರಾಜಕೀಯ ಹಾಗೂ ಮಿಲಿಟರಿ ಸವಲತ್ತುಗಳನ್ನು ವಜಾಗೊಳಿಸಲು ಕಾರಣವಾಯಿತು. ಲೂಯೀ XIV ಅವರ ಆಳ್ವಿಕೆಯವರೆಗೆ ಹ್ಯೂಗನಾಟ್‌ಗಳು ಎಡಿಕ್ಟ್ ಆಫ್ ನಾಂಟ್‌ನ ಧಾರ್ಮಿಕ ಸವಲತ್ತುಗಳನ್ನು ಉಳಿಸಿಕೊಂಡರು. ಲೂಯೀ XIV ಅವರು ಎಡಿಕ್ಟ್ ಆಫ್ ಫಾಂಟನ್‌ಬ್ಲೋ (1685) ಜಾರಿಗೊಳಿಸುವವರೆಗೆ, ಹ್ಯೂಗನಾಟ್‌ಗಳ ವಿರುದ್ಧದ ಶೋಷಣೆಯನ್ನು ಹಂತಹಂತವಾಗಿ ಹೆಚ್ಚಿಸುತ್ತಾ ಹೋದರು; ಈ ಎಡಿಕ್ಟ್‌ನ ಪ್ರಕಾರ ಫ್ರಾನ್ಸ್‌ನಲ್ಲಿ ಪ್ರೊಟೆಸ್ಟೆಂಟ್ ಶಾಖೆಯ ಎಲ್ಲಾ ಕಾನೂನು ಮಾನ್ಯತೆಯನ್ನು ರದ್ದುಗೊಳಿಸಲಾಯಿತು ಮತ್ತು ಹ್ಯೂಗನಾಟ್‌ಗಳು ಬಲವಂತವಾಗಿ ಮತಾಂತರ ಮಾಡಿಕೊಳ್ಳಬೇಕಾಯಿತು. ಅವರಲ್ಲಿ ಸುಮಾರು ಮುಕ್ಕಾಲು ಭಾಗ ಜನರನ್ನು ಕ್ರಮೇಣ ಹತ್ಯೆ ಮಾಡಲಾಯಿತು ಅಥವಾ ಅವರು ಶರಣಾದರು, ಮತ್ತು 18ನೇ ಶತಮಾನದ ಆರಂಭದ ಹೊತ್ತಿಗೆ ಸರಿಸುಮಾರು 500,000 ಹ್ಯೂಗನಾಟ್‌ಗಳು ಫ್ರಾನ್ಸ್‌ನಿಂದ ಪಲಾಯನ ಮಾಡಿದ್ದರು [citation needed].

ಪ್ರಶ್ನೆ:
ಯಾವ ಆಜ್ಞೆಯು ಫ್ರಾನ್ಸ್‌ನಲ್ಲಿ ಪ್ರೊಟೆಸ್ಟೆಂಟ್ ಶಾಖೆಯನ್ನು ರದ್ದುಪಡಿಸಿತು?

ಉತ್ತರ:"
29,1685.,1685,0.0,"ನೀನು ಸಹಾಯಕ, ನಿಖರ ಮತ್ತು ಸ್ಪಷ್ಟವಾಗಿ ಉತ್ತರಿಸುವ ಕನ್ನಡ AI ಸಹಾಯಕ. ಬಳಕೆದಾರರ ಪ್ರಶ್ನೆ ಅಥವಾ ಸೂಚನೆಗೆ ಕನ್ನಡದಲ್ಲೇ ಸೂಕ್ತ ಉತ್ತರ ನೀಡಿ.

ಕೆಳಗಿನ ಸಂದರ್ಭವನ್ನು ಓದಿ ಪ್ರಶ್ನೆಗೆ ಚಿಕ್ಕ ಕನ್ನಡ ಉತ್ತರ ನೀಡಿ.
ವಿವರಣೆ ಬೇಡ. ಕೇವಲ ಉತ್ತರ ಮಾತ್ರ ನೀಡಿ.

ಸಂದರ್ಭ:
1620 ರಲ್ಲಿನ ನವೀಕೃತ ಧಾರ್ಮಿಕ ಸಂಗ್ರಾಮವು, ಹ್ಯೂಗನಾಟ್‌ಗಳ ಸೋಲಿನ ಬಳಿಕ ಅವರ ರಾಜಕೀಯ ಹಾಗೂ ಮಿಲಿಟರಿ ಸವಲತ್ತುಗಳನ್ನು ವಜಾಗೊಳಿಸಲು ಕಾರಣವಾಯಿತು. ಲೂಯೀ XIV ಅವರ ಆಳ್ವಿಕೆಯವರೆಗೆ ಹ್ಯೂಗನಾಟ್‌ಗಳು ಎಡಿಕ್ಟ್ ಆಫ್ ನಾಂಟ್‌ನ ಧಾರ್ಮಿಕ ಸವಲತ್ತುಗಳನ್ನು ಉಳಿಸಿಕೊಂಡರು. ಲೂಯೀ XIV ಅವರು ಎಡಿಕ್ಟ್ ಆಫ್ ಫಾಂಟನ್‌ಬ್ಲೋ (1685) ಜಾರಿಗೊಳಿಸುವವರೆಗೆ, ಹ್ಯೂಗನಾಟ್‌ಗಳ ವಿರುದ್ಧದ ಶೋಷಣೆಯನ್ನು ಹಂತಹಂತವಾಗಿ ಹೆಚ್ಚಿಸುತ್ತಾ ಹೋದರು; ಈ ಎಡಿಕ್ಟ್‌ನ ಪ್ರಕಾರ ಫ್ರಾನ್ಸ್‌ನಲ್ಲಿ ಪ್ರೊಟೆಸ್ಟೆಂಟ್ ಶಾಖೆಯ ಎಲ್ಲಾ ಕಾನೂನು ಮಾನ್ಯತೆಯನ್ನು ರದ್ದುಗೊಳಿಸಲಾಯಿತು ಮತ್ತು ಹ್ಯೂಗನಾಟ್‌ಗಳು ಬಲವಂತವಾಗಿ ಮತಾಂತರ ಮಾಡಿಕೊಳ್ಳಬೇಕಾಯಿತು. ಅವರಲ್ಲಿ ಸುಮಾರು ಮುಕ್ಕಾಲು ಭಾಗ ಜನರನ್ನು ಕ್ರಮೇಣ ಹತ್ಯೆ ಮಾಡಲಾಯಿತು ಅಥವಾ ಅವರು ಶರಣಾದರು, ಮತ್ತು 18ನೇ ಶತಮಾನದ ಆರಂಭದ ಹೊತ್ತಿಗೆ ಸರಿಸುಮಾರು 500,000 ಹ್ಯೂಗನಾಟ್‌ಗಳು ಫ್ರಾನ್ಸ್‌ನಿಂದ ಪಲಾಯನ ಮಾಡಿದ್ದರು [citation needed].

ಪ್ರಶ್ನೆ:
ಈ ಎಡಿಕ್ಟ್ ಅನ್ನು ಯಾವಾಗ ಘೋಷಿಸಲಾಯಿತು?

ಉತ್ತರ:"
30,1. ಲೂಯೀ XIV,ಲೂಯೀ XIV,0.4444444444444444,"ನೀನು ಸಹಾಯಕ, ನಿಖರ ಮತ್ತು ಸ್ಪಷ್ಟವಾಗಿ ಉತ್ತರಿಸುವ ಕನ್ನಡ AI ಸಹಾಯಕ. ಬಳಕೆದಾರರ ಪ್ರಶ್ನೆ ಅಥವಾ ಸೂಚನೆಗೆ ಕನ್ನಡದಲ್ಲೇ ಸೂಕ್ತ ಉತ್ತರ ನೀಡಿ.

ಕೆಳಗಿನ ಸಂದರ್ಭವನ್ನು ಓದಿ ಪ್ರಶ್ನೆಗೆ ಚಿಕ್ಕ ಕನ್ನಡ ಉತ್ತರ ನೀಡಿ.
ವಿವರಣೆ ಬೇಡ. ಕೇವಲ ಉತ್ತರ ಮಾತ್ರ ನೀಡಿ.

ಸಂದರ್ಭ:
1620 ರಲ್ಲಿನ ನವೀಕೃತ ಧಾರ್ಮಿಕ ಸಂಗ್ರಾಮವು, ಹ್ಯೂಗನಾಟ್‌ಗಳ ಸೋಲಿನ ಬಳಿಕ ಅವರ ರಾಜಕೀಯ ಹಾಗೂ ಮಿಲಿಟರಿ ಸವಲತ್ತುಗಳನ್ನು ವಜಾಗೊಳಿಸಲು ಕಾರಣವಾಯಿತು. ಲೂಯೀ XIV ಅವರ ಆಳ್ವಿಕೆಯವರೆಗೆ ಹ್ಯೂಗನಾಟ್‌ಗಳು ಎಡಿಕ್ಟ್ ಆಫ್ ನಾಂಟ್‌ನ ಧಾರ್ಮಿಕ ಸವಲತ್ತುಗಳನ್ನು ಉಳಿಸಿಕೊಂಡರು. ಲೂಯೀ XIV ಅವರು ಎಡಿಕ್ಟ್ ಆಫ್ ಫಾಂಟನ್‌ಬ್ಲೋ (1685) ಜಾರಿಗೊಳಿಸುವವರೆಗೆ, ಹ್ಯೂಗನಾಟ್‌ಗಳ ವಿರುದ್ಧದ ಶೋಷಣೆಯನ್ನು ಹಂತಹಂತವಾಗಿ ಹೆಚ್ಚಿಸುತ್ತಾ ಹೋದರು; ಈ ಎಡಿಕ್ಟ್‌ನ ಪ್ರಕಾರ ಫ್ರಾನ್ಸ್‌ನಲ್ಲಿ ಪ್ರೊಟೆಸ್ಟೆಂಟ್ ಶಾಖೆಯ ಎಲ್ಲಾ ಕಾನೂನು ಮಾನ್ಯತೆಯನ್ನು ರದ್ದುಗೊಳಿಸಲಾಯಿತು ಮತ್ತು ಹ್ಯೂಗನಾಟ್‌ಗಳು ಬಲವಂತವಾಗಿ ಮತಾಂತರ ಮಾಡಿಕೊಳ್ಳಬೇಕಾಯಿತು. ಅವರಲ್ಲಿ ಸುಮಾರು ಮುಕ್ಕಾಲು ಭಾಗ ಜನರನ್ನು ಕ್ರಮೇಣ ಹತ್ಯೆ ಮಾಡಲಾಯಿತು ಅಥವಾ ಅವರು ಶರಣಾದರು, ಮತ್ತು 18ನೇ ಶತಮಾನದ ಆರಂಭದ ಹೊತ್ತಿಗೆ ಸರಿಸುಮಾರು 500,000 ಹ್ಯೂಗನಾಟ್‌ಗಳು ಫ್ರಾನ್ಸ್‌ನಿಂದ ಪಲಾಯನ ಮಾಡಿದ್ದರು [citation needed].

ಪ್ರಶ್ನೆ:
ಯಾವ ಫ್ರೆಂಚ್ ದೊರೆ ಈ ಘೋಷಣೆಯನ್ನು ಜಾರಿಗೊಳಿಸಿದರು?

ಉತ್ತರ:"
31,"500,000.","500,000",0.0,"ನೀನು ಸಹಾಯಕ, ನಿಖರ ಮತ್ತು ಸ್ಪಷ್ಟವಾಗಿ ಉತ್ತರಿಸುವ ಕನ್ನಡ AI ಸಹಾಯಕ. ಬಳಕೆದಾರರ ಪ್ರಶ್ನೆ ಅಥವಾ ಸೂಚನೆಗೆ ಕನ್ನಡದಲ್ಲೇ ಸೂಕ್ತ ಉತ್ತರ ನೀಡಿ.

ಕೆಳಗಿನ ಸಂದರ್ಭವನ್ನು ಓದಿ ಪ್ರಶ್ನೆಗೆ ಚಿಕ್ಕ ಕನ್ನಡ ಉತ್ತರ ನೀಡಿ.
ವಿವರಣೆ ಬೇಡ. ಕೇವಲ ಉತ್ತರ ಮಾತ್ರ ನೀಡಿ.

ಸಂದರ್ಭ:
1620 ರಲ್ಲಿನ ನವೀಕೃತ ಧಾರ್ಮಿಕ ಸಂಗ್ರಾಮವು, ಹ್ಯೂಗನಾಟ್‌ಗಳ ಸೋಲಿನ ಬಳಿಕ ಅವರ ರಾಜಕೀಯ ಹಾಗೂ ಮಿಲಿಟರಿ ಸವಲತ್ತುಗಳನ್ನು ವಜಾಗೊಳಿಸಲು ಕಾರಣವಾಯಿತು. ಲೂಯೀ XIV ಅವರ ಆಳ್ವಿಕೆಯವರೆಗೆ ಹ್ಯೂಗನಾಟ್‌ಗಳು ಎಡಿಕ್ಟ್ ಆಫ್ ನಾಂಟ್‌ನ ಧಾರ್ಮಿಕ ಸವಲತ್ತುಗಳನ್ನು ಉಳಿಸಿಕೊಂಡರು. ಲೂಯೀ XIV ಅವರು ಎಡಿಕ್ಟ್ ಆಫ್ ಫಾಂಟನ್‌ಬ್ಲೋ (1685) ಜಾರಿಗೊಳಿಸುವವರೆಗೆ, ಹ್ಯೂಗನಾಟ್‌ಗಳ ವಿರುದ್ಧದ ಶೋಷಣೆಯನ್ನು ಹಂತಹಂತವಾಗಿ ಹೆಚ್ಚಿಸುತ್ತಾ ಹೋದರು; ಈ ಎಡಿಕ್ಟ್‌ನ ಪ್ರಕಾರ ಫ್ರಾನ್ಸ್‌ನಲ್ಲಿ ಪ್ರೊಟೆಸ್ಟೆಂಟ್ ಶಾಖೆಯ ಎಲ್ಲಾ ಕಾನೂನು ಮಾನ್ಯತೆಯನ್ನು ರದ್ದುಗೊಳಿಸಲಾಯಿತು ಮತ್ತು ಹ್ಯೂಗನಾಟ್‌ಗಳು ಬಲವಂತವಾಗಿ ಮತಾಂತರ ಮಾಡಿಕೊಳ್ಳಬೇಕಾಯಿತು. ಅವರಲ್ಲಿ ಸುಮಾರು ಮುಕ್ಕಾಲು ಭಾಗ ಜನರನ್ನು ಕ್ರಮೇಣ ಹತ್ಯೆ ಮಾಡಲಾಯಿತು ಅಥವಾ ಅವರು ಶರಣಾದರು, ಮತ್ತು 18ನೇ ಶತಮಾನದ ಆರಂಭದ ಹೊತ್ತಿಗೆ ಸರಿಸುಮಾರು 500,000 ಹ್ಯೂಗನಾಟ್‌ಗಳು ಫ್ರಾನ್ಸ್‌ನಿಂದ ಪಲಾಯನ ಮಾಡಿದ್ದರು [citation needed].

ಪ್ರಶ್ನೆ:
1700 ರ ಒಳಗೆ ಎಷ್ಟು ಮಂದಿ ಹ್ಯೂಗನಾಟ್‌ಗಳು ಫ್ರಾನ್ಸ್‌ನಿಂದ ಪಲಾಯನ ಮಾಡಿದ್ದರು?

ಉತ್ತರ:"
32,1773 ಅಥವಾ ಅದಕ್ಕೂ ಮೊದಲು.,1773,0.75,"ನೀನು ಸಹಾಯಕ, ನಿಖರ ಮತ್ತು ಸ್ಪಷ್ಟವಾಗಿ ಉತ್ತರಿಸುವ ಕನ್ನಡ AI ಸಹಾಯಕ. ಬಳಕೆದಾರರ ಪ್ರಶ್ನೆ ಅಥವಾ ಸೂಚನೆಗೆ ಕನ್ನಡದಲ್ಲೇ ಸೂಕ್ತ ಉತ್ತರ ನೀಡಿ.

ಕೆಳಗಿನ ಸಂದರ್ಭವನ್ನು ಓದಿ ಪ್ರಶ್ನೆಗೆ ಚಿಕ್ಕ ಕನ್ನಡ ಉತ್ತರ ನೀಡಿ.
ವಿವರಣೆ ಬೇಡ. ಕೇವಲ ಉತ್ತರ ಮಾತ್ರ ನೀಡಿ.

ಸಂದರ್ಭ:
ಆಮ್ಲಜನಕವನ್ನು ಕಾರ್ಲ್ ವಿಲ್‌ಹೆಲ್ಮ್ ಶ್ಲೀ ಅವರು ಉಪ್ಸಲಾದಲ್ಲಿ 1773 ರಲ್ಲಿ ಅಥವಾ ಅದಕ್ಕೂ ಮೊದಲು, ಮತ್ತು ಜೋಸೆಫ್ ಪ್ರೀಸ್ಟ್‌ಲೀ ಅವರು ವಿಲ್ಟ್‌ಶೈರ್‌ನಲ್ಲಿ 1774 ರಲ್ಲಿ ಸ್ವತಂತ್ರವಾಗಿ ಕಂಡುಹಿಡಿದರು, ಆದರೆ ಪ್ರೀಸ್ಟ್‌ಲೀ ಅವರಿಗೆ ಹೆಚ್ಚಾಗಿ ಆದ್ಯತೆ ನೀಡಲಾಗುತ್ತದೆ ಏಕೆಂದರೆ ಅವರ ಕಾರ್ಯ ಮೊದಲು ಪ್ರಕಟವಾಯಿತು. ಆಕ್ಸಿಜನ್ ಎಂಬ ಹೆಸರನ್ನು ಆಂಟೋಯಿನ್ ಲಾವೋಸಿಯೇ ಅವರು 1777 ರಲ್ಲಿ ರಚಿಸಿದರು; ಆಗ ಜನಪ್ರಿಯವಾಗಿದ್ದ, ದಹನ ಮತ್ತು ತುಕ್ಕಿನ ಕುರಿತಾದ ಫ್ಲಾಗಿಸ್ಟನ್ ತತ್ವವನ್ನು ಅನೂರ್ಜಿತಗೊಳಿಸಲು, ಆಕ್ಸಿಜನ್‌ಗೆ ಸಂಬಂಧಿಸಿದ ಇವರ ಪ್ರಯೋಗಗಳು ಸಹಾಯ ಮಾಡಿದ್ದವು. ಈ ಹೆಸರನ್ನು ಗ್ರೀಕ್ ಮೂಲದ ಈ ಪದಗಳಿಂದ ಪಡೆದುಕೊಳ್ಳಲಾಗಿದೆ: ὀξύς oxys, ""acid"" - ಇದು ಶಬ್ದಶಃ ""ತೀಕ್ಷ್ಣ"" ಎಂಬ ಅರ್ಥವನ್ನು ನೀಡುತ್ತದೆ ಮತ್ತು ಆಮ್ಲಗಳ ಹುಳಿ ರುಚಿಯನ್ನು ಉಲ್ಲೇಖಿಸುತ್ತದೆ ಹಾಗೂ -γενής -genes, ""producer"" - ಇದು ಶಬ್ದಶಃ ""ಹುಟ್ಟಿಸುವವನು"" ಎಂಬ ಅರ್ಥವನ್ನು ನೀಡುತ್ತದೆ, ಏಕೆಂದರೆ ಹೆಸರು ಇಡುವ ಸಮಯದಲ್ಲಿ, ಎಲ್ಲಾ ಆಮ್ಲಗಳ ಸಂಯೋಜನೆಯಲ್ಲಿ ಆಮ್ಲಜನಕ ಇರಬೇಕೆಂಬ ತಪ್ಪು ತಿಳುವಳಿಕೆಯಿತ್ತು. ಆಮ್ಲಜನಕದ ಸಾಮಾನ್ಯ ಬಳಕೆಗಳಲ್ಲಿ, ಸ್ಟೀಲ್, ಪ್ಲಾಸ್ಟಿಕ್ ಹಾಗೂ ಜವಳಿಯ ಉತ್ಪಾದನಾ ಪ್ರಕ್ರಿಯೆ, ಬ್ರೇಜಿಂಗ್, ವೆಲ್ಡಿಂಗ್ ಮತ್ತು ಸ್ಟೀಲ್ ಹಾಗೂ ಇತರ ಲೋಹಗಳ ಕಟ್ಟಿಂಗ್ ಪ್ರಕ್ರಿಯೆ, ರಾಕೆಟ್ ಪ್ರೊಪೆಲ್ಲೆಂಟ್, ಏರ್‌ಕ್ರಾಫ್ಟ್, ಸಬ್‌ಮೆರೀನ್‌ಗಳು, ಸ್ಪೇಸ್‌ಫ್ಲೈಟ್ ಹಾಗೂ ಡೈವಿಂಗ್‌ನಲ್ಲಿ ಆಕ್ಸಿಜನ್ ಥೆರಪಿ ಹಾಗೂ ಲೈಫ್ ಸಪೋರ್ಟ್ ಸಿಸ್ಟಂಗಳು ಒಳಗೊಂಡಿವೆ.

ಪ್ರಶ್ನೆ:
ಕಾರ್ಲ್ ವಿಲ್‌ಹೆಲ್ಮ್ ಶ್ಲೀ ಅವರು ಆಮ್ಲಜನಕವನ್ನು ಯಾವಾಗ ಕಂಡುಹಿಡಿದರು?

ಉತ್ತರ:"
33,1774.,1774,0.0,"ನೀನು ಸಹಾಯಕ, ನಿಖರ ಮತ್ತು ಸ್ಪಷ್ಟವಾಗಿ ಉತ್ತರಿಸುವ ಕನ್ನಡ AI ಸಹಾಯಕ. ಬಳಕೆದಾರರ ಪ್ರಶ್ನೆ ಅಥವಾ ಸೂಚನೆಗೆ ಕನ್ನಡದಲ್ಲೇ ಸೂಕ್ತ ಉತ್ತರ ನೀಡಿ.

ಕೆಳಗಿನ ಸಂದರ್ಭವನ್ನು ಓದಿ ಪ್ರಶ್ನೆಗೆ ಚಿಕ್ಕ ಕನ್ನಡ ಉತ್ತರ ನೀಡಿ.
ವಿವರಣೆ ಬೇಡ. ಕೇವಲ ಉತ್ತರ ಮಾತ್ರ ನೀಡಿ.

ಸಂದರ್ಭ:
ಆಮ್ಲಜನಕವನ್ನು ಕಾರ್ಲ್ ವಿಲ್‌ಹೆಲ್ಮ್ ಶ್ಲೀ ಅವರು ಉಪ್ಸಲಾದಲ್ಲಿ 1773 ರಲ್ಲಿ ಅಥವಾ ಅದಕ್ಕೂ ಮೊದಲು, ಮತ್ತು ಜೋಸೆಫ್ ಪ್ರೀಸ್ಟ್‌ಲೀ ಅವರು ವಿಲ್ಟ್‌ಶೈರ್‌ನಲ್ಲಿ 1774 ರಲ್ಲಿ ಸ್ವತಂತ್ರವಾಗಿ ಕಂಡುಹಿಡಿದರು, ಆದರೆ ಪ್ರೀಸ್ಟ್‌ಲೀ ಅವರಿಗೆ ಹೆಚ್ಚಾಗಿ ಆದ್ಯತೆ ನೀಡಲಾಗುತ್ತದೆ ಏಕೆಂದರೆ ಅವರ ಕಾರ್ಯ ಮೊದಲು ಪ್ರಕಟವಾಯಿತು. ಆಕ್ಸಿಜನ್ ಎಂಬ ಹೆಸರನ್ನು ಆಂಟೋಯಿನ್ ಲಾವೋಸಿಯೇ ಅವರು 1777 ರಲ್ಲಿ ರಚಿಸಿದರು; ಆಗ ಜನಪ್ರಿಯವಾಗಿದ್ದ, ದಹನ ಮತ್ತು ತುಕ್ಕಿನ ಕುರಿತಾದ ಫ್ಲಾಗಿಸ್ಟನ್ ತತ್ವವನ್ನು ಅನೂರ್ಜಿತಗೊಳಿಸಲು, ಆಕ್ಸಿಜನ್‌ಗೆ ಸಂಬಂಧಿಸಿದ ಇವರ ಪ್ರಯೋಗಗಳು ಸಹಾಯ ಮಾಡಿದ್ದವು. ಈ ಹೆಸರನ್ನು ಗ್ರೀಕ್ ಮೂಲದ ಈ ಪದಗಳಿಂದ ಪಡೆದುಕೊಳ್ಳಲಾಗಿದೆ: ὀξύς oxys, ""acid"" - ಇದು ಶಬ್ದಶಃ ""ತೀಕ್ಷ್ಣ"" ಎಂಬ ಅರ್ಥವನ್ನು ನೀಡುತ್ತದೆ ಮತ್ತು ಆಮ್ಲಗಳ ಹುಳಿ ರುಚಿಯನ್ನು ಉಲ್ಲೇಖಿಸುತ್ತದೆ ಹಾಗೂ -γενής -genes, ""producer"" - ಇದು ಶಬ್ದಶಃ ""ಹುಟ್ಟಿಸುವವನು"" ಎಂಬ ಅರ್ಥವನ್ನು ನೀಡುತ್ತದೆ, ಏಕೆಂದರೆ ಹೆಸರು ಇಡುವ ಸಮಯದಲ್ಲಿ, ಎಲ್ಲಾ ಆಮ್ಲಗಳ ಸಂಯೋಜನೆಯಲ್ಲಿ ಆಮ್ಲಜನಕ ಇರಬೇಕೆಂಬ ತಪ್ಪು ತಿಳುವಳಿಕೆಯಿತ್ತು. ಆಮ್ಲಜನಕದ ಸಾಮಾನ್ಯ ಬಳಕೆಗಳಲ್ಲಿ, ಸ್ಟೀಲ್, ಪ್ಲಾಸ್ಟಿಕ್ ಹಾಗೂ ಜವಳಿಯ ಉತ್ಪಾದನಾ ಪ್ರಕ್ರಿಯೆ, ಬ್ರೇಜಿಂಗ್, ವೆಲ್ಡಿಂಗ್ ಮತ್ತು ಸ್ಟೀಲ್ ಹಾಗೂ ಇತರ ಲೋಹಗಳ ಕಟ್ಟಿಂಗ್ ಪ್ರಕ್ರಿಯೆ, ರಾಕೆಟ್ ಪ್ರೊಪೆಲ್ಲೆಂಟ್, ಏರ್‌ಕ್ರಾಫ್ಟ್, ಸಬ್‌ಮೆರೀನ್‌ಗಳು, ಸ್ಪೇಸ್‌ಫ್ಲೈಟ್ ಹಾಗೂ ಡೈವಿಂಗ್‌ನಲ್ಲಿ ಆಕ್ಸಿಜನ್ ಥೆರಪಿ ಹಾಗೂ ಲೈಫ್ ಸಪೋರ್ಟ್ ಸಿಸ್ಟಂಗಳು ಒಳಗೊಂಡಿವೆ.

ಪ್ರಶ್ನೆ:
ಜೋಸೆಫ್ ಪ್ರೀಸ್ಟ್‌ಲೀ ಅವರು ಯಾವ ಇಸವಿಯಲ್ಲಿ ಆಮ್ಲಜನಕವನ್ನು ಗುರುತಿಸಿದರು?

ಉತ್ತರ:"
34,"ಪರಿಹಾರ: 1774 ರಲ್ಲಿ, ಪ್ರೀಸ್ಸ್‌ಲೆನ್‌ಬರ್ಗ್‌ನಲ್ಲಿರುವ ಅವರ ಪ್ರಯೋಗಾಲಯದಲ್ಲಿ ಅವರು 'ಬ್ಲ್ಯಾಕ್‌‌ಮಾರ್ಕ್' (ಕಪ್ಪು‌ಮಾರ್ಕ್) ಎಂಬ ಹೊಸ ಅನಿಲವನ್ನು ಕಂಡುಹಿಡಿದರು. ಇದು ಗಾಳಿಯಿಂದ ಸ್ವತ",ಅವರ ಕಾರ್ಯ ಮೊದಲು ಪ್ರಕಟವಾಯಿತು,0.8785714285714286,"ನೀನು ಸಹಾಯಕ, ನಿಖರ ಮತ್ತು ಸ್ಪಷ್ಟವಾಗಿ ಉತ್ತರಿಸುವ ಕನ್ನಡ AI ಸಹಾಯಕ. ಬಳಕೆದಾರರ ಪ್ರಶ್ನೆ ಅಥವಾ ಸೂಚನೆಗೆ ಕನ್ನಡದಲ್ಲೇ ಸೂಕ್ತ ಉತ್ತರ ನೀಡಿ.

ಕೆಳಗಿನ ಸಂದರ್ಭವನ್ನು ಓದಿ ಪ್ರಶ್ನೆಗೆ ಚಿಕ್ಕ ಕನ್ನಡ ಉತ್ತರ ನೀಡಿ.
ವಿವರಣೆ ಬೇಡ. ಕೇವಲ ಉತ್ತರ ಮಾತ್ರ ನೀಡಿ.

ಸಂದರ್ಭ:
ಆಮ್ಲಜನಕವನ್ನು ಕಾರ್ಲ್ ವಿಲ್‌ಹೆಲ್ಮ್ ಶ್ಲೀ ಅವರು ಉಪ್ಸಲಾದಲ್ಲಿ 1773 ರಲ್ಲಿ ಅಥವಾ ಅದಕ್ಕೂ ಮೊದಲು, ಮತ್ತು ಜೋಸೆಫ್ ಪ್ರೀಸ್ಟ್‌ಲೀ ಅವರು ವಿಲ್ಟ್‌ಶೈರ್‌ನಲ್ಲಿ 1774 ರಲ್ಲಿ ಸ್ವತಂತ್ರವಾಗಿ ಕಂಡುಹಿಡಿದರು, ಆದರೆ ಪ್ರೀಸ್ಟ್‌ಲೀ ಅವರಿಗೆ ಹೆಚ್ಚಾಗಿ ಆದ್ಯತೆ ನೀಡಲಾಗುತ್ತದೆ ಏಕೆಂದರೆ ಅವರ ಕಾರ್ಯ ಮೊದಲು ಪ್ರಕಟವಾಯಿತು. ಆಕ್ಸಿಜನ್ ಎಂಬ ಹೆಸರನ್ನು ಆಂಟೋಯಿನ್ ಲಾವೋಸಿಯೇ ಅವರು 1777 ರಲ್ಲಿ ರಚಿಸಿದರು; ಆಗ ಜನಪ್ರಿಯವಾಗಿದ್ದ, ದಹನ ಮತ್ತು ತುಕ್ಕಿನ ಕುರಿತಾದ ಫ್ಲಾಗಿಸ್ಟನ್ ತತ್ವವನ್ನು ಅನೂರ್ಜಿತಗೊಳಿಸಲು, ಆಕ್ಸಿಜನ್‌ಗೆ ಸಂಬಂಧಿಸಿದ ಇವರ ಪ್ರಯೋಗಗಳು ಸಹಾಯ ಮಾಡಿದ್ದವು. ಈ ಹೆಸರನ್ನು ಗ್ರೀಕ್ ಮೂಲದ ಈ ಪದಗಳಿಂದ ಪಡೆದುಕೊಳ್ಳಲಾಗಿದೆ: ὀξύς oxys, ""acid"" - ಇದು ಶಬ್ದಶಃ ""ತೀಕ್ಷ್ಣ"" ಎಂಬ ಅರ್ಥವನ್ನು ನೀಡುತ್ತದೆ ಮತ್ತು ಆಮ್ಲಗಳ ಹುಳಿ ರುಚಿಯನ್ನು ಉಲ್ಲೇಖಿಸುತ್ತದೆ ಹಾಗೂ -γενής -genes, ""producer"" - ಇದು ಶಬ್ದಶಃ ""ಹುಟ್ಟಿಸುವವನು"" ಎಂಬ ಅರ್ಥವನ್ನು ನೀಡುತ್ತದೆ, ಏಕೆಂದರೆ ಹೆಸರು ಇಡುವ ಸಮಯದಲ್ಲಿ, ಎಲ್ಲಾ ಆಮ್ಲಗಳ ಸಂಯೋಜನೆಯಲ್ಲಿ ಆಮ್ಲಜನಕ ಇರಬೇಕೆಂಬ ತಪ್ಪು ತಿಳುವಳಿಕೆಯಿತ್ತು. ಆಮ್ಲಜನಕದ ಸಾಮಾನ್ಯ ಬಳಕೆಗಳಲ್ಲಿ, ಸ್ಟೀಲ್, ಪ್ಲಾಸ್ಟಿಕ್ ಹಾಗೂ ಜವಳಿಯ ಉತ್ಪಾದನಾ ಪ್ರಕ್ರಿಯೆ, ಬ್ರೇಜಿಂಗ್, ವೆಲ್ಡಿಂಗ್ ಮತ್ತು ಸ್ಟೀಲ್ ಹಾಗೂ ಇತರ ಲೋಹಗಳ ಕಟ್ಟಿಂಗ್ ಪ್ರಕ್ರಿಯೆ, ರಾಕೆಟ್ ಪ್ರೊಪೆಲ್ಲೆಂಟ್, ಏರ್‌ಕ್ರಾಫ್ಟ್, ಸಬ್‌ಮೆರೀನ್‌ಗಳು, ಸ್ಪೇಸ್‌ಫ್ಲೈಟ್ ಹಾಗೂ ಡೈವಿಂಗ್‌ನಲ್ಲಿ ಆಕ್ಸಿಜನ್ ಥೆರಪಿ ಹಾಗೂ ಲೈಫ್ ಸಪೋರ್ಟ್ ಸಿಸ್ಟಂಗಳು ಒಳಗೊಂಡಿವೆ.

ಪ್ರಶ್ನೆ:
ಆಮ್ಲಜನಕವನ್ನು ಮೊದಲಿಗೆ ಕಂಡುಹಿಡಿದ ಶ್ರೇಯಸ್ಸು ಪ್ರೀಸ್ಟ್‌ಲೀಗೆ ಸಿಗಲು ಕಾರಣವೇನು?

ಉತ್ತರ:"
35,ಆಂಟೋಯಿನ್ ಲಾವೋಸಿಯೇ.,ಆಂಟೋಯಿನ್ ಲಾವೋಸಿಯೇ,0.9411764705882353,"ನೀನು ಸಹಾಯಕ, ನಿಖರ ಮತ್ತು ಸ್ಪಷ್ಟವಾಗಿ ಉತ್ತರಿಸುವ ಕನ್ನಡ AI ಸಹಾಯಕ. ಬಳಕೆದಾರರ ಪ್ರಶ್ನೆ ಅಥವಾ ಸೂಚನೆಗೆ ಕನ್ನಡದಲ್ಲೇ ಸೂಕ್ತ ಉತ್ತರ ನೀಡಿ.

ಕೆಳಗಿನ ಸಂದರ್ಭವನ್ನು ಓದಿ ಪ್ರಶ್ನೆಗೆ ಚಿಕ್ಕ ಕನ್ನಡ ಉತ್ತರ ನೀಡಿ.
ವಿವರಣೆ ಬೇಡ. ಕೇವಲ ಉತ್ತರ ಮಾತ್ರ ನೀಡಿ.

ಸಂದರ್ಭ:
ಆಮ್ಲಜನಕವನ್ನು ಕಾರ್ಲ್ ವಿಲ್‌ಹೆಲ್ಮ್ ಶ್ಲೀ ಅವರು ಉಪ್ಸಲಾದಲ್ಲಿ 1773 ರಲ್ಲಿ ಅಥವಾ ಅದಕ್ಕೂ ಮೊದಲು, ಮತ್ತು ಜೋಸೆಫ್ ಪ್ರೀಸ್ಟ್‌ಲೀ ಅವರು ವಿಲ್ಟ್‌ಶೈರ್‌ನಲ್ಲಿ 1774 ರಲ್ಲಿ ಸ್ವತಂತ್ರವಾಗಿ ಕಂಡುಹಿಡಿದರು, ಆದರೆ ಪ್ರೀಸ್ಟ್‌ಲೀ ಅವರಿಗೆ ಹೆಚ್ಚಾಗಿ ಆದ್ಯತೆ ನೀಡಲಾಗುತ್ತದೆ ಏಕೆಂದರೆ ಅವರ ಕಾರ್ಯ ಮೊದಲು ಪ್ರಕಟವಾಯಿತು. ಆಕ್ಸಿಜನ್ ಎಂಬ ಹೆಸರನ್ನು ಆಂಟೋಯಿನ್ ಲಾವೋಸಿಯೇ ಅವರು 1777 ರಲ್ಲಿ ರಚಿಸಿದರು; ಆಗ ಜನಪ್ರಿಯವಾಗಿದ್ದ, ದಹನ ಮತ್ತು ತುಕ್ಕಿನ ಕುರಿತಾದ ಫ್ಲಾಗಿಸ್ಟನ್ ತತ್ವವನ್ನು ಅನೂರ್ಜಿತಗೊಳಿಸಲು, ಆಕ್ಸಿಜನ್‌ಗೆ ಸಂಬಂಧಿಸಿದ ಇವರ ಪ್ರಯೋಗಗಳು ಸಹಾಯ ಮಾಡಿದ್ದವು. ಈ ಹೆಸರನ್ನು ಗ್ರೀಕ್ ಮೂಲದ ಈ ಪದಗಳಿಂದ ಪಡೆದುಕೊಳ್ಳಲಾಗಿದೆ: ὀξύς oxys, ""acid"" - ಇದು ಶಬ್ದಶಃ ""ತೀಕ್ಷ್ಣ"" ಎಂಬ ಅರ್ಥವನ್ನು ನೀಡುತ್ತದೆ ಮತ್ತು ಆಮ್ಲಗಳ ಹುಳಿ ರುಚಿಯನ್ನು ಉಲ್ಲೇಖಿಸುತ್ತದೆ ಹಾಗೂ -γενής -genes, ""producer"" - ಇದು ಶಬ್ದಶಃ ""ಹುಟ್ಟಿಸುವವನು"" ಎಂಬ ಅರ್ಥವನ್ನು ನೀಡುತ್ತದೆ, ಏಕೆಂದರೆ ಹೆಸರು ಇಡುವ ಸಮಯದಲ್ಲಿ, ಎಲ್ಲಾ ಆಮ್ಲಗಳ ಸಂಯೋಜನೆಯಲ್ಲಿ ಆಮ್ಲಜನಕ ಇರಬೇಕೆಂಬ ತಪ್ಪು ತಿಳುವಳಿಕೆಯಿತ್ತು. ಆಮ್ಲಜನಕದ ಸಾಮಾನ್ಯ ಬಳಕೆಗಳಲ್ಲಿ, ಸ್ಟೀಲ್, ಪ್ಲಾಸ್ಟಿಕ್ ಹಾಗೂ ಜವಳಿಯ ಉತ್ಪಾದನಾ ಪ್ರಕ್ರಿಯೆ, ಬ್ರೇಜಿಂಗ್, ವೆಲ್ಡಿಂಗ್ ಮತ್ತು ಸ್ಟೀಲ್ ಹಾಗೂ ಇತರ ಲೋಹಗಳ ಕಟ್ಟಿಂಗ್ ಪ್ರಕ್ರಿಯೆ, ರಾಕೆಟ್ ಪ್ರೊಪೆಲ್ಲೆಂಟ್, ಏರ್‌ಕ್ರಾಫ್ಟ್, ಸಬ್‌ಮೆರೀನ್‌ಗಳು, ಸ್ಪೇಸ್‌ಫ್ಲೈಟ್ ಹಾಗೂ ಡೈವಿಂಗ್‌ನಲ್ಲಿ ಆಕ್ಸಿಜನ್ ಥೆರಪಿ ಹಾಗೂ ಲೈಫ್ ಸಪೋರ್ಟ್ ಸಿಸ್ಟಂಗಳು ಒಳಗೊಂಡಿವೆ.

ಪ್ರಶ್ನೆ:
ಯಾವ ಸಂಶೋಧಕರು ಮೊತ್ತಮೊದಲಿಗೆ ಆಕ್ಸಿಜನ್ ಎಂಬ ಪದವನ್ನು ಬಳಸಿದರು ?

ಉತ್ತರ:"
36,ಫ್ಲಾಗಿಸ್ಟನ್‌ಗೆ ಸಂಬಂಧಿಸಿದ 'ಹುಟ್ಟಿಸುವ' (producer) ಎಂಬ ಪದವನ್ನು.,ದಹನ ಮತ್ತು ತುಕ್ಕಿನ ಕುರಿತಾದ ಫ್ಲಾಗಿಸ್ಟನ್ ತತ್ವ,0.7454545454545455,"ನೀನು ಸಹಾಯಕ, ನಿಖರ ಮತ್ತು ಸ್ಪಷ್ಟವಾಗಿ ಉತ್ತರಿಸುವ ಕನ್ನಡ AI ಸಹಾಯಕ. ಬಳಕೆದಾರರ ಪ್ರಶ್ನೆ ಅಥವಾ ಸೂಚನೆಗೆ ಕನ್ನಡದಲ್ಲೇ ಸೂಕ್ತ ಉತ್ತರ ನೀಡಿ.

ಕೆಳಗಿನ ಸಂದರ್ಭವನ್ನು ಓದಿ ಪ್ರಶ್ನೆಗೆ ಚಿಕ್ಕ ಕನ್ನಡ ಉತ್ತರ ನೀಡಿ.
ವಿವರಣೆ ಬೇಡ. ಕೇವಲ ಉತ್ತರ ಮಾತ್ರ ನೀಡಿ.

ಸಂದರ್ಭ:
ಆಮ್ಲಜನಕವನ್ನು ಕಾರ್ಲ್ ವಿಲ್‌ಹೆಲ್ಮ್ ಶ್ಲೀ ಅವರು ಉಪ್ಸಲಾದಲ್ಲಿ 1773 ರಲ್ಲಿ ಅಥವಾ ಅದಕ್ಕೂ ಮೊದಲು, ಮತ್ತು ಜೋಸೆಫ್ ಪ್ರೀಸ್ಟ್‌ಲೀ ಅವರು ವಿಲ್ಟ್‌ಶೈರ್‌ನಲ್ಲಿ 1774 ರಲ್ಲಿ ಸ್ವತಂತ್ರವಾಗಿ ಕಂಡುಹಿಡಿದರು, ಆದರೆ ಪ್ರೀಸ್ಟ್‌ಲೀ ಅವರಿಗೆ ಹೆಚ್ಚಾಗಿ ಆದ್ಯತೆ ನೀಡಲಾಗುತ್ತದೆ ಏಕೆಂದರೆ ಅವರ ಕಾರ್ಯ ಮೊದಲು ಪ್ರಕಟವಾಯಿತು. ಆಕ್ಸಿಜನ್ ಎಂಬ ಹೆಸರನ್ನು ಆಂಟೋಯಿನ್ ಲಾವೋಸಿಯೇ ಅವರು 1777 ರಲ್ಲಿ ರಚಿಸಿದರು; ಆಗ ಜನಪ್ರಿಯವಾಗಿದ್ದ, ದಹನ ಮತ್ತು ತುಕ್ಕಿನ ಕುರಿತಾದ ಫ್ಲಾಗಿಸ್ಟನ್ ತತ್ವವನ್ನು ಅನೂರ್ಜಿತಗೊಳಿಸಲು, ಆಕ್ಸಿಜನ್‌ಗೆ ಸಂಬಂಧಿಸಿದ ಇವರ ಪ್ರಯೋಗಗಳು ಸಹಾಯ ಮಾಡಿದ್ದವು. ಈ ಹೆಸರನ್ನು ಗ್ರೀಕ್ ಮೂಲದ ಈ ಪದಗಳಿಂದ ಪಡೆದುಕೊಳ್ಳಲಾಗಿದೆ: ὀξύς oxys, ""acid"" - ಇದು ಶಬ್ದಶಃ ""ತೀಕ್ಷ್ಣ"" ಎಂಬ ಅರ್ಥವನ್ನು ನೀಡುತ್ತದೆ ಮತ್ತು ಆಮ್ಲಗಳ ಹುಳಿ ರುಚಿಯನ್ನು ಉಲ್ಲೇಖಿಸುತ್ತದೆ ಹಾಗೂ -γενής -genes, ""producer"" - ಇದು ಶಬ್ದಶಃ ""ಹುಟ್ಟಿಸುವವನು"" ಎಂಬ ಅರ್ಥವನ್ನು ನೀಡುತ್ತದೆ, ಏಕೆಂದರೆ ಹೆಸರು ಇಡುವ ಸಮಯದಲ್ಲಿ, ಎಲ್ಲಾ ಆಮ್ಲಗಳ ಸಂಯೋಜನೆಯಲ್ಲಿ ಆಮ್ಲಜನಕ ಇರಬೇಕೆಂಬ ತಪ್ಪು ತಿಳುವಳಿಕೆಯಿತ್ತು. ಆಮ್ಲಜನಕದ ಸಾಮಾನ್ಯ ಬಳಕೆಗಳಲ್ಲಿ, ಸ್ಟೀಲ್, ಪ್ಲಾಸ್ಟಿಕ್ ಹಾಗೂ ಜವಳಿಯ ಉತ್ಪಾದನಾ ಪ್ರಕ್ರಿಯೆ, ಬ್ರೇಜಿಂಗ್, ವೆಲ್ಡಿಂಗ್ ಮತ್ತು ಸ್ಟೀಲ್ ಹಾಗೂ ಇತರ ಲೋಹಗಳ ಕಟ್ಟಿಂಗ್ ಪ್ರಕ್ರಿಯೆ, ರಾಕೆಟ್ ಪ್ರೊಪೆಲ್ಲೆಂಟ್, ಏರ್‌ಕ್ರಾಫ್ಟ್, ಸಬ್‌ಮೆರೀನ್‌ಗಳು, ಸ್ಪೇಸ್‌ಫ್ಲೈಟ್ ಹಾಗೂ ಡೈವಿಂಗ್‌ನಲ್ಲಿ ಆಕ್ಸಿಜನ್ ಥೆರಪಿ ಹಾಗೂ ಲೈಫ್ ಸಪೋರ್ಟ್ ಸಿಸ್ಟಂಗಳು ಒಳಗೊಂಡಿವೆ.

ಪ್ರಶ್ನೆ:
ಹಿಂದಿನ ಯಾವ ಕಾರ್ಯವನ್ನು ಲಾವೋಸಿಯೇ ಅವರು ಅನೂರ್ಜಿತಗೊಳಿಸಿದರು?

ಉತ್ತರ:"
37,ನಿಕೋಲಸ್ ಇ. ಗೊಲೋವಿನ್.,ನಿಕೋಲಸ್ ಇ. ಗೊಲೋವಿನ್,0.8888888888888888,"ನೀನು ಸಹಾಯಕ, ನಿಖರ ಮತ್ತು ಸ್ಪಷ್ಟವಾಗಿ ಉತ್ತರಿಸುವ ಕನ್ನಡ AI ಸಹಾಯಕ. ಬಳಕೆದಾರರ ಪ್ರಶ್ನೆ ಅಥವಾ ಸೂಚನೆಗೆ ಕನ್ನಡದಲ್ಲೇ ಸೂಕ್ತ ಉತ್ತರ ನೀಡಿ.

ಕೆಳಗಿನ ಸಂದರ್ಭವನ್ನು ಓದಿ ಪ್ರಶ್ನೆಗೆ ಚಿಕ್ಕ ಕನ್ನಡ ಉತ್ತರ ನೀಡಿ.
ವಿವರಣೆ ಬೇಡ. ಕೇವಲ ಉತ್ತರ ಮಾತ್ರ ನೀಡಿ.

ಸಂದರ್ಭ:
 ಅಪೋಲೋ ಪ್ರೋಗ್ರಾಂನಲ್ಲಿ ಬಳಸುವುದಕ್ಕಾಗಿ ಲಾಂಚ್ ವೆಹಿಕಲ್ ಅನ್ನು ಶಿಫಾರಸು ಮಾಡಲು ಸೀಮನ್ ಅವರು ತನ್ನ ವಿಶೇಷ ತಾಂತ್ರಿಕ ಸಹಾಯಕ ನಿಕೋಲಸ್ ಇ. ಗೊಲೋವಿನ್ ನೇತೃತ್ವದ ತಾತ್ಕಾಲಿಕ ಸಮಿತಿಯನ್ನು 1961 ರಲ್ಲಿ ಸ್ಥಾಪಿಸಿದ್ದು, NASA ದ ಮಿಷನ್ ಮೋಡ್ ನಿರ್ಧಾರದಲ್ಲಿ ಒಂದು ಮಹತ್ವದ ತಿರುವನ್ನು ಪ್ರತಿನಿಧಿಸಿತು. ಆಯ್ಕೆ ಮಾಡಲಾದ ಮೋಡ್, ಲಾಂಚ್ ವೆಹಿಕಲ್‌ನ ಆಯ್ಕೆಯಲ್ಲಿ ಪ್ರಮುಖ ಪಾತ್ರ ವಹಿಸುತ್ತದೆ ಈ ಸಮಿತಿಯು ಗುರುತಿಸಿತು, ಮತ್ತು ಹೈಬ್ರಿಡ್ EOR-LOR ಮೋಡ್ ಅನ್ನು ಶಿಫಾರಸು ಮಾಡಿತು. LOR ಮಾತ್ರವಲ್ಲದೆ ಹೂಬೋಲ್ಟ್ ಅವರ ಕೊನೆರಹಿತ ಕೆಲಸವನ್ನು ಸಮಿತಿಯು ಪರಿಗಣಿಸಿದ್ದು— ಈ ಮಾರ್ಗೋಪಾಯದ ಕಾರ್ಯಸಾಧ್ಯತೆಯನ್ನು ಪ್ರಚಾರ ಮಾಡುವಲ್ಲಿ ಮುಖ್ಯ ಪಾತ್ರವನ್ನು ನಿರ್ವಹಿಸಿತು. 1961 ರ ಕೊನೆಗೆ ಮತ್ತು 1962 ರ ಆರಂಭದಲ್ಲಿ, ಮ್ಯಾನ್ಡ್ ಸ್ಪೇಸ್‌ಕ್ರಾಫ್ಟ್ ಸೆಂಟರ್‌ನ ಸದಸ್ಯರು LOR ಅನ್ನು ಬೆಂಬಲಿಸಲು ಆರಂಭಿಸಿದರು; ಮ್ಯಾನ್ಡ್ ಸ್ಪೇಸ್ ಫ್ಲೈಟ್ ಕಚೇರಿಯ ಡೆಪ್ಯುಟಿ ಡೈರೆಕ್ಟರ್ ಆಗಿ ಹೊಸದಾಗಿ ನಿಯುಕ್ತಿಗೊಂಡಿದ್ದ ಜೋಸೆಫ್ ಶೀ ಕೂಡಾ ಇವರಲ್ಲಿ ಸೇರಿದ್ದರು ಮತ್ತು ಇವರು LOR ನ ಮುಖ್ಯ ಪ್ರತಿಪಾದಕರಾದರು. ಮಾರ್ಶಲ್ ಸ್ಪೇಸ್ ಫ್ಲೈಟ್ ಸೆಂಟರ್‌ನ (MSFC) ಎಂಜಿನಿಯರ್‌ಗಳಿಗೆ ಇದರ ಸತ್ಪ್ರಯೋಜನಗಳ ಕುರಿತು ಮನವರಿಕೆಯಾಗಲು ಹೆಚ್ಚು ಸಮಯ ಬೇಕಾಯಿತು, ಆದರೆ ಜೂನ್ 1962 ರಲ್ಲಿ ವರ್ನ್‌ಹರ್ ವಾನ್ ಬ್ರೌನ್ ಅವರ ಘೋಷಣೆಯ ಮೂಲಕ ಅವರ ಪರಿವರ್ತನೆಯನ್ನು ಘೋಷಿಸಲಾಯಿತು.

ಪ್ರಶ್ನೆ:
ಸೀಮನ್ ಅವರು ಸ್ಥಾಪಿಸಿದ ಸಮಿತಿಯ ನೇತೃತ್ವವನ್ನು ಯಾರು ವಹಿಸಿದರು?

ಉತ್ತರ:"
38,1961.,ಜುಲೈ 1961,0.0,"ನೀನು ಸಹಾಯಕ, ನಿಖರ ಮತ್ತು ಸ್ಪಷ್ಟವಾಗಿ ಉತ್ತರಿಸುವ ಕನ್ನಡ AI ಸಹಾಯಕ. ಬಳಕೆದಾರರ ಪ್ರಶ್ನೆ ಅಥವಾ ಸೂಚನೆಗೆ ಕನ್ನಡದಲ್ಲೇ ಸೂಕ್ತ ಉತ್ತರ ನೀಡಿ.

ಕೆಳಗಿನ ಸಂದರ್ಭವನ್ನು ಓದಿ ಪ್ರಶ್ನೆಗೆ ಚಿಕ್ಕ ಕನ್ನಡ ಉತ್ತರ ನೀಡಿ.
ವಿವರಣೆ ಬೇಡ. ಕೇವಲ ಉತ್ತರ ಮಾತ್ರ ನೀಡಿ.

ಸಂದರ್ಭ:
 ಅಪೋಲೋ ಪ್ರೋಗ್ರಾಂನಲ್ಲಿ ಬಳಸುವುದಕ್ಕಾಗಿ ಲಾಂಚ್ ವೆಹಿಕಲ್ ಅನ್ನು ಶಿಫಾರಸು ಮಾಡಲು ಸೀಮನ್ ಅವರು ತನ್ನ ವಿಶೇಷ ತಾಂತ್ರಿಕ ಸಹಾಯಕ ನಿಕೋಲಸ್ ಇ. ಗೊಲೋವಿನ್ ನೇತೃತ್ವದ ತಾತ್ಕಾಲಿಕ ಸಮಿತಿಯನ್ನು 1961 ರಲ್ಲಿ ಸ್ಥಾಪಿಸಿದ್ದು, NASA ದ ಮಿಷನ್ ಮೋಡ್ ನಿರ್ಧಾರದಲ್ಲಿ ಒಂದು ಮಹತ್ವದ ತಿರುವನ್ನು ಪ್ರತಿನಿಧಿಸಿತು. ಆಯ್ಕೆ ಮಾಡಲಾದ ಮೋಡ್, ಲಾಂಚ್ ವೆಹಿಕಲ್‌ನ ಆಯ್ಕೆಯಲ್ಲಿ ಪ್ರಮುಖ ಪಾತ್ರ ವಹಿಸುತ್ತದೆ ಈ ಸಮಿತಿಯು ಗುರುತಿಸಿತು, ಮತ್ತು ಹೈಬ್ರಿಡ್ EOR-LOR ಮೋಡ್ ಅನ್ನು ಶಿಫಾರಸು ಮಾಡಿತು. LOR ಮಾತ್ರವಲ್ಲದೆ ಹೂಬೋಲ್ಟ್ ಅವರ ಕೊನೆರಹಿತ ಕೆಲಸವನ್ನು ಸಮಿತಿಯು ಪರಿಗಣಿಸಿದ್ದು— ಈ ಮಾರ್ಗೋಪಾಯದ ಕಾರ್ಯಸಾಧ್ಯತೆಯನ್ನು ಪ್ರಚಾರ ಮಾಡುವಲ್ಲಿ ಮುಖ್ಯ ಪಾತ್ರವನ್ನು ನಿರ್ವಹಿಸಿತು. 1961 ರ ಕೊನೆಗೆ ಮತ್ತು 1962 ರ ಆರಂಭದಲ್ಲಿ, ಮ್ಯಾನ್ಡ್ ಸ್ಪೇಸ್‌ಕ್ರಾಫ್ಟ್ ಸೆಂಟರ್‌ನ ಸದಸ್ಯರು LOR ಅನ್ನು ಬೆಂಬಲಿಸಲು ಆರಂಭಿಸಿದರು; ಮ್ಯಾನ್ಡ್ ಸ್ಪೇಸ್ ಫ್ಲೈಟ್ ಕಚೇರಿಯ ಡೆಪ್ಯುಟಿ ಡೈರೆಕ್ಟರ್ ಆಗಿ ಹೊಸದಾಗಿ ನಿಯುಕ್ತಿಗೊಂಡಿದ್ದ ಜೋಸೆಫ್ ಶೀ ಕೂಡಾ ಇವರಲ್ಲಿ ಸೇರಿದ್ದರು ಮತ್ತು ಇವರು LOR ನ ಮುಖ್ಯ ಪ್ರತಿಪಾದಕರಾದರು. ಮಾರ್ಶಲ್ ಸ್ಪೇಸ್ ಫ್ಲೈಟ್ ಸೆಂಟರ್‌ನ (MSFC) ಎಂಜಿನಿಯರ್‌ಗಳಿಗೆ ಇದರ ಸತ್ಪ್ರಯೋಜನಗಳ ಕುರಿತು ಮನವರಿಕೆಯಾಗಲು ಹೆಚ್ಚು ಸಮಯ ಬೇಕಾಯಿತು, ಆದರೆ ಜೂನ್ 1962 ರಲ್ಲಿ ವರ್ನ್‌ಹರ್ ವಾನ್ ಬ್ರೌನ್ ಅವರ ಘೋಷಣೆಯ ಮೂಲಕ ಅವರ ಪರಿವರ್ತನೆಯನ್ನು ಘೋಷಿಸಲಾಯಿತು.

ಪ್ರಶ್ನೆ:
ಸೀಮನ್ ಅವರ ಈ ಸಮಿತಿಯನ್ನು ಯಾವಾಗ ಸ್ಥಾಪಿಸಲಾಯಿತು?

ಉತ್ತರ:"
39,MSFC (ಮಾರ್ಶಲ್ ಸ್ಪೇಸ್ ಫ್ಲೈಟ್ ಸೆಂಟರ್).,ಮ್ಯಾನ್ಡ್ ಸ್ಪೇಸ್‌ಕ್ರಾಫ್ಟ್ ಸೆಂಟರ್‌,0.78125,"ನೀನು ಸಹಾಯಕ, ನಿಖರ ಮತ್ತು ಸ್ಪಷ್ಟವಾಗಿ ಉತ್ತರಿಸುವ ಕನ್ನಡ AI ಸಹಾಯಕ. ಬಳಕೆದಾರರ ಪ್ರಶ್ನೆ ಅಥವಾ ಸೂಚನೆಗೆ ಕನ್ನಡದಲ್ಲೇ ಸೂಕ್ತ ಉತ್ತರ ನೀಡಿ.

ಕೆಳಗಿನ ಸಂದರ್ಭವನ್ನು ಓದಿ ಪ್ರಶ್ನೆಗೆ ಚಿಕ್ಕ ಕನ್ನಡ ಉತ್ತರ ನೀಡಿ.
ವಿವರಣೆ ಬೇಡ. ಕೇವಲ ಉತ್ತರ ಮಾತ್ರ ನೀಡಿ.

ಸಂದರ್ಭ:
 ಅಪೋಲೋ ಪ್ರೋಗ್ರಾಂನಲ್ಲಿ ಬಳಸುವುದಕ್ಕಾಗಿ ಲಾಂಚ್ ವೆಹಿಕಲ್ ಅನ್ನು ಶಿಫಾರಸು ಮಾಡಲು ಸೀಮನ್ ಅವರು ತನ್ನ ವಿಶೇಷ ತಾಂತ್ರಿಕ ಸಹಾಯಕ ನಿಕೋಲಸ್ ಇ. ಗೊಲೋವಿನ್ ನೇತೃತ್ವದ ತಾತ್ಕಾಲಿಕ ಸಮಿತಿಯನ್ನು 1961 ರಲ್ಲಿ ಸ್ಥಾಪಿಸಿದ್ದು, NASA ದ ಮಿಷನ್ ಮೋಡ್ ನಿರ್ಧಾರದಲ್ಲಿ ಒಂದು ಮಹತ್ವದ ತಿರುವನ್ನು ಪ್ರತಿನಿಧಿಸಿತು. ಆಯ್ಕೆ ಮಾಡಲಾದ ಮೋಡ್, ಲಾಂಚ್ ವೆಹಿಕಲ್‌ನ ಆಯ್ಕೆಯಲ್ಲಿ ಪ್ರಮುಖ ಪಾತ್ರ ವಹಿಸುತ್ತದೆ ಈ ಸಮಿತಿಯು ಗುರುತಿಸಿತು, ಮತ್ತು ಹೈಬ್ರಿಡ್ EOR-LOR ಮೋಡ್ ಅನ್ನು ಶಿಫಾರಸು ಮಾಡಿತು. LOR ಮಾತ್ರವಲ್ಲದೆ ಹೂಬೋಲ್ಟ್ ಅವರ ಕೊನೆರಹಿತ ಕೆಲಸವನ್ನು ಸಮಿತಿಯು ಪರಿಗಣಿಸಿದ್ದು— ಈ ಮಾರ್ಗೋಪಾಯದ ಕಾರ್ಯಸಾಧ್ಯತೆಯನ್ನು ಪ್ರಚಾರ ಮಾಡುವಲ್ಲಿ ಮುಖ್ಯ ಪಾತ್ರವನ್ನು ನಿರ್ವಹಿಸಿತು. 1961 ರ ಕೊನೆಗೆ ಮತ್ತು 1962 ರ ಆರಂಭದಲ್ಲಿ, ಮ್ಯಾನ್ಡ್ ಸ್ಪೇಸ್‌ಕ್ರಾಫ್ಟ್ ಸೆಂಟರ್‌ನ ಸದಸ್ಯರು LOR ಅನ್ನು ಬೆಂಬಲಿಸಲು ಆರಂಭಿಸಿದರು; ಮ್ಯಾನ್ಡ್ ಸ್ಪೇಸ್ ಫ್ಲೈಟ್ ಕಚೇರಿಯ ಡೆಪ್ಯುಟಿ ಡೈರೆಕ್ಟರ್ ಆಗಿ ಹೊಸದಾಗಿ ನಿಯುಕ್ತಿಗೊಂಡಿದ್ದ ಜೋಸೆಫ್ ಶೀ ಕೂಡಾ ಇವರಲ್ಲಿ ಸೇರಿದ್ದರು ಮತ್ತು ಇವರು LOR ನ ಮುಖ್ಯ ಪ್ರತಿಪಾದಕರಾದರು. ಮಾರ್ಶಲ್ ಸ್ಪೇಸ್ ಫ್ಲೈಟ್ ಸೆಂಟರ್‌ನ (MSFC) ಎಂಜಿನಿಯರ್‌ಗಳಿಗೆ ಇದರ ಸತ್ಪ್ರಯೋಜನಗಳ ಕುರಿತು ಮನವರಿಕೆಯಾಗಲು ಹೆಚ್ಚು ಸಮಯ ಬೇಕಾಯಿತು, ಆದರೆ ಜೂನ್ 1962 ರಲ್ಲಿ ವರ್ನ್‌ಹರ್ ವಾನ್ ಬ್ರೌನ್ ಅವರ ಘೋಷಣೆಯ ಮೂಲಕ ಅವರ ಪರಿವರ್ತನೆಯನ್ನು ಘೋಷಿಸಲಾಯಿತು.

ಪ್ರಶ್ನೆ:
LOR ಅನ್ನು ಸಮರ್ಥಿಸಲು NASA ದ ಯಾವ ವಿಭಾಗವು ಮೊತ್ತಮೊದಲಿಗೆ ಮುಂದೆ ಬಂದಿತು?

ಉತ್ತರ:"
40,ಜೋಸೆಫ್ ಶೀ.,ಜೋಸೆಫ್ ಶೀ,0.8888888888888888,"ನೀನು ಸಹಾಯಕ, ನಿಖರ ಮತ್ತು ಸ್ಪಷ್ಟವಾಗಿ ಉತ್ತರಿಸುವ ಕನ್ನಡ AI ಸಹಾಯಕ. ಬಳಕೆದಾರರ ಪ್ರಶ್ನೆ ಅಥವಾ ಸೂಚನೆಗೆ ಕನ್ನಡದಲ್ಲೇ ಸೂಕ್ತ ಉತ್ತರ ನೀಡಿ.

ಕೆಳಗಿನ ಸಂದರ್ಭವನ್ನು ಓದಿ ಪ್ರಶ್ನೆಗೆ ಚಿಕ್ಕ ಕನ್ನಡ ಉತ್ತರ ನೀಡಿ.
ವಿವರಣೆ ಬೇಡ. ಕೇವಲ ಉತ್ತರ ಮಾತ್ರ ನೀಡಿ.

ಸಂದರ್ಭ:
 ಅಪೋಲೋ ಪ್ರೋಗ್ರಾಂನಲ್ಲಿ ಬಳಸುವುದಕ್ಕಾಗಿ ಲಾಂಚ್ ವೆಹಿಕಲ್ ಅನ್ನು ಶಿಫಾರಸು ಮಾಡಲು ಸೀಮನ್ ಅವರು ತನ್ನ ವಿಶೇಷ ತಾಂತ್ರಿಕ ಸಹಾಯಕ ನಿಕೋಲಸ್ ಇ. ಗೊಲೋವಿನ್ ನೇತೃತ್ವದ ತಾತ್ಕಾಲಿಕ ಸಮಿತಿಯನ್ನು 1961 ರಲ್ಲಿ ಸ್ಥಾಪಿಸಿದ್ದು, NASA ದ ಮಿಷನ್ ಮೋಡ್ ನಿರ್ಧಾರದಲ್ಲಿ ಒಂದು ಮಹತ್ವದ ತಿರುವನ್ನು ಪ್ರತಿನಿಧಿಸಿತು. ಆಯ್ಕೆ ಮಾಡಲಾದ ಮೋಡ್, ಲಾಂಚ್ ವೆಹಿಕಲ್‌ನ ಆಯ್ಕೆಯಲ್ಲಿ ಪ್ರಮುಖ ಪಾತ್ರ ವಹಿಸುತ್ತದೆ ಈ ಸಮಿತಿಯು ಗುರುತಿಸಿತು, ಮತ್ತು ಹೈಬ್ರಿಡ್ EOR-LOR ಮೋಡ್ ಅನ್ನು ಶಿಫಾರಸು ಮಾಡಿತು. LOR ಮಾತ್ರವಲ್ಲದೆ ಹೂಬೋಲ್ಟ್ ಅವರ ಕೊನೆರಹಿತ ಕೆಲಸವನ್ನು ಸಮಿತಿಯು ಪರಿಗಣಿಸಿದ್ದು— ಈ ಮಾರ್ಗೋಪಾಯದ ಕಾರ್ಯಸಾಧ್ಯತೆಯನ್ನು ಪ್ರಚಾರ ಮಾಡುವಲ್ಲಿ ಮುಖ್ಯ ಪಾತ್ರವನ್ನು ನಿರ್ವಹಿಸಿತು. 1961 ರ ಕೊನೆಗೆ ಮತ್ತು 1962 ರ ಆರಂಭದಲ್ಲಿ, ಮ್ಯಾನ್ಡ್ ಸ್ಪೇಸ್‌ಕ್ರಾಫ್ಟ್ ಸೆಂಟರ್‌ನ ಸದಸ್ಯರು LOR ಅನ್ನು ಬೆಂಬಲಿಸಲು ಆರಂಭಿಸಿದರು; ಮ್ಯಾನ್ಡ್ ಸ್ಪೇಸ್ ಫ್ಲೈಟ್ ಕಚೇರಿಯ ಡೆಪ್ಯುಟಿ ಡೈರೆಕ್ಟರ್ ಆಗಿ ಹೊಸದಾಗಿ ನಿಯುಕ್ತಿಗೊಂಡಿದ್ದ ಜೋಸೆಫ್ ಶೀ ಕೂಡಾ ಇವರಲ್ಲಿ ಸೇರಿದ್ದರು ಮತ್ತು ಇವರು LOR ನ ಮುಖ್ಯ ಪ್ರತಿಪಾದಕರಾದರು. ಮಾರ್ಶಲ್ ಸ್ಪೇಸ್ ಫ್ಲೈಟ್ ಸೆಂಟರ್‌ನ (MSFC) ಎಂಜಿನಿಯರ್‌ಗಳಿಗೆ ಇದರ ಸತ್ಪ್ರಯೋಜನಗಳ ಕುರಿತು ಮನವರಿಕೆಯಾಗಲು ಹೆಚ್ಚು ಸಮಯ ಬೇಕಾಯಿತು, ಆದರೆ ಜೂನ್ 1962 ರಲ್ಲಿ ವರ್ನ್‌ಹರ್ ವಾನ್ ಬ್ರೌನ್ ಅವರ ಘೋಷಣೆಯ ಮೂಲಕ ಅವರ ಪರಿವರ್ತನೆಯನ್ನು ಘೋಷಿಸಲಾಯಿತು.

ಪ್ರಶ್ನೆ:
ಮ್ಯಾನ್ಡ್ ಸ್ಪೇಸ್ ಫ್ಲೈಟ್ ಕಚೇರಿಯ ಡೆಪ್ಯುಟಿ ಡೈರೆಕ್ಟರ್ ಆಗಿ ಯಾರನ್ನು ನಿಯುಕ್ತಿಗೊಳಿಸಲಾಯಿತು?

ಉತ್ತರ:"
41,MSFC (ಮಾರ್ಶಲ್ ಸ್ಪೇಸ್ ಫ್ಲೈಟ್ ಸೆಂಟರ್).,ಮಾರ್ಶಲ್ ಸ್ಪೇಸ್ ಫ್ಲೈಟ್ ಸೆಂಟರ್‌,0.78125,"ನೀನು ಸಹಾಯಕ, ನಿಖರ ಮತ್ತು ಸ್ಪಷ್ಟವಾಗಿ ಉತ್ತರಿಸುವ ಕನ್ನಡ AI ಸಹಾಯಕ. ಬಳಕೆದಾರರ ಪ್ರಶ್ನೆ ಅಥವಾ ಸೂಚನೆಗೆ ಕನ್ನಡದಲ್ಲೇ ಸೂಕ್ತ ಉತ್ತರ ನೀಡಿ.

ಕೆಳಗಿನ ಸಂದರ್ಭವನ್ನು ಓದಿ ಪ್ರಶ್ನೆಗೆ ಚಿಕ್ಕ ಕನ್ನಡ ಉತ್ತರ ನೀಡಿ.
ವಿವರಣೆ ಬೇಡ. ಕೇವಲ ಉತ್ತರ ಮಾತ್ರ ನೀಡಿ.

ಸಂದರ್ಭ:
 ಅಪೋಲೋ ಪ್ರೋಗ್ರಾಂನಲ್ಲಿ ಬಳಸುವುದಕ್ಕಾಗಿ ಲಾಂಚ್ ವೆಹಿಕಲ್ ಅನ್ನು ಶಿಫಾರಸು ಮಾಡಲು ಸೀಮನ್ ಅವರು ತನ್ನ ವಿಶೇಷ ತಾಂತ್ರಿಕ ಸಹಾಯಕ ನಿಕೋಲಸ್ ಇ. ಗೊಲೋವಿನ್ ನೇತೃತ್ವದ ತಾತ್ಕಾಲಿಕ ಸಮಿತಿಯನ್ನು 1961 ರಲ್ಲಿ ಸ್ಥಾಪಿಸಿದ್ದು, NASA ದ ಮಿಷನ್ ಮೋಡ್ ನಿರ್ಧಾರದಲ್ಲಿ ಒಂದು ಮಹತ್ವದ ತಿರುವನ್ನು ಪ್ರತಿನಿಧಿಸಿತು. ಆಯ್ಕೆ ಮಾಡಲಾದ ಮೋಡ್, ಲಾಂಚ್ ವೆಹಿಕಲ್‌ನ ಆಯ್ಕೆಯಲ್ಲಿ ಪ್ರಮುಖ ಪಾತ್ರ ವಹಿಸುತ್ತದೆ ಈ ಸಮಿತಿಯು ಗುರುತಿಸಿತು, ಮತ್ತು ಹೈಬ್ರಿಡ್ EOR-LOR ಮೋಡ್ ಅನ್ನು ಶಿಫಾರಸು ಮಾಡಿತು. LOR ಮಾತ್ರವಲ್ಲದೆ ಹೂಬೋಲ್ಟ್ ಅವರ ಕೊನೆರಹಿತ ಕೆಲಸವನ್ನು ಸಮಿತಿಯು ಪರಿಗಣಿಸಿದ್ದು— ಈ ಮಾರ್ಗೋಪಾಯದ ಕಾರ್ಯಸಾಧ್ಯತೆಯನ್ನು ಪ್ರಚಾರ ಮಾಡುವಲ್ಲಿ ಮುಖ್ಯ ಪಾತ್ರವನ್ನು ನಿರ್ವಹಿಸಿತು. 1961 ರ ಕೊನೆಗೆ ಮತ್ತು 1962 ರ ಆರಂಭದಲ್ಲಿ, ಮ್ಯಾನ್ಡ್ ಸ್ಪೇಸ್‌ಕ್ರಾಫ್ಟ್ ಸೆಂಟರ್‌ನ ಸದಸ್ಯರು LOR ಅನ್ನು ಬೆಂಬಲಿಸಲು ಆರಂಭಿಸಿದರು; ಮ್ಯಾನ್ಡ್ ಸ್ಪೇಸ್ ಫ್ಲೈಟ್ ಕಚೇರಿಯ ಡೆಪ್ಯುಟಿ ಡೈರೆಕ್ಟರ್ ಆಗಿ ಹೊಸದಾಗಿ ನಿಯುಕ್ತಿಗೊಂಡಿದ್ದ ಜೋಸೆಫ್ ಶೀ ಕೂಡಾ ಇವರಲ್ಲಿ ಸೇರಿದ್ದರು ಮತ್ತು ಇವರು LOR ನ ಮುಖ್ಯ ಪ್ರತಿಪಾದಕರಾದರು. ಮಾರ್ಶಲ್ ಸ್ಪೇಸ್ ಫ್ಲೈಟ್ ಸೆಂಟರ್‌ನ (MSFC) ಎಂಜಿನಿಯರ್‌ಗಳಿಗೆ ಇದರ ಸತ್ಪ್ರಯೋಜನಗಳ ಕುರಿತು ಮನವರಿಕೆಯಾಗಲು ಹೆಚ್ಚು ಸಮಯ ಬೇಕಾಯಿತು, ಆದರೆ ಜೂನ್ 1962 ರಲ್ಲಿ ವರ್ನ್‌ಹರ್ ವಾನ್ ಬ್ರೌನ್ ಅವರ ಘೋಷಣೆಯ ಮೂಲಕ ಅವರ ಪರಿವರ್ತನೆಯನ್ನು ಘೋಷಿಸಲಾಯಿತು.

ಪ್ರಶ್ನೆ:
LOR ನ ಪರಿಕಲ್ಪನೆಯನ್ನು ಕೊನೆಯದಾಗಿ ಒಪ್ಪಿಕೊಂಡ NASA ಕೇಂದ್ರ ಯಾವುದು?

ಉತ್ತರ:"
42,The Green Lung of the World (ವಿಶ್ವದ ಹಸಿರು ಶ್ವಾಸಕೋಶ).,"ಇಂಗ್ಲಿಷ್‌ನಲ್ಲಿ ಅಮೆಜೋನಿಯ ಅಥವಾ ಅಮೆಜಾನ್ ಜಂಗಲ್ ಎಂದೂ ಸಹ ಕರೆಯುತ್ತಾರೆ,",0.4318181818181818,"ನೀನು ಸಹಾಯಕ, ನಿಖರ ಮತ್ತು ಸ್ಪಷ್ಟವಾಗಿ ಉತ್ತರಿಸುವ ಕನ್ನಡ AI ಸಹಾಯಕ. ಬಳಕೆದಾರರ ಪ್ರಶ್ನೆ ಅಥವಾ ಸೂಚನೆಗೆ ಕನ್ನಡದಲ್ಲೇ ಸೂಕ್ತ ಉತ್ತರ ನೀಡಿ.

ಕೆಳಗಿನ ಸಂದರ್ಭವನ್ನು ಓದಿ ಪ್ರಶ್ನೆಗೆ ಚಿಕ್ಕ ಕನ್ನಡ ಉತ್ತರ ನೀಡಿ.
ವಿವರಣೆ ಬೇಡ. ಕೇವಲ ಉತ್ತರ ಮಾತ್ರ ನೀಡಿ.

ಸಂದರ್ಭ:
ಅಮೆಜಾನ್ ಮಳೆಕಾಡು (ಪೋರ್ಚುಗೀಸ್: Floresta Amazônica ಅಥವಾ Amazônia; ಸ್ಪ್ಯಾನಿಶ್: Selva Amazónica, Amazonía ಅಥವಾ ಸಾಮಾನ್ಯವಾಗಿ Amazonia; ಫ್ರೆಂಚ್: Forêt amazonienne; ಡಚ್: Amazoneregenwoud), ಎಂಬುದು ದಕ್ಷಿಣ ಅಮೇರಿಕಾದ ಅಮೆಜಾನ್ ಜಲಾನಯನ ಪ್ರದೇಶದ ಬಹುಭಾಗವನ್ನು ಅವರಿಸಿರುವ ತೇವಭರಿತವಾದ ಅಗಲ-ಎಲೆಗಳ ಕಾಡು; ಇದನ್ನು ಇಂಗ್ಲಿಷ್‌ನಲ್ಲಿ ಅಮೆಜೋನಿಯ ಅಥವಾ ಅಮೆಜಾನ್ ಜಂಗಲ್ ಎಂದೂ ಸಹ ಕರೆಯುತ್ತಾರೆ. ಈ ಜಲಾನಯನ ಪ್ರದೇಶವು 7,000,000 ಚದರ ಕಿಲೋಮೀಟರ್‌ಗಳನ್ನು (2,700,000 ಚದರ ಮೈಲಿ) ವ್ಯಾಪಿಸಿದೆ, ಇದರಲ್ಲಿ 5,500,000 ಚದರ ಕಿಲೋಮೀಟರ್‌ಗಳನ್ನು (2,100,000 ಚದರ ಮೈಲಿ) ಮಳೆಕಾಡು ಆವರಿಸಿದೆ. ಈ ಪ್ರದೇಶವು ಒಂಭತ್ತು ದೇಶಗಳಿಗೆ ಸೇರಿದ ಪ್ರಾಂತ್ಯವನ್ನು ಸಹ ಒಳಗೊಂಡಿದೆ. ಕಾಡಿನ ಬಹುತೇಕ ಭಾಗ ಅಂದರೆ ಮಳೆಕಾಡಿನ 60% ಭಾಗ ಬ್ರಝೀಲ್‌ನಲ್ಲಿದೆ, ಪೆರುವಿನಲ್ಲಿ 13% ಇದೆ, ಕೊಲಂಬಿಯಾದಲ್ಲಿ 10% ಇದೆ, ಮತ್ತು ವೆನೆಝುವೆಲಾ, ಈಕ್ವಡಾರ್, ಬೊಲಿವಿಯ, ಗಯಾನಾ, ಸುರಿನಾಮೆ ಹಾಗೂ ಫ್ರೆಂಚ್ ಗಯಾನಾದಲ್ಲಿ ಅಲ್ಪ ಪ್ರಮಾಣದ ಮಳೆಕಾಡು ಇದೆ. ನಾಲ್ಕು ದೇಶಗಳಲ್ಲಿನ ರಾಜ್ಯಗಳು ಅಥವಾ ವಿಭಾಗಗಳ ಹೆಸರಿನಲ್ಲಿ ""Amazonas"" ಒಳಗೊಂಡಿದೆ. ಈ ಗ್ರಹದಲ್ಲಿ ಉಳಿದಿರುವ ಮಳೆಕಾಡುಗಳಲ್ಲಿ, ಅಮೆಜಾನ್, ಅರ್ಧಕ್ಕಿಂತಲೂ ಹೆಚ್ಚು ಭಾಗವನ್ನು ಪ್ರತಿನಿಧಿಸುತ್ತದೆ, ಮತ್ತು ಅಂದಾಜು 16,000 ಜಾತಿಗಳಲ್ಲಿ ವಿಭಜಿಸಲಾಗಿರುವ 390 ಬಿಲಿಯನ್ ಪ್ರತ್ಯೇಕ ಮರಗಳೊಂದಿಗೆ, ಪ್ರಪಂಚದಲ್ಲೇ ಅತ್ಯಧಿಕ ಜೈವಿಕ ವೈವಿಧ್ಯತೆಯುಳ್ಳ ಉಷ್ಣವಲಯದ ಮಳೆಕಾಡು ಪಟ್ಟಿಯನ್ನು ಒಳಗೊಂಡಿದೆ.

ಪ್ರಶ್ನೆ:
ಇಂಗ್ಲಿಷ್‌ನಲ್ಲಿ ಅಮೆಜಾನ್ ಮಳೆಕಾಡನ್ನು ವರ್ಣಿಸಲು ಯಾವ ಹೆಸರನ್ನು ಸಹ ಬಳಸಲಾಗುತ್ತದೆ?

ಉತ್ತರ:"
43,"7,000,000 ಚದರ ಕಿಲೋಮೀಟರ್‌ಗಳು (2,700,000 ಚದರ ಮೈಲಿ).","5,500,000",0.5,"ನೀನು ಸಹಾಯಕ, ನಿಖರ ಮತ್ತು ಸ್ಪಷ್ಟವಾಗಿ ಉತ್ತರಿಸುವ ಕನ್ನಡ AI ಸಹಾಯಕ. ಬಳಕೆದಾರರ ಪ್ರಶ್ನೆ ಅಥವಾ ಸೂಚನೆಗೆ ಕನ್ನಡದಲ್ಲೇ ಸೂಕ್ತ ಉತ್ತರ ನೀಡಿ.

ಕೆಳಗಿನ ಸಂದರ್ಭವನ್ನು ಓದಿ ಪ್ರಶ್ನೆಗೆ ಚಿಕ್ಕ ಕನ್ನಡ ಉತ್ತರ ನೀಡಿ.
ವಿವರಣೆ ಬೇಡ. ಕೇವಲ ಉತ್ತರ ಮಾತ್ರ ನೀಡಿ.

ಸಂದರ್ಭ:
ಅಮೆಜಾನ್ ಮಳೆಕಾಡು (ಪೋರ್ಚುಗೀಸ್: Floresta Amazônica ಅಥವಾ Amazônia; ಸ್ಪ್ಯಾನಿಶ್: Selva Amazónica, Amazonía ಅಥವಾ ಸಾಮಾನ್ಯವಾಗಿ Amazonia; ಫ್ರೆಂಚ್: Forêt amazonienne; ಡಚ್: Amazoneregenwoud), ಎಂಬುದು ದಕ್ಷಿಣ ಅಮೇರಿಕಾದ ಅಮೆಜಾನ್ ಜಲಾನಯನ ಪ್ರದೇಶದ ಬಹುಭಾಗವನ್ನು ಅವರಿಸಿರುವ ತೇವಭರಿತವಾದ ಅಗಲ-ಎಲೆಗಳ ಕಾಡು; ಇದನ್ನು ಇಂಗ್ಲಿಷ್‌ನಲ್ಲಿ ಅಮೆಜೋನಿಯ ಅಥವಾ ಅಮೆಜಾನ್ ಜಂಗಲ್ ಎಂದೂ ಸಹ ಕರೆಯುತ್ತಾರೆ. ಈ ಜಲಾನಯನ ಪ್ರದೇಶವು 7,000,000 ಚದರ ಕಿಲೋಮೀಟರ್‌ಗಳನ್ನು (2,700,000 ಚದರ ಮೈಲಿ) ವ್ಯಾಪಿಸಿದೆ, ಇದರಲ್ಲಿ 5,500,000 ಚದರ ಕಿಲೋಮೀಟರ್‌ಗಳನ್ನು (2,100,000 ಚದರ ಮೈಲಿ) ಮಳೆಕಾಡು ಆವರಿಸಿದೆ. ಈ ಪ್ರದೇಶವು ಒಂಭತ್ತು ದೇಶಗಳಿಗೆ ಸೇರಿದ ಪ್ರಾಂತ್ಯವನ್ನು ಸಹ ಒಳಗೊಂಡಿದೆ. ಕಾಡಿನ ಬಹುತೇಕ ಭಾಗ ಅಂದರೆ ಮಳೆಕಾಡಿನ 60% ಭಾಗ ಬ್ರಝೀಲ್‌ನಲ್ಲಿದೆ, ಪೆರುವಿನಲ್ಲಿ 13% ಇದೆ, ಕೊಲಂಬಿಯಾದಲ್ಲಿ 10% ಇದೆ, ಮತ್ತು ವೆನೆಝುವೆಲಾ, ಈಕ್ವಡಾರ್, ಬೊಲಿವಿಯ, ಗಯಾನಾ, ಸುರಿನಾಮೆ ಹಾಗೂ ಫ್ರೆಂಚ್ ಗಯಾನಾದಲ್ಲಿ ಅಲ್ಪ ಪ್ರಮಾಣದ ಮಳೆಕಾಡು ಇದೆ. ನಾಲ್ಕು ದೇಶಗಳಲ್ಲಿನ ರಾಜ್ಯಗಳು ಅಥವಾ ವಿಭಾಗಗಳ ಹೆಸರಿನಲ್ಲಿ ""Amazonas"" ಒಳಗೊಂಡಿದೆ. ಈ ಗ್ರಹದಲ್ಲಿ ಉಳಿದಿರುವ ಮಳೆಕಾಡುಗಳಲ್ಲಿ, ಅಮೆಜಾನ್, ಅರ್ಧಕ್ಕಿಂತಲೂ ಹೆಚ್ಚು ಭಾಗವನ್ನು ಪ್ರತಿನಿಧಿಸುತ್ತದೆ, ಮತ್ತು ಅಂದಾಜು 16,000 ಜಾತಿಗಳಲ್ಲಿ ವಿಭಜಿಸಲಾಗಿರುವ 390 ಬಿಲಿಯನ್ ಪ್ರತ್ಯೇಕ ಮರಗಳೊಂದಿಗೆ, ಪ್ರಪಂಚದಲ್ಲೇ ಅತ್ಯಧಿಕ ಜೈವಿಕ ವೈವಿಧ್ಯತೆಯುಳ್ಳ ಉಷ್ಣವಲಯದ ಮಳೆಕಾಡು ಪಟ್ಟಿಯನ್ನು ಒಳಗೊಂಡಿದೆ.

ಪ್ರಶ್ನೆ:
ಜಲಾನಯನವು ಮಳೆಕಾಡಿನ ಎಷ್ಟು ಚದರ ಕಿಲೋಮೀಟರ್‌ಗಳನ್ನು ಒಳಗೊಂಡಿದೆ?

ಉತ್ತರ:"
44,9 ದೇಶಗಳು.,ಒಂಭತ್ತು,0.75,"ನೀನು ಸಹಾಯಕ, ನಿಖರ ಮತ್ತು ಸ್ಪಷ್ಟವಾಗಿ ಉತ್ತರಿಸುವ ಕನ್ನಡ AI ಸಹಾಯಕ. ಬಳಕೆದಾರರ ಪ್ರಶ್ನೆ ಅಥವಾ ಸೂಚನೆಗೆ ಕನ್ನಡದಲ್ಲೇ ಸೂಕ್ತ ಉತ್ತರ ನೀಡಿ.

ಕೆಳಗಿನ ಸಂದರ್ಭವನ್ನು ಓದಿ ಪ್ರಶ್ನೆಗೆ ಚಿಕ್ಕ ಕನ್ನಡ ಉತ್ತರ ನೀಡಿ.
ವಿವರಣೆ ಬೇಡ. ಕೇವಲ ಉತ್ತರ ಮಾತ್ರ ನೀಡಿ.

ಸಂದರ್ಭ:
ಅಮೆಜಾನ್ ಮಳೆಕಾಡು (ಪೋರ್ಚುಗೀಸ್: Floresta Amazônica ಅಥವಾ Amazônia; ಸ್ಪ್ಯಾನಿಶ್: Selva Amazónica, Amazonía ಅಥವಾ ಸಾಮಾನ್ಯವಾಗಿ Amazonia; ಫ್ರೆಂಚ್: Forêt amazonienne; ಡಚ್: Amazoneregenwoud), ಎಂಬುದು ದಕ್ಷಿಣ ಅಮೇರಿಕಾದ ಅಮೆಜಾನ್ ಜಲಾನಯನ ಪ್ರದೇಶದ ಬಹುಭಾಗವನ್ನು ಅವರಿಸಿರುವ ತೇವಭರಿತವಾದ ಅಗಲ-ಎಲೆಗಳ ಕಾಡು; ಇದನ್ನು ಇಂಗ್ಲಿಷ್‌ನಲ್ಲಿ ಅಮೆಜೋನಿಯ ಅಥವಾ ಅಮೆಜಾನ್ ಜಂಗಲ್ ಎಂದೂ ಸಹ ಕರೆಯುತ್ತಾರೆ. ಈ ಜಲಾನಯನ ಪ್ರದೇಶವು 7,000,000 ಚದರ ಕಿಲೋಮೀಟರ್‌ಗಳನ್ನು (2,700,000 ಚದರ ಮೈಲಿ) ವ್ಯಾಪಿಸಿದೆ, ಇದರಲ್ಲಿ 5,500,000 ಚದರ ಕಿಲೋಮೀಟರ್‌ಗಳನ್ನು (2,100,000 ಚದರ ಮೈಲಿ) ಮಳೆಕಾಡು ಆವರಿಸಿದೆ. ಈ ಪ್ರದೇಶವು ಒಂಭತ್ತು ದೇಶಗಳಿಗೆ ಸೇರಿದ ಪ್ರಾಂತ್ಯವನ್ನು ಸಹ ಒಳಗೊಂಡಿದೆ. ಕಾಡಿನ ಬಹುತೇಕ ಭಾಗ ಅಂದರೆ ಮಳೆಕಾಡಿನ 60% ಭಾಗ ಬ್ರಝೀಲ್‌ನಲ್ಲಿದೆ, ಪೆರುವಿನಲ್ಲಿ 13% ಇದೆ, ಕೊಲಂಬಿಯಾದಲ್ಲಿ 10% ಇದೆ, ಮತ್ತು ವೆನೆಝುವೆಲಾ, ಈಕ್ವಡಾರ್, ಬೊಲಿವಿಯ, ಗಯಾನಾ, ಸುರಿನಾಮೆ ಹಾಗೂ ಫ್ರೆಂಚ್ ಗಯಾನಾದಲ್ಲಿ ಅಲ್ಪ ಪ್ರಮಾಣದ ಮಳೆಕಾಡು ಇದೆ. ನಾಲ್ಕು ದೇಶಗಳಲ್ಲಿನ ರಾಜ್ಯಗಳು ಅಥವಾ ವಿಭಾಗಗಳ ಹೆಸರಿನಲ್ಲಿ ""Amazonas"" ಒಳಗೊಂಡಿದೆ. ಈ ಗ್ರಹದಲ್ಲಿ ಉಳಿದಿರುವ ಮಳೆಕಾಡುಗಳಲ್ಲಿ, ಅಮೆಜಾನ್, ಅರ್ಧಕ್ಕಿಂತಲೂ ಹೆಚ್ಚು ಭಾಗವನ್ನು ಪ್ರತಿನಿಧಿಸುತ್ತದೆ, ಮತ್ತು ಅಂದಾಜು 16,000 ಜಾತಿಗಳಲ್ಲಿ ವಿಭಜಿಸಲಾಗಿರುವ 390 ಬಿಲಿಯನ್ ಪ್ರತ್ಯೇಕ ಮರಗಳೊಂದಿಗೆ, ಪ್ರಪಂಚದಲ್ಲೇ ಅತ್ಯಧಿಕ ಜೈವಿಕ ವೈವಿಧ್ಯತೆಯುಳ್ಳ ಉಷ್ಣವಲಯದ ಮಳೆಕಾಡು ಪಟ್ಟಿಯನ್ನು ಒಳಗೊಂಡಿದೆ.

ಪ್ರಶ್ನೆ:
ಈ ಪ್ರದೇಶವನ್ನು ಒಟ್ಟು ಎಷ್ಟು ದೇಶಗಳು ನಿಯಂತ್ರಿಸುತ್ತವೆ?

ಉತ್ತರ:"
45,"ನಾಲ್ಕು ದೇಶಗಳು: ಬ್ರೆಜಿಲ್‌ಗೆ 'Amazonas' (ಬ್ರაზಿಲ್‌ಗೆ), ಪೆರುವಿಗೆ 'Perú', ಕೊಲಂಬಿಯಾದಲ್ಲಿ 'Colômbia' ಮತ್ತು ವೆನೆಝುವೆಲಾಕ್ಕೆ 'Venezuela'.",ನಾಲ್ಕು,0.5982905982905983,"ನೀನು ಸಹಾಯಕ, ನಿಖರ ಮತ್ತು ಸ್ಪಷ್ಟವಾಗಿ ಉತ್ತರಿಸುವ ಕನ್ನಡ AI ಸಹಾಯಕ. ಬಳಕೆದಾರರ ಪ್ರಶ್ನೆ ಅಥವಾ ಸೂಚನೆಗೆ ಕನ್ನಡದಲ್ಲೇ ಸೂಕ್ತ ಉತ್ತರ ನೀಡಿ.

ಕೆಳಗಿನ ಸಂದರ್ಭವನ್ನು ಓದಿ ಪ್ರಶ್ನೆಗೆ ಚಿಕ್ಕ ಕನ್ನಡ ಉತ್ತರ ನೀಡಿ.
ವಿವರಣೆ ಬೇಡ. ಕೇವಲ ಉತ್ತರ ಮಾತ್ರ ನೀಡಿ.

ಸಂದರ್ಭ:
ಅಮೆಜಾನ್ ಮಳೆಕಾಡು (ಪೋರ್ಚುಗೀಸ್: Floresta Amazônica ಅಥವಾ Amazônia; ಸ್ಪ್ಯಾನಿಶ್: Selva Amazónica, Amazonía ಅಥವಾ ಸಾಮಾನ್ಯವಾಗಿ Amazonia; ಫ್ರೆಂಚ್: Forêt amazonienne; ಡಚ್: Amazoneregenwoud), ಎಂಬುದು ದಕ್ಷಿಣ ಅಮೇರಿಕಾದ ಅಮೆಜಾನ್ ಜಲಾನಯನ ಪ್ರದೇಶದ ಬಹುಭಾಗವನ್ನು ಅವರಿಸಿರುವ ತೇವಭರಿತವಾದ ಅಗಲ-ಎಲೆಗಳ ಕಾಡು; ಇದನ್ನು ಇಂಗ್ಲಿಷ್‌ನಲ್ಲಿ ಅಮೆಜೋನಿಯ ಅಥವಾ ಅಮೆಜಾನ್ ಜಂಗಲ್ ಎಂದೂ ಸಹ ಕರೆಯುತ್ತಾರೆ. ಈ ಜಲಾನಯನ ಪ್ರದೇಶವು 7,000,000 ಚದರ ಕಿಲೋಮೀಟರ್‌ಗಳನ್ನು (2,700,000 ಚದರ ಮೈಲಿ) ವ್ಯಾಪಿಸಿದೆ, ಇದರಲ್ಲಿ 5,500,000 ಚದರ ಕಿಲೋಮೀಟರ್‌ಗಳನ್ನು (2,100,000 ಚದರ ಮೈಲಿ) ಮಳೆಕಾಡು ಆವರಿಸಿದೆ. ಈ ಪ್ರದೇಶವು ಒಂಭತ್ತು ದೇಶಗಳಿಗೆ ಸೇರಿದ ಪ್ರಾಂತ್ಯವನ್ನು ಸಹ ಒಳಗೊಂಡಿದೆ. ಕಾಡಿನ ಬಹುತೇಕ ಭಾಗ ಅಂದರೆ ಮಳೆಕಾಡಿನ 60% ಭಾಗ ಬ್ರಝೀಲ್‌ನಲ್ಲಿದೆ, ಪೆರುವಿನಲ್ಲಿ 13% ಇದೆ, ಕೊಲಂಬಿಯಾದಲ್ಲಿ 10% ಇದೆ, ಮತ್ತು ವೆನೆಝುವೆಲಾ, ಈಕ್ವಡಾರ್, ಬೊಲಿವಿಯ, ಗಯಾನಾ, ಸುರಿನಾಮೆ ಹಾಗೂ ಫ್ರೆಂಚ್ ಗಯಾನಾದಲ್ಲಿ ಅಲ್ಪ ಪ್ರಮಾಣದ ಮಳೆಕಾಡು ಇದೆ. ನಾಲ್ಕು ದೇಶಗಳಲ್ಲಿನ ರಾಜ್ಯಗಳು ಅಥವಾ ವಿಭಾಗಗಳ ಹೆಸರಿನಲ್ಲಿ ""Amazonas"" ಒಳಗೊಂಡಿದೆ. ಈ ಗ್ರಹದಲ್ಲಿ ಉಳಿದಿರುವ ಮಳೆಕಾಡುಗಳಲ್ಲಿ, ಅಮೆಜಾನ್, ಅರ್ಧಕ್ಕಿಂತಲೂ ಹೆಚ್ಚು ಭಾಗವನ್ನು ಪ್ರತಿನಿಧಿಸುತ್ತದೆ, ಮತ್ತು ಅಂದಾಜು 16,000 ಜಾತಿಗಳಲ್ಲಿ ವಿಭಜಿಸಲಾಗಿರುವ 390 ಬಿಲಿಯನ್ ಪ್ರತ್ಯೇಕ ಮರಗಳೊಂದಿಗೆ, ಪ್ರಪಂಚದಲ್ಲೇ ಅತ್ಯಧಿಕ ಜೈವಿಕ ವೈವಿಧ್ಯತೆಯುಳ್ಳ ಉಷ್ಣವಲಯದ ಮಳೆಕಾಡು ಪಟ್ಟಿಯನ್ನು ಒಳಗೊಂಡಿದೆ.

ಪ್ರಶ್ನೆ:
ಎಷ್ಟು ದೇಶಗಳು ತಮ್ಮ ಹೆಸರಿನಲ್ಲಿ ""Amazonas""ನ್ನು ಹೊಂದಿವೆ?

ಉತ್ತರ:"
46,"ಅಂದಾಜು 60% (ಅಥವಾ 16,000 ಜಾತಿಗಳಲ್ಲಿ 390 ಬಿಲಿಯನ್ ಮರಗಳೊಂದಿಗೆ).","ಈ ಗ್ರಹದಲ್ಲಿ ಉಳಿದಿರುವ ಮಳೆಕಾಡುಗಳಲ್ಲಿ, ಅಮೆಜಾನ್, ಅರ್ಧಕ್ಕಿಂತಲೂ ಹೆಚ್ಚು ಭಾಗವನ್ನು ಪ್ರತಿನಿಧಿಸುತ್ತದೆ",0.7115384615384616,"ನೀನು ಸಹಾಯಕ, ನಿಖರ ಮತ್ತು ಸ್ಪಷ್ಟವಾಗಿ ಉತ್ತರಿಸುವ ಕನ್ನಡ AI ಸಹಾಯಕ. ಬಳಕೆದಾರರ ಪ್ರಶ್ನೆ ಅಥವಾ ಸೂಚನೆಗೆ ಕನ್ನಡದಲ್ಲೇ ಸೂಕ್ತ ಉತ್ತರ ನೀಡಿ.

ಕೆಳಗಿನ ಸಂದರ್ಭವನ್ನು ಓದಿ ಪ್ರಶ್ನೆಗೆ ಚಿಕ್ಕ ಕನ್ನಡ ಉತ್ತರ ನೀಡಿ.
ವಿವರಣೆ ಬೇಡ. ಕೇವಲ ಉತ್ತರ ಮಾತ್ರ ನೀಡಿ.

ಸಂದರ್ಭ:
ಅಮೆಜಾನ್ ಮಳೆಕಾಡು (ಪೋರ್ಚುಗೀಸ್: Floresta Amazônica ಅಥವಾ Amazônia; ಸ್ಪ್ಯಾನಿಶ್: Selva Amazónica, Amazonía ಅಥವಾ ಸಾಮಾನ್ಯವಾಗಿ Amazonia; ಫ್ರೆಂಚ್: Forêt amazonienne; ಡಚ್: Amazoneregenwoud), ಎಂಬುದು ದಕ್ಷಿಣ ಅಮೇರಿಕಾದ ಅಮೆಜಾನ್ ಜಲಾನಯನ ಪ್ರದೇಶದ ಬಹುಭಾಗವನ್ನು ಅವರಿಸಿರುವ ತೇವಭರಿತವಾದ ಅಗಲ-ಎಲೆಗಳ ಕಾಡು; ಇದನ್ನು ಇಂಗ್ಲಿಷ್‌ನಲ್ಲಿ ಅಮೆಜೋನಿಯ ಅಥವಾ ಅಮೆಜಾನ್ ಜಂಗಲ್ ಎಂದೂ ಸಹ ಕರೆಯುತ್ತಾರೆ. ಈ ಜಲಾನಯನ ಪ್ರದೇಶವು 7,000,000 ಚದರ ಕಿಲೋಮೀಟರ್‌ಗಳನ್ನು (2,700,000 ಚದರ ಮೈಲಿ) ವ್ಯಾಪಿಸಿದೆ, ಇದರಲ್ಲಿ 5,500,000 ಚದರ ಕಿಲೋಮೀಟರ್‌ಗಳನ್ನು (2,100,000 ಚದರ ಮೈಲಿ) ಮಳೆಕಾಡು ಆವರಿಸಿದೆ. ಈ ಪ್ರದೇಶವು ಒಂಭತ್ತು ದೇಶಗಳಿಗೆ ಸೇರಿದ ಪ್ರಾಂತ್ಯವನ್ನು ಸಹ ಒಳಗೊಂಡಿದೆ. ಕಾಡಿನ ಬಹುತೇಕ ಭಾಗ ಅಂದರೆ ಮಳೆಕಾಡಿನ 60% ಭಾಗ ಬ್ರಝೀಲ್‌ನಲ್ಲಿದೆ, ಪೆರುವಿನಲ್ಲಿ 13% ಇದೆ, ಕೊಲಂಬಿಯಾದಲ್ಲಿ 10% ಇದೆ, ಮತ್ತು ವೆನೆಝುವೆಲಾ, ಈಕ್ವಡಾರ್, ಬೊಲಿವಿಯ, ಗಯಾನಾ, ಸುರಿನಾಮೆ ಹಾಗೂ ಫ್ರೆಂಚ್ ಗಯಾನಾದಲ್ಲಿ ಅಲ್ಪ ಪ್ರಮಾಣದ ಮಳೆಕಾಡು ಇದೆ. ನಾಲ್ಕು ದೇಶಗಳಲ್ಲಿನ ರಾಜ್ಯಗಳು ಅಥವಾ ವಿಭಾಗಗಳ ಹೆಸರಿನಲ್ಲಿ ""Amazonas"" ಒಳಗೊಂಡಿದೆ. ಈ ಗ್ರಹದಲ್ಲಿ ಉಳಿದಿರುವ ಮಳೆಕಾಡುಗಳಲ್ಲಿ, ಅಮೆಜಾನ್, ಅರ್ಧಕ್ಕಿಂತಲೂ ಹೆಚ್ಚು ಭಾಗವನ್ನು ಪ್ರತಿನಿಧಿಸುತ್ತದೆ, ಮತ್ತು ಅಂದಾಜು 16,000 ಜಾತಿಗಳಲ್ಲಿ ವಿಭಜಿಸಲಾಗಿರುವ 390 ಬಿಲಿಯನ್ ಪ್ರತ್ಯೇಕ ಮರಗಳೊಂದಿಗೆ, ಪ್ರಪಂಚದಲ್ಲೇ ಅತ್ಯಧಿಕ ಜೈವಿಕ ವೈವಿಧ್ಯತೆಯುಳ್ಳ ಉಷ್ಣವಲಯದ ಮಳೆಕಾಡು ಪಟ್ಟಿಯನ್ನು ಒಳಗೊಂಡಿದೆ.

ಪ್ರಶ್ನೆ:
ಈ ಗ್ರಹದಲ್ಲಿನ ಮಳೆಕಾಡುಗಳಲ್ಲಿ ಎಷ್ಟು ಶೇಕಡಾ ಪ್ರದೇಶವನ್ನು ಅಮೆಜಾನ್ ಪ್ರತಿನಿಧಿಸುತ್ತದೆ?

ಉತ್ತರ:"
47,Amazoneregenwoud (ಅಥವಾ Amazonia),Amazoneregenwoud,0.13333333333333333,"ನೀನು ಸಹಾಯಕ, ನಿಖರ ಮತ್ತು ಸ್ಪಷ್ಟವಾಗಿ ಉತ್ತರಿಸುವ ಕನ್ನಡ AI ಸಹಾಯಕ. ಬಳಕೆದಾರರ ಪ್ರಶ್ನೆ ಅಥವಾ ಸೂಚನೆಗೆ ಕನ್ನಡದಲ್ಲೇ ಸೂಕ್ತ ಉತ್ತರ ನೀಡಿ.

ಕೆಳಗಿನ ಸಂದರ್ಭವನ್ನು ಓದಿ ಪ್ರಶ್ನೆಗೆ ಚಿಕ್ಕ ಕನ್ನಡ ಉತ್ತರ ನೀಡಿ.
ವಿವರಣೆ ಬೇಡ. ಕೇವಲ ಉತ್ತರ ಮಾತ್ರ ನೀಡಿ.

ಸಂದರ್ಭ:
ಅಮೆಜಾನ್ ಮಳೆಕಾಡು (ಪೋರ್ಚುಗೀಸ್: Floresta Amazônica ಅಥವಾ Amazônia; ಸ್ಪ್ಯಾನಿಶ್: Selva Amazónica, Amazonía ಅಥವಾ ಸಾಮಾನ್ಯವಾಗಿ Amazonia; ಫ್ರೆಂಚ್: Forêt amazonienne; ಡಚ್: Amazoneregenwoud), ಎಂಬುದು ದಕ್ಷಿಣ ಅಮೇರಿಕಾದ ಅಮೆಜಾನ್ ಜಲಾನಯನ ಪ್ರದೇಶದ ಬಹುಭಾಗವನ್ನು ಅವರಿಸಿರುವ ತೇವಭರಿತವಾದ ಅಗಲ-ಎಲೆಗಳ ಕಾಡು; ಇದನ್ನು ಇಂಗ್ಲಿಷ್‌ನಲ್ಲಿ ಅಮೆಜೋನಿಯ ಅಥವಾ ಅಮೆಜಾನ್ ಜಂಗಲ್ ಎಂದೂ ಸಹ ಕರೆಯುತ್ತಾರೆ. ಈ ಜಲಾನಯನ ಪ್ರದೇಶವು 7,000,000 ಚದರ ಕಿಲೋಮೀಟರ್‌ಗಳನ್ನು (2,700,000 ಚದರ ಮೈಲಿ) ವ್ಯಾಪಿಸಿದೆ, ಇದರಲ್ಲಿ 5,500,000 ಚದರ ಕಿಲೋಮೀಟರ್‌ಗಳನ್ನು (2,100,000 ಚದರ ಮೈಲಿ) ಮಳೆಕಾಡು ಆವರಿಸಿದೆ. ಈ ಪ್ರದೇಶವು ಒಂಭತ್ತು ದೇಶಗಳಿಗೆ ಸೇರಿದ ಪ್ರಾಂತ್ಯವನ್ನು ಸಹ ಒಳಗೊಂಡಿದೆ. ಕಾಡಿನ ಬಹುತೇಕ ಭಾಗ ಅಂದರೆ ಮಳೆಕಾಡಿನ 60% ಭಾಗ ಬ್ರಝೀಲ್‌ನಲ್ಲಿದೆ, ಪೆರುವಿನಲ್ಲಿ 13% ಇದೆ, ಕೊಲಂಬಿಯಾದಲ್ಲಿ 10% ಇದೆ, ಮತ್ತು ವೆನೆಝುವೆಲಾ, ಈಕ್ವಡಾರ್, ಬೊಲಿವಿಯ, ಗಯಾನಾ, ಸುರಿನಾಮೆ ಹಾಗೂ ಫ್ರೆಂಚ್ ಗಯಾನಾದಲ್ಲಿ ಅಲ್ಪ ಪ್ರಮಾಣದ ಮಳೆಕಾಡು ಇದೆ. ನಾಲ್ಕು ದೇಶಗಳಲ್ಲಿನ ರಾಜ್ಯಗಳು ಅಥವಾ ವಿಭಾಗಗಳ ಹೆಸರಿನಲ್ಲಿ ""Amazonas"" ಒಳಗೊಂಡಿದೆ. ಈ ಗ್ರಹದಲ್ಲಿ ಉಳಿದಿರುವ ಮಳೆಕಾಡುಗಳಲ್ಲಿ, ಅಮೆಜಾನ್, ಅರ್ಧಕ್ಕಿಂತಲೂ ಹೆಚ್ಚು ಭಾಗವನ್ನು ಪ್ರತಿನಿಧಿಸುತ್ತದೆ, ಮತ್ತು ಅಂದಾಜು 16,000 ಜಾತಿಗಳಲ್ಲಿ ವಿಭಜಿಸಲಾಗಿರುವ 390 ಬಿಲಿಯನ್ ಪ್ರತ್ಯೇಕ ಮರಗಳೊಂದಿಗೆ, ಪ್ರಪಂಚದಲ್ಲೇ ಅತ್ಯಧಿಕ ಜೈವಿಕ ವೈವಿಧ್ಯತೆಯುಳ್ಳ ಉಷ್ಣವಲಯದ ಮಳೆಕಾಡು ಪಟ್ಟಿಯನ್ನು ಒಳಗೊಂಡಿದೆ.

ಪ್ರಶ್ನೆ:
ಅಮೆಜಾನ್ ಮಳೆಕಾಡನ್ನು ಉಲ್ಲೇಖಿಸಲು ಬಳಸುವ ಡಚ್ ಪದ ಯಾವುದು?

ಉತ್ತರ:"
48,ಅಮೆಜಾನ್ ಮಳೆಕಾಡು.,ಅಮೆಜಾನ್ ಮಳೆಕಾಡು,0.9333333333333333,"ನೀನು ಸಹಾಯಕ, ನಿಖರ ಮತ್ತು ಸ್ಪಷ್ಟವಾಗಿ ಉತ್ತರಿಸುವ ಕನ್ನಡ AI ಸಹಾಯಕ. ಬಳಕೆದಾರರ ಪ್ರಶ್ನೆ ಅಥವಾ ಸೂಚನೆಗೆ ಕನ್ನಡದಲ್ಲೇ ಸೂಕ್ತ ಉತ್ತರ ನೀಡಿ.

ಕೆಳಗಿನ ಸಂದರ್ಭವನ್ನು ಓದಿ ಪ್ರಶ್ನೆಗೆ ಚಿಕ್ಕ ಕನ್ನಡ ಉತ್ತರ ನೀಡಿ.
ವಿವರಣೆ ಬೇಡ. ಕೇವಲ ಉತ್ತರ ಮಾತ್ರ ನೀಡಿ.

ಸಂದರ್ಭ:
ಅಮೆಜಾನ್ ಮಳೆಕಾಡು (ಪೋರ್ಚುಗೀಸ್: Floresta Amazônica ಅಥವಾ Amazônia; ಸ್ಪ್ಯಾನಿಶ್: Selva Amazónica, Amazonía ಅಥವಾ ಸಾಮಾನ್ಯವಾಗಿ Amazonia; ಫ್ರೆಂಚ್: Forêt amazonienne; ಡಚ್: Amazoneregenwoud), ಎಂಬುದು ದಕ್ಷಿಣ ಅಮೇರಿಕಾದ ಅಮೆಜಾನ್ ಜಲಾನಯನ ಪ್ರದೇಶದ ಬಹುಭಾಗವನ್ನು ಅವರಿಸಿರುವ ತೇವಭರಿತವಾದ ಅಗಲ-ಎಲೆಗಳ ಕಾಡು; ಇದನ್ನು ಇಂಗ್ಲಿಷ್‌ನಲ್ಲಿ ಅಮೆಜೋನಿಯ ಅಥವಾ ಅಮೆಜಾನ್ ಜಂಗಲ್ ಎಂದೂ ಸಹ ಕರೆಯುತ್ತಾರೆ. ಈ ಜಲಾನಯನ ಪ್ರದೇಶವು 7,000,000 ಚದರ ಕಿಲೋಮೀಟರ್‌ಗಳನ್ನು (2,700,000 ಚದರ ಮೈಲಿ) ವ್ಯಾಪಿಸಿದೆ, ಇದರಲ್ಲಿ 5,500,000 ಚದರ ಕಿಲೋಮೀಟರ್‌ಗಳನ್ನು (2,100,000 ಚದರ ಮೈಲಿ) ಮಳೆಕಾಡು ಆವರಿಸಿದೆ. ಈ ಪ್ರದೇಶವು ಒಂಭತ್ತು ದೇಶಗಳಿಗೆ ಸೇರಿದ ಪ್ರಾಂತ್ಯವನ್ನು ಸಹ ಒಳಗೊಂಡಿದೆ. ಕಾಡಿನ ಬಹುತೇಕ ಭಾಗ ಅಂದರೆ ಮಳೆಕಾಡಿನ 60% ಭಾಗ ಬ್ರಝೀಲ್‌ನಲ್ಲಿದೆ, ಪೆರುವಿನಲ್ಲಿ 13% ಇದೆ, ಕೊಲಂಬಿಯಾದಲ್ಲಿ 10% ಇದೆ, ಮತ್ತು ವೆನೆಝುವೆಲಾ, ಈಕ್ವಡಾರ್, ಬೊಲಿವಿಯ, ಗಯಾನಾ, ಸುರಿನಾಮೆ ಹಾಗೂ ಫ್ರೆಂಚ್ ಗಯಾನಾದಲ್ಲಿ ಅಲ್ಪ ಪ್ರಮಾಣದ ಮಳೆಕಾಡು ಇದೆ. ನಾಲ್ಕು ದೇಶಗಳಲ್ಲಿನ ರಾಜ್ಯಗಳು ಅಥವಾ ವಿಭಾಗಗಳ ಹೆಸರಿನಲ್ಲಿ ""Amazonas"" ಒಳಗೊಂಡಿದೆ. ಈ ಗ್ರಹದಲ್ಲಿ ಉಳಿದಿರುವ ಮಳೆಕಾಡುಗಳಲ್ಲಿ, ಅಮೆಜಾನ್, ಅರ್ಧಕ್ಕಿಂತಲೂ ಹೆಚ್ಚು ಭಾಗವನ್ನು ಪ್ರತಿನಿಧಿಸುತ್ತದೆ, ಮತ್ತು ಅಂದಾಜು 16,000 ಜಾತಿಗಳಲ್ಲಿ ವಿಭಜಿಸಲಾಗಿರುವ 390 ಬಿಲಿಯನ್ ಪ್ರತ್ಯೇಕ ಮರಗಳೊಂದಿಗೆ, ಪ್ರಪಂಚದಲ್ಲೇ ಅತ್ಯಧಿಕ ಜೈವಿಕ ವೈವಿಧ್ಯತೆಯುಳ್ಳ ಉಷ್ಣವಲಯದ ಮಳೆಕಾಡು ಪಟ್ಟಿಯನ್ನು ಒಳಗೊಂಡಿದೆ.

ಪ್ರಶ್ನೆ:
ದಕ್ಷಿಣ ಅಮೇರಿಕಾದಲ್ಲಿ ಅಮೇಜಾನ್ ಜಲಾನಯನ ಪ್ರದೇಶದ ಬಹುಭಾಗವನ್ನು ಯಾವ ಮಳೆಕಾಡು ಆವರಿಸಿದೆ?

ಉತ್ತರ:"
49,ಬ್ರಝೀಲ್‌ನಲ್ಲಿ.,ಬ್ರಝೀಲ್,0.8571428571428571,"ನೀನು ಸಹಾಯಕ, ನಿಖರ ಮತ್ತು ಸ್ಪಷ್ಟವಾಗಿ ಉತ್ತರಿಸುವ ಕನ್ನಡ AI ಸಹಾಯಕ. ಬಳಕೆದಾರರ ಪ್ರಶ್ನೆ ಅಥವಾ ಸೂಚನೆಗೆ ಕನ್ನಡದಲ್ಲೇ ಸೂಕ್ತ ಉತ್ತರ ನೀಡಿ.

ಕೆಳಗಿನ ಸಂದರ್ಭವನ್ನು ಓದಿ ಪ್ರಶ್ನೆಗೆ ಚಿಕ್ಕ ಕನ್ನಡ ಉತ್ತರ ನೀಡಿ.
ವಿವರಣೆ ಬೇಡ. ಕೇವಲ ಉತ್ತರ ಮಾತ್ರ ನೀಡಿ.

ಸಂದರ್ಭ:
ಅಮೆಜಾನ್ ಮಳೆಕಾಡು (ಪೋರ್ಚುಗೀಸ್: Floresta Amazônica ಅಥವಾ Amazônia; ಸ್ಪ್ಯಾನಿಶ್: Selva Amazónica, Amazonía ಅಥವಾ ಸಾಮಾನ್ಯವಾಗಿ Amazonia; ಫ್ರೆಂಚ್: Forêt amazonienne; ಡಚ್: Amazoneregenwoud), ಎಂಬುದು ದಕ್ಷಿಣ ಅಮೇರಿಕಾದ ಅಮೆಜಾನ್ ಜಲಾನಯನ ಪ್ರದೇಶದ ಬಹುಭಾಗವನ್ನು ಅವರಿಸಿರುವ ತೇವಭರಿತವಾದ ಅಗಲ-ಎಲೆಗಳ ಕಾಡು; ಇದನ್ನು ಇಂಗ್ಲಿಷ್‌ನಲ್ಲಿ ಅಮೆಜೋನಿಯ ಅಥವಾ ಅಮೆಜಾನ್ ಜಂಗಲ್ ಎಂದೂ ಸಹ ಕರೆಯುತ್ತಾರೆ. ಈ ಜಲಾನಯನ ಪ್ರದೇಶವು 7,000,000 ಚದರ ಕಿಲೋಮೀಟರ್‌ಗಳನ್ನು (2,700,000 ಚದರ ಮೈಲಿ) ವ್ಯಾಪಿಸಿದೆ, ಇದರಲ್ಲಿ 5,500,000 ಚದರ ಕಿಲೋಮೀಟರ್‌ಗಳನ್ನು (2,100,000 ಚದರ ಮೈಲಿ) ಮಳೆಕಾಡು ಆವರಿಸಿದೆ. ಈ ಪ್ರದೇಶವು ಒಂಭತ್ತು ದೇಶಗಳಿಗೆ ಸೇರಿದ ಪ್ರಾಂತ್ಯವನ್ನು ಸಹ ಒಳಗೊಂಡಿದೆ. ಕಾಡಿನ ಬಹುತೇಕ ಭಾಗ ಅಂದರೆ ಮಳೆಕಾಡಿನ 60% ಭಾಗ ಬ್ರಝೀಲ್‌ನಲ್ಲಿದೆ, ಪೆರುವಿನಲ್ಲಿ 13% ಇದೆ, ಕೊಲಂಬಿಯಾದಲ್ಲಿ 10% ಇದೆ, ಮತ್ತು ವೆನೆಝುವೆಲಾ, ಈಕ್ವಡಾರ್, ಬೊಲಿವಿಯ, ಗಯಾನಾ, ಸುರಿನಾಮೆ ಹಾಗೂ ಫ್ರೆಂಚ್ ಗಯಾನಾದಲ್ಲಿ ಅಲ್ಪ ಪ್ರಮಾಣದ ಮಳೆಕಾಡು ಇದೆ. ನಾಲ್ಕು ದೇಶಗಳಲ್ಲಿನ ರಾಜ್ಯಗಳು ಅಥವಾ ವಿಭಾಗಗಳ ಹೆಸರಿನಲ್ಲಿ ""Amazonas"" ಒಳಗೊಂಡಿದೆ. ಈ ಗ್ರಹದಲ್ಲಿ ಉಳಿದಿರುವ ಮಳೆಕಾಡುಗಳಲ್ಲಿ, ಅಮೆಜಾನ್, ಅರ್ಧಕ್ಕಿಂತಲೂ ಹೆಚ್ಚು ಭಾಗವನ್ನು ಪ್ರತಿನಿಧಿಸುತ್ತದೆ, ಮತ್ತು ಅಂದಾಜು 16,000 ಜಾತಿಗಳಲ್ಲಿ ವಿಭಜಿಸಲಾಗಿರುವ 390 ಬಿಲಿಯನ್ ಪ್ರತ್ಯೇಕ ಮರಗಳೊಂದಿಗೆ, ಪ್ರಪಂಚದಲ್ಲೇ ಅತ್ಯಧಿಕ ಜೈವಿಕ ವೈವಿಧ್ಯತೆಯುಳ್ಳ ಉಷ್ಣವಲಯದ ಮಳೆಕಾಡು ಪಟ್ಟಿಯನ್ನು ಒಳಗೊಂಡಿದೆ.

ಪ್ರಶ್ನೆ:
ಅಮೆಜಾನ್ ಮಳೆಕಾಡಿನ ಬಹುತೇಕ ಭಾಗವನ್ನು ಯಾವ ದೇಶದಲ್ಲಿ ಕಾಣಬಹುದು?

ಉತ್ತರ:"
50,"ಅಮೆಜಾನ್‌ಗೆ ಸಂಬಂಧಿಸಿದಂತೆ, ಭೂಮಿಯ ಒಟ್ಟು ಮಳೆಕಾಡುಗಳಲ್ಲಿ 60% ರಷ್ಟು ಭಾಗವು ಅಮೆಜಾನ್‌ನಲ್ಲಿ ಇರುತ್ತದೆ.",ಅರ್ಧಕ್ಕಿಂತಲೂ ಹೆಚ್ಚು,0.9135802469135802,"ನೀನು ಸಹಾಯಕ, ನಿಖರ ಮತ್ತು ಸ್ಪಷ್ಟವಾಗಿ ಉತ್ತರಿಸುವ ಕನ್ನಡ AI ಸಹಾಯಕ. ಬಳಕೆದಾರರ ಪ್ರಶ್ನೆ ಅಥವಾ ಸೂಚನೆಗೆ ಕನ್ನಡದಲ್ಲೇ ಸೂಕ್ತ ಉತ್ತರ ನೀಡಿ.

ಕೆಳಗಿನ ಸಂದರ್ಭವನ್ನು ಓದಿ ಪ್ರಶ್ನೆಗೆ ಚಿಕ್ಕ ಕನ್ನಡ ಉತ್ತರ ನೀಡಿ.
ವಿವರಣೆ ಬೇಡ. ಕೇವಲ ಉತ್ತರ ಮಾತ್ರ ನೀಡಿ.

ಸಂದರ್ಭ:
ಅಮೆಜಾನ್ ಮಳೆಕಾಡು (ಪೋರ್ಚುಗೀಸ್: Floresta Amazônica ಅಥವಾ Amazônia; ಸ್ಪ್ಯಾನಿಶ್: Selva Amazónica, Amazonía ಅಥವಾ ಸಾಮಾನ್ಯವಾಗಿ Amazonia; ಫ್ರೆಂಚ್: Forêt amazonienne; ಡಚ್: Amazoneregenwoud), ಎಂಬುದು ದಕ್ಷಿಣ ಅಮೇರಿಕಾದ ಅಮೆಜಾನ್ ಜಲಾನಯನ ಪ್ರದೇಶದ ಬಹುಭಾಗವನ್ನು ಅವರಿಸಿರುವ ತೇವಭರಿತವಾದ ಅಗಲ-ಎಲೆಗಳ ಕಾಡು; ಇದನ್ನು ಇಂಗ್ಲಿಷ್‌ನಲ್ಲಿ ಅಮೆಜೋನಿಯ ಅಥವಾ ಅಮೆಜಾನ್ ಜಂಗಲ್ ಎಂದೂ ಸಹ ಕರೆಯುತ್ತಾರೆ. ಈ ಜಲಾನಯನ ಪ್ರದೇಶವು 7,000,000 ಚದರ ಕಿಲೋಮೀಟರ್‌ಗಳನ್ನು (2,700,000 ಚದರ ಮೈಲಿ) ವ್ಯಾಪಿಸಿದೆ, ಇದರಲ್ಲಿ 5,500,000 ಚದರ ಕಿಲೋಮೀಟರ್‌ಗಳನ್ನು (2,100,000 ಚದರ ಮೈಲಿ) ಮಳೆಕಾಡು ಆವರಿಸಿದೆ. ಈ ಪ್ರದೇಶವು ಒಂಭತ್ತು ದೇಶಗಳಿಗೆ ಸೇರಿದ ಪ್ರಾಂತ್ಯವನ್ನು ಸಹ ಒಳಗೊಂಡಿದೆ. ಕಾಡಿನ ಬಹುತೇಕ ಭಾಗ ಅಂದರೆ ಮಳೆಕಾಡಿನ 60% ಭಾಗ ಬ್ರಝೀಲ್‌ನಲ್ಲಿದೆ, ಪೆರುವಿನಲ್ಲಿ 13% ಇದೆ, ಕೊಲಂಬಿಯಾದಲ್ಲಿ 10% ಇದೆ, ಮತ್ತು ವೆನೆಝುವೆಲಾ, ಈಕ್ವಡಾರ್, ಬೊಲಿವಿಯ, ಗಯಾನಾ, ಸುರಿನಾಮೆ ಹಾಗೂ ಫ್ರೆಂಚ್ ಗಯಾನಾದಲ್ಲಿ ಅಲ್ಪ ಪ್ರಮಾಣದ ಮಳೆಕಾಡು ಇದೆ. ನಾಲ್ಕು ದೇಶಗಳಲ್ಲಿನ ರಾಜ್ಯಗಳು ಅಥವಾ ವಿಭಾಗಗಳ ಹೆಸರಿನಲ್ಲಿ ""Amazonas"" ಒಳಗೊಂಡಿದೆ. ಈ ಗ್ರಹದಲ್ಲಿ ಉಳಿದಿರುವ ಮಳೆಕಾಡುಗಳಲ್ಲಿ, ಅಮೆಜಾನ್, ಅರ್ಧಕ್ಕಿಂತಲೂ ಹೆಚ್ಚು ಭಾಗವನ್ನು ಪ್ರತಿನಿಧಿಸುತ್ತದೆ, ಮತ್ತು ಅಂದಾಜು 16,000 ಜಾತಿಗಳಲ್ಲಿ ವಿಭಜಿಸಲಾಗಿರುವ 390 ಬಿಲಿಯನ್ ಪ್ರತ್ಯೇಕ ಮರಗಳೊಂದಿಗೆ, ಪ್ರಪಂಚದಲ್ಲೇ ಅತ್ಯಧಿಕ ಜೈವಿಕ ವೈವಿಧ್ಯತೆಯುಳ್ಳ ಉಷ್ಣವಲಯದ ಮಳೆಕಾಡು ಪಟ್ಟಿಯನ್ನು ಒಳಗೊಂಡಿದೆ.

ಪ್ರಶ್ನೆ:
ಭೂಮಿಯ ಮಳೆಕಾಡುಗಳಲ್ಲಿ ಅಮೆಜಾನ್ ಮಳೆಕಾಡಿನ ಪಾಲು ಎಷ್ಟು?

ಉತ್ತರ:"
51,390 ಬಿಲಿಯನ್.,"16,000",0.6363636363636364,"ನೀನು ಸಹಾಯಕ, ನಿಖರ ಮತ್ತು ಸ್ಪಷ್ಟವಾಗಿ ಉತ್ತರಿಸುವ ಕನ್ನಡ AI ಸಹಾಯಕ. ಬಳಕೆದಾರರ ಪ್ರಶ್ನೆ ಅಥವಾ ಸೂಚನೆಗೆ ಕನ್ನಡದಲ್ಲೇ ಸೂಕ್ತ ಉತ್ತರ ನೀಡಿ.

ಕೆಳಗಿನ ಸಂದರ್ಭವನ್ನು ಓದಿ ಪ್ರಶ್ನೆಗೆ ಚಿಕ್ಕ ಕನ್ನಡ ಉತ್ತರ ನೀಡಿ.
ವಿವರಣೆ ಬೇಡ. ಕೇವಲ ಉತ್ತರ ಮಾತ್ರ ನೀಡಿ.

ಸಂದರ್ಭ:
ಅಮೆಜಾನ್ ಮಳೆಕಾಡು (ಪೋರ್ಚುಗೀಸ್: Floresta Amazônica ಅಥವಾ Amazônia; ಸ್ಪ್ಯಾನಿಶ್: Selva Amazónica, Amazonía ಅಥವಾ ಸಾಮಾನ್ಯವಾಗಿ Amazonia; ಫ್ರೆಂಚ್: Forêt amazonienne; ಡಚ್: Amazoneregenwoud), ಎಂಬುದು ದಕ್ಷಿಣ ಅಮೇರಿಕಾದ ಅಮೆಜಾನ್ ಜಲಾನಯನ ಪ್ರದೇಶದ ಬಹುಭಾಗವನ್ನು ಅವರಿಸಿರುವ ತೇವಭರಿತವಾದ ಅಗಲ-ಎಲೆಗಳ ಕಾಡು; ಇದನ್ನು ಇಂಗ್ಲಿಷ್‌ನಲ್ಲಿ ಅಮೆಜೋನಿಯ ಅಥವಾ ಅಮೆಜಾನ್ ಜಂಗಲ್ ಎಂದೂ ಸಹ ಕರೆಯುತ್ತಾರೆ. ಈ ಜಲಾನಯನ ಪ್ರದೇಶವು 7,000,000 ಚದರ ಕಿಲೋಮೀಟರ್‌ಗಳನ್ನು (2,700,000 ಚದರ ಮೈಲಿ) ವ್ಯಾಪಿಸಿದೆ, ಇದರಲ್ಲಿ 5,500,000 ಚದರ ಕಿಲೋಮೀಟರ್‌ಗಳನ್ನು (2,100,000 ಚದರ ಮೈಲಿ) ಮಳೆಕಾಡು ಆವರಿಸಿದೆ. ಈ ಪ್ರದೇಶವು ಒಂಭತ್ತು ದೇಶಗಳಿಗೆ ಸೇರಿದ ಪ್ರಾಂತ್ಯವನ್ನು ಸಹ ಒಳಗೊಂಡಿದೆ. ಕಾಡಿನ ಬಹುತೇಕ ಭಾಗ ಅಂದರೆ ಮಳೆಕಾಡಿನ 60% ಭಾಗ ಬ್ರಝೀಲ್‌ನಲ್ಲಿದೆ, ಪೆರುವಿನಲ್ಲಿ 13% ಇದೆ, ಕೊಲಂಬಿಯಾದಲ್ಲಿ 10% ಇದೆ, ಮತ್ತು ವೆನೆಝುವೆಲಾ, ಈಕ್ವಡಾರ್, ಬೊಲಿವಿಯ, ಗಯಾನಾ, ಸುರಿನಾಮೆ ಹಾಗೂ ಫ್ರೆಂಚ್ ಗಯಾನಾದಲ್ಲಿ ಅಲ್ಪ ಪ್ರಮಾಣದ ಮಳೆಕಾಡು ಇದೆ. ನಾಲ್ಕು ದೇಶಗಳಲ್ಲಿನ ರಾಜ್ಯಗಳು ಅಥವಾ ವಿಭಾಗಗಳ ಹೆಸರಿನಲ್ಲಿ ""Amazonas"" ಒಳಗೊಂಡಿದೆ. ಈ ಗ್ರಹದಲ್ಲಿ ಉಳಿದಿರುವ ಮಳೆಕಾಡುಗಳಲ್ಲಿ, ಅಮೆಜಾನ್, ಅರ್ಧಕ್ಕಿಂತಲೂ ಹೆಚ್ಚು ಭಾಗವನ್ನು ಪ್ರತಿನಿಧಿಸುತ್ತದೆ, ಮತ್ತು ಅಂದಾಜು 16,000 ಜಾತಿಗಳಲ್ಲಿ ವಿಭಜಿಸಲಾಗಿರುವ 390 ಬಿಲಿಯನ್ ಪ್ರತ್ಯೇಕ ಮರಗಳೊಂದಿಗೆ, ಪ್ರಪಂಚದಲ್ಲೇ ಅತ್ಯಧಿಕ ಜೈವಿಕ ವೈವಿಧ್ಯತೆಯುಳ್ಳ ಉಷ್ಣವಲಯದ ಮಳೆಕಾಡು ಪಟ್ಟಿಯನ್ನು ಒಳಗೊಂಡಿದೆ.

ಪ್ರಶ್ನೆ:
ಅಮೆಜಾನ್ ಮಳೆಕಾಡಿನಲ್ಲಿ ಎಷ್ಟು ಜಾತಿಗಳ ಮರಗಳನ್ನು ಕಾಣಬಹುದು?

ಉತ್ತರ:"
52,ಅಮೆಜಾನ್ ಮಳೆಕಾಡು ಉಷ್ಣವಲಯದ ಮಳೆಕಾಡಾಗಿದೆ.,ತೇವಭರಿತವಾದ ಅಗಲ-ಎಲೆಗಳ ಕಾಡು,0.9705882352941176,"ನೀನು ಸಹಾಯಕ, ನಿಖರ ಮತ್ತು ಸ್ಪಷ್ಟವಾಗಿ ಉತ್ತರಿಸುವ ಕನ್ನಡ AI ಸಹಾಯಕ. ಬಳಕೆದಾರರ ಪ್ರಶ್ನೆ ಅಥವಾ ಸೂಚನೆಗೆ ಕನ್ನಡದಲ್ಲೇ ಸೂಕ್ತ ಉತ್ತರ ನೀಡಿ.

ಕೆಳಗಿನ ಸಂದರ್ಭವನ್ನು ಓದಿ ಪ್ರಶ್ನೆಗೆ ಚಿಕ್ಕ ಕನ್ನಡ ಉತ್ತರ ನೀಡಿ.
ವಿವರಣೆ ಬೇಡ. ಕೇವಲ ಉತ್ತರ ಮಾತ್ರ ನೀಡಿ.

ಸಂದರ್ಭ:
ಅಮೆಜಾನ್ ಮಳೆಕಾಡು (ಪೋರ್ಚುಗೀಸ್: Floresta Amazônica ಅಥವಾ Amazônia; ಸ್ಪ್ಯಾನಿಶ್: Selva Amazónica, Amazonía ಅಥವಾ ಸಾಮಾನ್ಯವಾಗಿ Amazonia; ಫ್ರೆಂಚ್: Forêt amazonienne; ಡಚ್: Amazoneregenwoud), ಎಂಬುದು ದಕ್ಷಿಣ ಅಮೇರಿಕಾದ ಅಮೆಜಾನ್ ಜಲಾನಯನ ಪ್ರದೇಶದ ಬಹುಭಾಗವನ್ನು ಅವರಿಸಿರುವ ತೇವಭರಿತವಾದ ಅಗಲ-ಎಲೆಗಳ ಕಾಡು; ಇದನ್ನು ಇಂಗ್ಲಿಷ್‌ನಲ್ಲಿ ಅಮೆಜೋನಿಯ ಅಥವಾ ಅಮೆಜಾನ್ ಜಂಗಲ್ ಎಂದೂ ಸಹ ಕರೆಯುತ್ತಾರೆ. ಈ ಜಲಾನಯನ ಪ್ರದೇಶವು 7,000,000 ಚದರ ಕಿಲೋಮೀಟರ್‌ಗಳನ್ನು (2,700,000 ಚದರ ಮೈಲಿ) ವ್ಯಾಪಿಸಿದೆ, ಇದರಲ್ಲಿ 5,500,000 ಚದರ ಕಿಲೋಮೀಟರ್‌ಗಳನ್ನು (2,100,000 ಚದರ ಮೈಲಿ) ಮಳೆಕಾಡು ಆವರಿಸಿದೆ. ಈ ಪ್ರದೇಶವು ಒಂಭತ್ತು ದೇಶಗಳಿಗೆ ಸೇರಿದ ಪ್ರಾಂತ್ಯವನ್ನು ಸಹ ಒಳಗೊಂಡಿದೆ. ಕಾಡಿನ ಬಹುತೇಕ ಭಾಗ ಅಂದರೆ ಮಳೆಕಾಡಿನ 60% ಭಾಗ ಬ್ರಝೀಲ್‌ನಲ್ಲಿದೆ, ಪೆರುವಿನಲ್ಲಿ 13% ಇದೆ, ಕೊಲಂಬಿಯಾದಲ್ಲಿ 10% ಇದೆ, ಮತ್ತು ವೆನೆಝುವೆಲಾ, ಈಕ್ವಡಾರ್, ಬೊಲಿವಿಯ, ಗಯಾನಾ, ಸುರಿನಾಮೆ ಹಾಗೂ ಫ್ರೆಂಚ್ ಗಯಾನಾದಲ್ಲಿ ಅಲ್ಪ ಪ್ರಮಾಣದ ಮಳೆಕಾಡು ಇದೆ. ನಾಲ್ಕು ದೇಶಗಳಲ್ಲಿನ ರಾಜ್ಯಗಳು ಅಥವಾ ವಿಭಾಗಗಳ ಹೆಸರಿನಲ್ಲಿ ""Amazonas"" ಒಳಗೊಂಡಿದೆ. ಈ ಗ್ರಹದಲ್ಲಿ ಉಳಿದಿರುವ ಮಳೆಕಾಡುಗಳಲ್ಲಿ, ಅಮೆಜಾನ್, ಅರ್ಧಕ್ಕಿಂತಲೂ ಹೆಚ್ಚು ಭಾಗವನ್ನು ಪ್ರತಿನಿಧಿಸುತ್ತದೆ, ಮತ್ತು ಅಂದಾಜು 16,000 ಜಾತಿಗಳಲ್ಲಿ ವಿಭಜಿಸಲಾಗಿರುವ 390 ಬಿಲಿಯನ್ ಪ್ರತ್ಯೇಕ ಮರಗಳೊಂದಿಗೆ, ಪ್ರಪಂಚದಲ್ಲೇ ಅತ್ಯಧಿಕ ಜೈವಿಕ ವೈವಿಧ್ಯತೆಯುಳ್ಳ ಉಷ್ಣವಲಯದ ಮಳೆಕಾಡು ಪಟ್ಟಿಯನ್ನು ಒಳಗೊಂಡಿದೆ.

ಪ್ರಶ್ನೆ:
ಅಮೆಜಾನ್ ಮಳೆಕಾಡು ಯಾವ ರೀತಿಯ ಮಳೆಕಾಡಾಗಿದೆ?

ಉತ್ತರ:"
53,"7,000,000 ಚದರ ಕಿಲೋಮೀಟರ್‌ಗಳು.","7,000,000 ಚದರ ಕಿಲೋಮೀಟರ್‌ಗಳು (2,70",0.5769230769230769,"ನೀನು ಸಹಾಯಕ, ನಿಖರ ಮತ್ತು ಸ್ಪಷ್ಟವಾಗಿ ಉತ್ತರಿಸುವ ಕನ್ನಡ AI ಸಹಾಯಕ. ಬಳಕೆದಾರರ ಪ್ರಶ್ನೆ ಅಥವಾ ಸೂಚನೆಗೆ ಕನ್ನಡದಲ್ಲೇ ಸೂಕ್ತ ಉತ್ತರ ನೀಡಿ.

ಕೆಳಗಿನ ಸಂದರ್ಭವನ್ನು ಓದಿ ಪ್ರಶ್ನೆಗೆ ಚಿಕ್ಕ ಕನ್ನಡ ಉತ್ತರ ನೀಡಿ.
ವಿವರಣೆ ಬೇಡ. ಕೇವಲ ಉತ್ತರ ಮಾತ್ರ ನೀಡಿ.

ಸಂದರ್ಭ:
ಅಮೆಜಾನ್ ಮಳೆಕಾಡು (ಪೋರ್ಚುಗೀಸ್: Floresta Amazônica ಅಥವಾ Amazônia; ಸ್ಪ್ಯಾನಿಶ್: Selva Amazónica, Amazonía ಅಥವಾ ಸಾಮಾನ್ಯವಾಗಿ Amazonia; ಫ್ರೆಂಚ್: Forêt amazonienne; ಡಚ್: Amazoneregenwoud), ಎಂಬುದು ದಕ್ಷಿಣ ಅಮೇರಿಕಾದ ಅಮೆಜಾನ್ ಜಲಾನಯನ ಪ್ರದೇಶದ ಬಹುಭಾಗವನ್ನು ಅವರಿಸಿರುವ ತೇವಭರಿತವಾದ ಅಗಲ-ಎಲೆಗಳ ಕಾಡು; ಇದನ್ನು ಇಂಗ್ಲಿಷ್‌ನಲ್ಲಿ ಅಮೆಜೋನಿಯ ಅಥವಾ ಅಮೆಜಾನ್ ಜಂಗಲ್ ಎಂದೂ ಸಹ ಕರೆಯುತ್ತಾರೆ. ಈ ಜಲಾನಯನ ಪ್ರದೇಶವು 7,000,000 ಚದರ ಕಿಲೋಮೀಟರ್‌ಗಳನ್ನು (2,700,000 ಚದರ ಮೈಲಿ) ವ್ಯಾಪಿಸಿದೆ, ಇದರಲ್ಲಿ 5,500,000 ಚದರ ಕಿಲೋಮೀಟರ್‌ಗಳನ್ನು (2,100,000 ಚದರ ಮೈಲಿ) ಮಳೆಕಾಡು ಆವರಿಸಿದೆ. ಈ ಪ್ರದೇಶವು ಒಂಭತ್ತು ದೇಶಗಳಿಗೆ ಸೇರಿದ ಪ್ರಾಂತ್ಯವನ್ನು ಸಹ ಒಳಗೊಂಡಿದೆ. ಕಾಡಿನ ಬಹುತೇಕ ಭಾಗ ಅಂದರೆ ಮಳೆಕಾಡಿನ 60% ಭಾಗ ಬ್ರಝೀಲ್‌ನಲ್ಲಿದೆ, ಪೆರುವಿನಲ್ಲಿ 13% ಇದೆ, ಕೊಲಂಬಿಯಾದಲ್ಲಿ 10% ಇದೆ, ಮತ್ತು ವೆನೆಝುವೆಲಾ, ಈಕ್ವಡಾರ್, ಬೊಲಿವಿಯ, ಗಯಾನಾ, ಸುರಿನಾಮೆ ಹಾಗೂ ಫ್ರೆಂಚ್ ಗಯಾನಾದಲ್ಲಿ ಅಲ್ಪ ಪ್ರಮಾಣದ ಮಳೆಕಾಡು ಇದೆ. ನಾಲ್ಕು ದೇಶಗಳಲ್ಲಿನ ರಾಜ್ಯಗಳು ಅಥವಾ ವಿಭಾಗಗಳ ಹೆಸರಿನಲ್ಲಿ ""Amazonas"" ಒಳಗೊಂಡಿದೆ. ಈ ಗ್ರಹದಲ್ಲಿ ಉಳಿದಿರುವ ಮಳೆಕಾಡುಗಳಲ್ಲಿ, ಅಮೆಜಾನ್, ಅರ್ಧಕ್ಕಿಂತಲೂ ಹೆಚ್ಚು ಭಾಗವನ್ನು ಪ್ರತಿನಿಧಿಸುತ್ತದೆ, ಮತ್ತು ಅಂದಾಜು 16,000 ಜಾತಿಗಳಲ್ಲಿ ವಿಭಜಿಸಲಾಗಿರುವ 390 ಬಿಲಿಯನ್ ಪ್ರತ್ಯೇಕ ಮರಗಳೊಂದಿಗೆ, ಪ್ರಪಂಚದಲ್ಲೇ ಅತ್ಯಧಿಕ ಜೈವಿಕ ವೈವಿಧ್ಯತೆಯುಳ್ಳ ಉಷ್ಣವಲಯದ ಮಳೆಕಾಡು ಪಟ್ಟಿಯನ್ನು ಒಳಗೊಂಡಿದೆ.

ಪ್ರಶ್ನೆ:
ಅಮೆಜಾನ್ ಜಲಾನಯನ ಪ್ರದೇಶದಲ್ಲಿ ಎಷ್ಟು ಚದರ ಕಿಲೋಮೀಟರ್‌ಗಳಿವೆ?

ಉತ್ತರ:"
54,9 ದೇಶಗಳು.,ಒಂಭತ್ತು,0.75,"ನೀನು ಸಹಾಯಕ, ನಿಖರ ಮತ್ತು ಸ್ಪಷ್ಟವಾಗಿ ಉತ್ತರಿಸುವ ಕನ್ನಡ AI ಸಹಾಯಕ. ಬಳಕೆದಾರರ ಪ್ರಶ್ನೆ ಅಥವಾ ಸೂಚನೆಗೆ ಕನ್ನಡದಲ್ಲೇ ಸೂಕ್ತ ಉತ್ತರ ನೀಡಿ.

ಕೆಳಗಿನ ಸಂದರ್ಭವನ್ನು ಓದಿ ಪ್ರಶ್ನೆಗೆ ಚಿಕ್ಕ ಕನ್ನಡ ಉತ್ತರ ನೀಡಿ.
ವಿವರಣೆ ಬೇಡ. ಕೇವಲ ಉತ್ತರ ಮಾತ್ರ ನೀಡಿ.

ಸಂದರ್ಭ:
ಅಮೆಜಾನ್ ಮಳೆಕಾಡು (ಪೋರ್ಚುಗೀಸ್: Floresta Amazônica ಅಥವಾ Amazônia; ಸ್ಪ್ಯಾನಿಶ್: Selva Amazónica, Amazonía ಅಥವಾ ಸಾಮಾನ್ಯವಾಗಿ Amazonia; ಫ್ರೆಂಚ್: Forêt amazonienne; ಡಚ್: Amazoneregenwoud), ಎಂಬುದು ದಕ್ಷಿಣ ಅಮೇರಿಕಾದ ಅಮೆಜಾನ್ ಜಲಾನಯನ ಪ್ರದೇಶದ ಬಹುಭಾಗವನ್ನು ಅವರಿಸಿರುವ ತೇವಭರಿತವಾದ ಅಗಲ-ಎಲೆಗಳ ಕಾಡು; ಇದನ್ನು ಇಂಗ್ಲಿಷ್‌ನಲ್ಲಿ ಅಮೆಜೋನಿಯ ಅಥವಾ ಅಮೆಜಾನ್ ಜಂಗಲ್ ಎಂದೂ ಸಹ ಕರೆಯುತ್ತಾರೆ. ಈ ಜಲಾನಯನ ಪ್ರದೇಶವು 7,000,000 ಚದರ ಕಿಲೋಮೀಟರ್‌ಗಳನ್ನು (2,700,000 ಚದರ ಮೈಲಿ) ವ್ಯಾಪಿಸಿದೆ, ಇದರಲ್ಲಿ 5,500,000 ಚದರ ಕಿಲೋಮೀಟರ್‌ಗಳನ್ನು (2,100,000 ಚದರ ಮೈಲಿ) ಮಳೆಕಾಡು ಆವರಿಸಿದೆ. ಈ ಪ್ರದೇಶವು ಒಂಭತ್ತು ದೇಶಗಳಿಗೆ ಸೇರಿದ ಪ್ರಾಂತ್ಯವನ್ನು ಸಹ ಒಳಗೊಂಡಿದೆ. ಕಾಡಿನ ಬಹುತೇಕ ಭಾಗ ಅಂದರೆ ಮಳೆಕಾಡಿನ 60% ಭಾಗ ಬ್ರಝೀಲ್‌ನಲ್ಲಿದೆ, ಪೆರುವಿನಲ್ಲಿ 13% ಇದೆ, ಕೊಲಂಬಿಯಾದಲ್ಲಿ 10% ಇದೆ, ಮತ್ತು ವೆನೆಝುವೆಲಾ, ಈಕ್ವಡಾರ್, ಬೊಲಿವಿಯ, ಗಯಾನಾ, ಸುರಿನಾಮೆ ಹಾಗೂ ಫ್ರೆಂಚ್ ಗಯಾನಾದಲ್ಲಿ ಅಲ್ಪ ಪ್ರಮಾಣದ ಮಳೆಕಾಡು ಇದೆ. ನಾಲ್ಕು ದೇಶಗಳಲ್ಲಿನ ರಾಜ್ಯಗಳು ಅಥವಾ ವಿಭಾಗಗಳ ಹೆಸರಿನಲ್ಲಿ ""Amazonas"" ಒಳಗೊಂಡಿದೆ. ಈ ಗ್ರಹದಲ್ಲಿ ಉಳಿದಿರುವ ಮಳೆಕಾಡುಗಳಲ್ಲಿ, ಅಮೆಜಾನ್, ಅರ್ಧಕ್ಕಿಂತಲೂ ಹೆಚ್ಚು ಭಾಗವನ್ನು ಪ್ರತಿನಿಧಿಸುತ್ತದೆ, ಮತ್ತು ಅಂದಾಜು 16,000 ಜಾತಿಗಳಲ್ಲಿ ವಿಭಜಿಸಲಾಗಿರುವ 390 ಬಿಲಿಯನ್ ಪ್ರತ್ಯೇಕ ಮರಗಳೊಂದಿಗೆ, ಪ್ರಪಂಚದಲ್ಲೇ ಅತ್ಯಧಿಕ ಜೈವಿಕ ವೈವಿಧ್ಯತೆಯುಳ್ಳ ಉಷ್ಣವಲಯದ ಮಳೆಕಾಡು ಪಟ್ಟಿಯನ್ನು ಒಳಗೊಂಡಿದೆ.

ಪ್ರಶ್ನೆ:
ಅಮೆಜಾನ್ ಜಲಾನಯನ ಪ್ರದೇಶದ ಒಳಗೆ ಎಷ್ಟು ದೇಶಗಳಿವೆ?

ಉತ್ತರ:"
55,ಬ್ರಝೀಲ್‌ನಲ್ಲಿ.,ಬ್ರಝೀಲ್,0.8571428571428571,"ನೀನು ಸಹಾಯಕ, ನಿಖರ ಮತ್ತು ಸ್ಪಷ್ಟವಾಗಿ ಉತ್ತರಿಸುವ ಕನ್ನಡ AI ಸಹಾಯಕ. ಬಳಕೆದಾರರ ಪ್ರಶ್ನೆ ಅಥವಾ ಸೂಚನೆಗೆ ಕನ್ನಡದಲ್ಲೇ ಸೂಕ್ತ ಉತ್ತರ ನೀಡಿ.

ಕೆಳಗಿನ ಸಂದರ್ಭವನ್ನು ಓದಿ ಪ್ರಶ್ನೆಗೆ ಚಿಕ್ಕ ಕನ್ನಡ ಉತ್ತರ ನೀಡಿ.
ವಿವರಣೆ ಬೇಡ. ಕೇವಲ ಉತ್ತರ ಮಾತ್ರ ನೀಡಿ.

ಸಂದರ್ಭ:
ಅಮೆಜಾನ್ ಮಳೆಕಾಡು (ಪೋರ್ಚುಗೀಸ್: Floresta Amazônica ಅಥವಾ Amazônia; ಸ್ಪ್ಯಾನಿಶ್: Selva Amazónica, Amazonía ಅಥವಾ ಸಾಮಾನ್ಯವಾಗಿ Amazonia; ಫ್ರೆಂಚ್: Forêt amazonienne; ಡಚ್: Amazoneregenwoud), ಎಂಬುದು ದಕ್ಷಿಣ ಅಮೇರಿಕಾದ ಅಮೆಜಾನ್ ಜಲಾನಯನ ಪ್ರದೇಶದ ಬಹುಭಾಗವನ್ನು ಅವರಿಸಿರುವ ತೇವಭರಿತವಾದ ಅಗಲ-ಎಲೆಗಳ ಕಾಡು; ಇದನ್ನು ಇಂಗ್ಲಿಷ್‌ನಲ್ಲಿ ಅಮೆಜೋನಿಯ ಅಥವಾ ಅಮೆಜಾನ್ ಜಂಗಲ್ ಎಂದೂ ಸಹ ಕರೆಯುತ್ತಾರೆ. ಈ ಜಲಾನಯನ ಪ್ರದೇಶವು 7,000,000 ಚದರ ಕಿಲೋಮೀಟರ್‌ಗಳನ್ನು (2,700,000 ಚದರ ಮೈಲಿ) ವ್ಯಾಪಿಸಿದೆ, ಇದರಲ್ಲಿ 5,500,000 ಚದರ ಕಿಲೋಮೀಟರ್‌ಗಳನ್ನು (2,100,000 ಚದರ ಮೈಲಿ) ಮಳೆಕಾಡು ಆವರಿಸಿದೆ. ಈ ಪ್ರದೇಶವು ಒಂಭತ್ತು ದೇಶಗಳಿಗೆ ಸೇರಿದ ಪ್ರಾಂತ್ಯವನ್ನು ಸಹ ಒಳಗೊಂಡಿದೆ. ಕಾಡಿನ ಬಹುತೇಕ ಭಾಗ ಅಂದರೆ ಮಳೆಕಾಡಿನ 60% ಭಾಗ ಬ್ರಝೀಲ್‌ನಲ್ಲಿದೆ, ಪೆರುವಿನಲ್ಲಿ 13% ಇದೆ, ಕೊಲಂಬಿಯಾದಲ್ಲಿ 10% ಇದೆ, ಮತ್ತು ವೆನೆಝುವೆಲಾ, ಈಕ್ವಡಾರ್, ಬೊಲಿವಿಯ, ಗಯಾನಾ, ಸುರಿನಾಮೆ ಹಾಗೂ ಫ್ರೆಂಚ್ ಗಯಾನಾದಲ್ಲಿ ಅಲ್ಪ ಪ್ರಮಾಣದ ಮಳೆಕಾಡು ಇದೆ. ನಾಲ್ಕು ದೇಶಗಳಲ್ಲಿನ ರಾಜ್ಯಗಳು ಅಥವಾ ವಿಭಾಗಗಳ ಹೆಸರಿನಲ್ಲಿ ""Amazonas"" ಒಳಗೊಂಡಿದೆ. ಈ ಗ್ರಹದಲ್ಲಿ ಉಳಿದಿರುವ ಮಳೆಕಾಡುಗಳಲ್ಲಿ, ಅಮೆಜಾನ್, ಅರ್ಧಕ್ಕಿಂತಲೂ ಹೆಚ್ಚು ಭಾಗವನ್ನು ಪ್ರತಿನಿಧಿಸುತ್ತದೆ, ಮತ್ತು ಅಂದಾಜು 16,000 ಜಾತಿಗಳಲ್ಲಿ ವಿಭಜಿಸಲಾಗಿರುವ 390 ಬಿಲಿಯನ್ ಪ್ರತ್ಯೇಕ ಮರಗಳೊಂದಿಗೆ, ಪ್ರಪಂಚದಲ್ಲೇ ಅತ್ಯಧಿಕ ಜೈವಿಕ ವೈವಿಧ್ಯತೆಯುಳ್ಳ ಉಷ್ಣವಲಯದ ಮಳೆಕಾಡು ಪಟ್ಟಿಯನ್ನು ಒಳಗೊಂಡಿದೆ.

ಪ್ರಶ್ನೆ:
ಅಮೆಜಾನ್ ಕಾಡಿನ ಬಹುತೇಕ ಭಾಗವು ಯಾವ ದೇಶದಲ್ಲಿದೆ?

ಉತ್ತರ:"
56,390 ಬಿಲಿಯನ್.,"16,000",0.6363636363636364,"ನೀನು ಸಹಾಯಕ, ನಿಖರ ಮತ್ತು ಸ್ಪಷ್ಟವಾಗಿ ಉತ್ತರಿಸುವ ಕನ್ನಡ AI ಸಹಾಯಕ. ಬಳಕೆದಾರರ ಪ್ರಶ್ನೆ ಅಥವಾ ಸೂಚನೆಗೆ ಕನ್ನಡದಲ್ಲೇ ಸೂಕ್ತ ಉತ್ತರ ನೀಡಿ.

ಕೆಳಗಿನ ಸಂದರ್ಭವನ್ನು ಓದಿ ಪ್ರಶ್ನೆಗೆ ಚಿಕ್ಕ ಕನ್ನಡ ಉತ್ತರ ನೀಡಿ.
ವಿವರಣೆ ಬೇಡ. ಕೇವಲ ಉತ್ತರ ಮಾತ್ರ ನೀಡಿ.

ಸಂದರ್ಭ:
ಅಮೆಜಾನ್ ಮಳೆಕಾಡು (ಪೋರ್ಚುಗೀಸ್: Floresta Amazônica ಅಥವಾ Amazônia; ಸ್ಪ್ಯಾನಿಶ್: Selva Amazónica, Amazonía ಅಥವಾ ಸಾಮಾನ್ಯವಾಗಿ Amazonia; ಫ್ರೆಂಚ್: Forêt amazonienne; ಡಚ್: Amazoneregenwoud), ಎಂಬುದು ದಕ್ಷಿಣ ಅಮೇರಿಕಾದ ಅಮೆಜಾನ್ ಜಲಾನಯನ ಪ್ರದೇಶದ ಬಹುಭಾಗವನ್ನು ಅವರಿಸಿರುವ ತೇವಭರಿತವಾದ ಅಗಲ-ಎಲೆಗಳ ಕಾಡು; ಇದನ್ನು ಇಂಗ್ಲಿಷ್‌ನಲ್ಲಿ ಅಮೆಜೋನಿಯ ಅಥವಾ ಅಮೆಜಾನ್ ಜಂಗಲ್ ಎಂದೂ ಸಹ ಕರೆಯುತ್ತಾರೆ. ಈ ಜಲಾನಯನ ಪ್ರದೇಶವು 7,000,000 ಚದರ ಕಿಲೋಮೀಟರ್‌ಗಳನ್ನು (2,700,000 ಚದರ ಮೈಲಿ) ವ್ಯಾಪಿಸಿದೆ, ಇದರಲ್ಲಿ 5,500,000 ಚದರ ಕಿಲೋಮೀಟರ್‌ಗಳನ್ನು (2,100,000 ಚದರ ಮೈಲಿ) ಮಳೆಕಾಡು ಆವರಿಸಿದೆ. ಈ ಪ್ರದೇಶವು ಒಂಭತ್ತು ದೇಶಗಳಿಗೆ ಸೇರಿದ ಪ್ರಾಂತ್ಯವನ್ನು ಸಹ ಒಳಗೊಂಡಿದೆ. ಕಾಡಿನ ಬಹುತೇಕ ಭಾಗ ಅಂದರೆ ಮಳೆಕಾಡಿನ 60% ಭಾಗ ಬ್ರಝೀಲ್‌ನಲ್ಲಿದೆ, ಪೆರುವಿನಲ್ಲಿ 13% ಇದೆ, ಕೊಲಂಬಿಯಾದಲ್ಲಿ 10% ಇದೆ, ಮತ್ತು ವೆನೆಝುವೆಲಾ, ಈಕ್ವಡಾರ್, ಬೊಲಿವಿಯ, ಗಯಾನಾ, ಸುರಿನಾಮೆ ಹಾಗೂ ಫ್ರೆಂಚ್ ಗಯಾನಾದಲ್ಲಿ ಅಲ್ಪ ಪ್ರಮಾಣದ ಮಳೆಕಾಡು ಇದೆ. ನಾಲ್ಕು ದೇಶಗಳಲ್ಲಿನ ರಾಜ್ಯಗಳು ಅಥವಾ ವಿಭಾಗಗಳ ಹೆಸರಿನಲ್ಲಿ ""Amazonas"" ಒಳಗೊಂಡಿದೆ. ಈ ಗ್ರಹದಲ್ಲಿ ಉಳಿದಿರುವ ಮಳೆಕಾಡುಗಳಲ್ಲಿ, ಅಮೆಜಾನ್, ಅರ್ಧಕ್ಕಿಂತಲೂ ಹೆಚ್ಚು ಭಾಗವನ್ನು ಪ್ರತಿನಿಧಿಸುತ್ತದೆ, ಮತ್ತು ಅಂದಾಜು 16,000 ಜಾತಿಗಳಲ್ಲಿ ವಿಭಜಿಸಲಾಗಿರುವ 390 ಬಿಲಿಯನ್ ಪ್ರತ್ಯೇಕ ಮರಗಳೊಂದಿಗೆ, ಪ್ರಪಂಚದಲ್ಲೇ ಅತ್ಯಧಿಕ ಜೈವಿಕ ವೈವಿಧ್ಯತೆಯುಳ್ಳ ಉಷ್ಣವಲಯದ ಮಳೆಕಾಡು ಪಟ್ಟಿಯನ್ನು ಒಳಗೊಂಡಿದೆ.

ಪ್ರಶ್ನೆ:
ಅಮೆಜಾನ್ ಉಷ್ಣವಲಯದ ಮಳೆಕಾಡಿನಲ್ಲಿರುವ ಮರಗಳ ಜಾತಿಗಳ ಅಂದಾಜು ಪ್ರಮಾಣ ಎಷ್ಟು?

ಉತ್ತರ:"
57,ಇದು 'ಹಳೆಯ ಪಶ್ಚಿಮ' (Old West) ಅಥವಾ 'ಹಳೆಯ ನೆಟ್‌ವರ್ಕ್‌ಗಳು' (Old Neighborhoods).,ಸೌತ್-ವೆಸ್ಟ್ ಫ್ರೆಸ್ನೋ,0.4925373134328358,"ನೀನು ಸಹಾಯಕ, ನಿಖರ ಮತ್ತು ಸ್ಪಷ್ಟವಾಗಿ ಉತ್ತರಿಸುವ ಕನ್ನಡ AI ಸಹಾಯಕ. ಬಳಕೆದಾರರ ಪ್ರಶ್ನೆ ಅಥವಾ ಸೂಚನೆಗೆ ಕನ್ನಡದಲ್ಲೇ ಸೂಕ್ತ ಉತ್ತರ ನೀಡಿ.

ಕೆಳಗಿನ ಸಂದರ್ಭವನ್ನು ಓದಿ ಪ್ರಶ್ನೆಗೆ ಚಿಕ್ಕ ಕನ್ನಡ ಉತ್ತರ ನೀಡಿ.
ವಿವರಣೆ ಬೇಡ. ಕೇವಲ ಉತ್ತರ ಮಾತ್ರ ನೀಡಿ.

ಸಂದರ್ಭ:
""ಸೌತ್-ವೆಸ್ಟ್ ಫ್ರೆಸ್ನೋ"" ಎಂದು ಹೆಚ್ಚಾಗಿ ಕರೆಯಲಾಗುವ ಫ್ರೆಸ್ನೋದ ""ಪಶ್ಚಿಮ ಭಾಗವು"" ನಗರದ ಅತ್ಯಂತ ಹಳೆಯ ಪ್ರದೇಶಗಳಲ್ಲೊಂದಾಗಿದೆ. ಈ ಪ್ರದೇಶವು 99 ಫ್ರೀವೇಯ ನೈಋತ್ಯ ದಿಕ್ಕಿನಲ್ಲಿದೆ (ಇದು ಡೌನ್‌ಟೌನ್ ಫ್ರೆಸ್ನೋದಿಂದ ಈ ಪ್ರದೇಶವನ್ನು ಪ್ರತ್ಯೇಕಿಸುತ್ತದೆ), 41 ಫ್ರೀವೇಯ ಪಶ್ಚಿಮ ದಿಕ್ಕಿನಲ್ಲಿದೆ ಮತ್ತು ನೀಲ್ಸನ್ ಅವೆನ್ಯೂದ (ಅಥವಾ ಹೊಸದಾಗಿ ನಿರ್ಮಿಸಲಾದ 180 ಫ್ರೀವೇ) ದಕ್ಷಿಣ ದಿಕ್ಕಿನಲ್ಲಿದೆ, ಮತ್ತು ಪಶ್ಚಿಮ ಹಾಗೂ ದಕ್ಷಿಣದಲ್ಲಿ ನಗರ-ಮಿತಿಗಳವರೆಗೆ ವ್ಯಾಪಿಸಿದೆ. ಈ ಪ್ರದೇಶವನ್ನು ಫ್ರೆಸ್ನೋದ ಆಫ್ರಿಕನ್-ಅಮೇರಿಕನ್ ಸಮುದಾಯದ ಕೇಂದ್ರಬಿಂದುವೆಂದು ಸಾಂಪ್ರದಾಯಿಕವಾಗಿ ಪರಿಗಣಿಸಲಾಗುತ್ತದೆ. ಇದು ಸಾಂಸ್ಕೃತಿಕ ವೈವಿಧ್ಯತೆಯನ್ನು ಹೊಂದಿದೆ ಮತ್ತು ಗಣನೀಯ ಪ್ರಮಾಣದ ಮೆಕ್ಸಿಕನ್-ಅಮೇರಿಕನ್ ಹಾಗೂ ಏಷ್ಯನ್-ಅಮೇರಿಕನ್ (ಪ್ರಮುಖವಾಗಿ ಮಾಂಗ್ ಅಥವಾ ಲಾವೋಶಿಯನ್) ಜನಸಮೂಹವನ್ನು ಸಹ ಒಳಗೊಂಡಿದೆ.

ಪ್ರಶ್ನೆ:
ಫ್ರೆಸ್ನೋದ ಪಶ್ಚಿಮ ಬದಿಯ ಇನ್ನೊಂದು ಹೆಸರೇನು?

ಉತ್ತರ:"
58,99 ಫ್ರೀವೇಯ ನೈಋತ್ಯ ದಿಕ್ಕಿನಲ್ಲಿದೆ.,ನೈಋತ್ಯ,0.896551724137931,"ನೀನು ಸಹಾಯಕ, ನಿಖರ ಮತ್ತು ಸ್ಪಷ್ಟವಾಗಿ ಉತ್ತರಿಸುವ ಕನ್ನಡ AI ಸಹಾಯಕ. ಬಳಕೆದಾರರ ಪ್ರಶ್ನೆ ಅಥವಾ ಸೂಚನೆಗೆ ಕನ್ನಡದಲ್ಲೇ ಸೂಕ್ತ ಉತ್ತರ ನೀಡಿ.

ಕೆಳಗಿನ ಸಂದರ್ಭವನ್ನು ಓದಿ ಪ್ರಶ್ನೆಗೆ ಚಿಕ್ಕ ಕನ್ನಡ ಉತ್ತರ ನೀಡಿ.
ವಿವರಣೆ ಬೇಡ. ಕೇವಲ ಉತ್ತರ ಮಾತ್ರ ನೀಡಿ.

ಸಂದರ್ಭ:
""ಸೌತ್-ವೆಸ್ಟ್ ಫ್ರೆಸ್ನೋ"" ಎಂದು ಹೆಚ್ಚಾಗಿ ಕರೆಯಲಾಗುವ ಫ್ರೆಸ್ನೋದ ""ಪಶ್ಚಿಮ ಭಾಗವು"" ನಗರದ ಅತ್ಯಂತ ಹಳೆಯ ಪ್ರದೇಶಗಳಲ್ಲೊಂದಾಗಿದೆ. ಈ ಪ್ರದೇಶವು 99 ಫ್ರೀವೇಯ ನೈಋತ್ಯ ದಿಕ್ಕಿನಲ್ಲಿದೆ (ಇದು ಡೌನ್‌ಟೌನ್ ಫ್ರೆಸ್ನೋದಿಂದ ಈ ಪ್ರದೇಶವನ್ನು ಪ್ರತ್ಯೇಕಿಸುತ್ತದೆ), 41 ಫ್ರೀವೇಯ ಪಶ್ಚಿಮ ದಿಕ್ಕಿನಲ್ಲಿದೆ ಮತ್ತು ನೀಲ್ಸನ್ ಅವೆನ್ಯೂದ (ಅಥವಾ ಹೊಸದಾಗಿ ನಿರ್ಮಿಸಲಾದ 180 ಫ್ರೀವೇ) ದಕ್ಷಿಣ ದಿಕ್ಕಿನಲ್ಲಿದೆ, ಮತ್ತು ಪಶ್ಚಿಮ ಹಾಗೂ ದಕ್ಷಿಣದಲ್ಲಿ ನಗರ-ಮಿತಿಗಳವರೆಗೆ ವ್ಯಾಪಿಸಿದೆ. ಈ ಪ್ರದೇಶವನ್ನು ಫ್ರೆಸ್ನೋದ ಆಫ್ರಿಕನ್-ಅಮೇರಿಕನ್ ಸಮುದಾಯದ ಕೇಂದ್ರಬಿಂದುವೆಂದು ಸಾಂಪ್ರದಾಯಿಕವಾಗಿ ಪರಿಗಣಿಸಲಾಗುತ್ತದೆ. ಇದು ಸಾಂಸ್ಕೃತಿಕ ವೈವಿಧ್ಯತೆಯನ್ನು ಹೊಂದಿದೆ ಮತ್ತು ಗಣನೀಯ ಪ್ರಮಾಣದ ಮೆಕ್ಸಿಕನ್-ಅಮೇರಿಕನ್ ಹಾಗೂ ಏಷ್ಯನ್-ಅಮೇರಿಕನ್ (ಪ್ರಮುಖವಾಗಿ ಮಾಂಗ್ ಅಥವಾ ಲಾವೋಶಿಯನ್) ಜನಸಮೂಹವನ್ನು ಸಹ ಒಳಗೊಂಡಿದೆ.

ಪ್ರಶ್ನೆ:
ಫ್ರೆಸ್ನೋ ಪ್ರದೇಶದ ಪಶ್ಚಿಮ ಬದಿಯು 99 ಫ್ರೀವೇಯ ಯಾವ ದಿಕ್ಕಿನಲ್ಲಿದೆ?

ಉತ್ತರ:"
59,ಫ್ರೆಸ್ನೋದ ಪಶ್ಚಿಮ ಬದಿಯು ಆಫ್ರಿಕನ್-ಅಮೇರಿಕನ್ ಸಮುದಾಯದ ಕೇಂದ್ರಬಿಂದುವಾಗಿದೆ.,ಆಫ್ರಿಕನ್-ಅಮೇರಿಕನ್,0.967741935483871,"ನೀನು ಸಹಾಯಕ, ನಿಖರ ಮತ್ತು ಸ್ಪಷ್ಟವಾಗಿ ಉತ್ತರಿಸುವ ಕನ್ನಡ AI ಸಹಾಯಕ. ಬಳಕೆದಾರರ ಪ್ರಶ್ನೆ ಅಥವಾ ಸೂಚನೆಗೆ ಕನ್ನಡದಲ್ಲೇ ಸೂಕ್ತ ಉತ್ತರ ನೀಡಿ.

ಕೆಳಗಿನ ಸಂದರ್ಭವನ್ನು ಓದಿ ಪ್ರಶ್ನೆಗೆ ಚಿಕ್ಕ ಕನ್ನಡ ಉತ್ತರ ನೀಡಿ.
ವಿವರಣೆ ಬೇಡ. ಕೇವಲ ಉತ್ತರ ಮಾತ್ರ ನೀಡಿ.

ಸಂದರ್ಭ:
""ಸೌತ್-ವೆಸ್ಟ್ ಫ್ರೆಸ್ನೋ"" ಎಂದು ಹೆಚ್ಚಾಗಿ ಕರೆಯಲಾಗುವ ಫ್ರೆಸ್ನೋದ ""ಪಶ್ಚಿಮ ಭಾಗವು"" ನಗರದ ಅತ್ಯಂತ ಹಳೆಯ ಪ್ರದೇಶಗಳಲ್ಲೊಂದಾಗಿದೆ. ಈ ಪ್ರದೇಶವು 99 ಫ್ರೀವೇಯ ನೈಋತ್ಯ ದಿಕ್ಕಿನಲ್ಲಿದೆ (ಇದು ಡೌನ್‌ಟೌನ್ ಫ್ರೆಸ್ನೋದಿಂದ ಈ ಪ್ರದೇಶವನ್ನು ಪ್ರತ್ಯೇಕಿಸುತ್ತದೆ), 41 ಫ್ರೀವೇಯ ಪಶ್ಚಿಮ ದಿಕ್ಕಿನಲ್ಲಿದೆ ಮತ್ತು ನೀಲ್ಸನ್ ಅವೆನ್ಯೂದ (ಅಥವಾ ಹೊಸದಾಗಿ ನಿರ್ಮಿಸಲಾದ 180 ಫ್ರೀವೇ) ದಕ್ಷಿಣ ದಿಕ್ಕಿನಲ್ಲಿದೆ, ಮತ್ತು ಪಶ್ಚಿಮ ಹಾಗೂ ದಕ್ಷಿಣದಲ್ಲಿ ನಗರ-ಮಿತಿಗಳವರೆಗೆ ವ್ಯಾಪಿಸಿದೆ. ಈ ಪ್ರದೇಶವನ್ನು ಫ್ರೆಸ್ನೋದ ಆಫ್ರಿಕನ್-ಅಮೇರಿಕನ್ ಸಮುದಾಯದ ಕೇಂದ್ರಬಿಂದುವೆಂದು ಸಾಂಪ್ರದಾಯಿಕವಾಗಿ ಪರಿಗಣಿಸಲಾಗುತ್ತದೆ. ಇದು ಸಾಂಸ್ಕೃತಿಕ ವೈವಿಧ್ಯತೆಯನ್ನು ಹೊಂದಿದೆ ಮತ್ತು ಗಣನೀಯ ಪ್ರಮಾಣದ ಮೆಕ್ಸಿಕನ್-ಅಮೇರಿಕನ್ ಹಾಗೂ ಏಷ್ಯನ್-ಅಮೇರಿಕನ್ (ಪ್ರಮುಖವಾಗಿ ಮಾಂಗ್ ಅಥವಾ ಲಾವೋಶಿಯನ್) ಜನಸಮೂಹವನ್ನು ಸಹ ಒಳಗೊಂಡಿದೆ.

ಪ್ರಶ್ನೆ:
ಫ್ರೆಸ್ನೋದ ಪಶ್ಚಿಮ ಬದಿಯು ಯಾವ ಜನಾಂಗೀಯ ಸಮುದಾಯದ ಕೇಂದ್ರಬಿಂದುವಾಗಿದೆ?

ಉತ್ತರ:"
60,"1. ಮಾಂಗ್‌ಗಳು (Lao)
2. ಲಾವೋಶಿಯನ್ಸ್‌ಗಳು",ಮಾಂಗ್ ಅಥವಾ ಲಾವೋಶಿಯನ್,0.6666666666666666,"ನೀನು ಸಹಾಯಕ, ನಿಖರ ಮತ್ತು ಸ್ಪಷ್ಟವಾಗಿ ಉತ್ತರಿಸುವ ಕನ್ನಡ AI ಸಹಾಯಕ. ಬಳಕೆದಾರರ ಪ್ರಶ್ನೆ ಅಥವಾ ಸೂಚನೆಗೆ ಕನ್ನಡದಲ್ಲೇ ಸೂಕ್ತ ಉತ್ತರ ನೀಡಿ.

ಕೆಳಗಿನ ಸಂದರ್ಭವನ್ನು ಓದಿ ಪ್ರಶ್ನೆಗೆ ಚಿಕ್ಕ ಕನ್ನಡ ಉತ್ತರ ನೀಡಿ.
ವಿವರಣೆ ಬೇಡ. ಕೇವಲ ಉತ್ತರ ಮಾತ್ರ ನೀಡಿ.

ಸಂದರ್ಭ:
""ಸೌತ್-ವೆಸ್ಟ್ ಫ್ರೆಸ್ನೋ"" ಎಂದು ಹೆಚ್ಚಾಗಿ ಕರೆಯಲಾಗುವ ಫ್ರೆಸ್ನೋದ ""ಪಶ್ಚಿಮ ಭಾಗವು"" ನಗರದ ಅತ್ಯಂತ ಹಳೆಯ ಪ್ರದೇಶಗಳಲ್ಲೊಂದಾಗಿದೆ. ಈ ಪ್ರದೇಶವು 99 ಫ್ರೀವೇಯ ನೈಋತ್ಯ ದಿಕ್ಕಿನಲ್ಲಿದೆ (ಇದು ಡೌನ್‌ಟೌನ್ ಫ್ರೆಸ್ನೋದಿಂದ ಈ ಪ್ರದೇಶವನ್ನು ಪ್ರತ್ಯೇಕಿಸುತ್ತದೆ), 41 ಫ್ರೀವೇಯ ಪಶ್ಚಿಮ ದಿಕ್ಕಿನಲ್ಲಿದೆ ಮತ್ತು ನೀಲ್ಸನ್ ಅವೆನ್ಯೂದ (ಅಥವಾ ಹೊಸದಾಗಿ ನಿರ್ಮಿಸಲಾದ 180 ಫ್ರೀವೇ) ದಕ್ಷಿಣ ದಿಕ್ಕಿನಲ್ಲಿದೆ, ಮತ್ತು ಪಶ್ಚಿಮ ಹಾಗೂ ದಕ್ಷಿಣದಲ್ಲಿ ನಗರ-ಮಿತಿಗಳವರೆಗೆ ವ್ಯಾಪಿಸಿದೆ. ಈ ಪ್ರದೇಶವನ್ನು ಫ್ರೆಸ್ನೋದ ಆಫ್ರಿಕನ್-ಅಮೇರಿಕನ್ ಸಮುದಾಯದ ಕೇಂದ್ರಬಿಂದುವೆಂದು ಸಾಂಪ್ರದಾಯಿಕವಾಗಿ ಪರಿಗಣಿಸಲಾಗುತ್ತದೆ. ಇದು ಸಾಂಸ್ಕೃತಿಕ ವೈವಿಧ್ಯತೆಯನ್ನು ಹೊಂದಿದೆ ಮತ್ತು ಗಣನೀಯ ಪ್ರಮಾಣದ ಮೆಕ್ಸಿಕನ್-ಅಮೇರಿಕನ್ ಹಾಗೂ ಏಷ್ಯನ್-ಅಮೇರಿಕನ್ (ಪ್ರಮುಖವಾಗಿ ಮಾಂಗ್ ಅಥವಾ ಲಾವೋಶಿಯನ್) ಜನಸಮೂಹವನ್ನು ಸಹ ಒಳಗೊಂಡಿದೆ.

ಪ್ರಶ್ನೆ:
ಫ್ರೆಸ್ನೋದ ಪಶ್ಚಿಮ ಬದಿಯ ಪ್ರದೇಶದಲ್ಲಿ ವಾಸಿಸುತ್ತಿರುವ ಎರಡು ಪ್ರಮುಖ ಏಷ್ಯನ್-ಅಮೇರಿಕನ್ ಸಮೂಹಗಳು ಯಾವುವು?

ಉತ್ತರ:"
61,41 ಫ್ರೀವೇಯ ಪಶ್ಚಿಮ ದಿಕ್ಕಿನಲ್ಲಿ 'ಬಾಲ್‌ಟನ್‌ಬರ್ಗ್‌ಸ್ಟೈನ್' (Baltonburgstain) ಪ್ರದೇಶವಿದೆ.,ಪಶ್ಚಿಮ ಭಾಗ,0.6753246753246753,"ನೀನು ಸಹಾಯಕ, ನಿಖರ ಮತ್ತು ಸ್ಪಷ್ಟವಾಗಿ ಉತ್ತರಿಸುವ ಕನ್ನಡ AI ಸಹಾಯಕ. ಬಳಕೆದಾರರ ಪ್ರಶ್ನೆ ಅಥವಾ ಸೂಚನೆಗೆ ಕನ್ನಡದಲ್ಲೇ ಸೂಕ್ತ ಉತ್ತರ ನೀಡಿ.

ಕೆಳಗಿನ ಸಂದರ್ಭವನ್ನು ಓದಿ ಪ್ರಶ್ನೆಗೆ ಚಿಕ್ಕ ಕನ್ನಡ ಉತ್ತರ ನೀಡಿ.
ವಿವರಣೆ ಬೇಡ. ಕೇವಲ ಉತ್ತರ ಮಾತ್ರ ನೀಡಿ.

ಸಂದರ್ಭ:
""ಸೌತ್-ವೆಸ್ಟ್ ಫ್ರೆಸ್ನೋ"" ಎಂದು ಹೆಚ್ಚಾಗಿ ಕರೆಯಲಾಗುವ ಫ್ರೆಸ್ನೋದ ""ಪಶ್ಚಿಮ ಭಾಗವು"" ನಗರದ ಅತ್ಯಂತ ಹಳೆಯ ಪ್ರದೇಶಗಳಲ್ಲೊಂದಾಗಿದೆ. ಈ ಪ್ರದೇಶವು 99 ಫ್ರೀವೇಯ ನೈಋತ್ಯ ದಿಕ್ಕಿನಲ್ಲಿದೆ (ಇದು ಡೌನ್‌ಟೌನ್ ಫ್ರೆಸ್ನೋದಿಂದ ಈ ಪ್ರದೇಶವನ್ನು ಪ್ರತ್ಯೇಕಿಸುತ್ತದೆ), 41 ಫ್ರೀವೇಯ ಪಶ್ಚಿಮ ದಿಕ್ಕಿನಲ್ಲಿದೆ ಮತ್ತು ನೀಲ್ಸನ್ ಅವೆನ್ಯೂದ (ಅಥವಾ ಹೊಸದಾಗಿ ನಿರ್ಮಿಸಲಾದ 180 ಫ್ರೀವೇ) ದಕ್ಷಿಣ ದಿಕ್ಕಿನಲ್ಲಿದೆ, ಮತ್ತು ಪಶ್ಚಿಮ ಹಾಗೂ ದಕ್ಷಿಣದಲ್ಲಿ ನಗರ-ಮಿತಿಗಳವರೆಗೆ ವ್ಯಾಪಿಸಿದೆ. ಈ ಪ್ರದೇಶವನ್ನು ಫ್ರೆಸ್ನೋದ ಆಫ್ರಿಕನ್-ಅಮೇರಿಕನ್ ಸಮುದಾಯದ ಕೇಂದ್ರಬಿಂದುವೆಂದು ಸಾಂಪ್ರದಾಯಿಕವಾಗಿ ಪರಿಗಣಿಸಲಾಗುತ್ತದೆ. ಇದು ಸಾಂಸ್ಕೃತಿಕ ವೈವಿಧ್ಯತೆಯನ್ನು ಹೊಂದಿದೆ ಮತ್ತು ಗಣನೀಯ ಪ್ರಮಾಣದ ಮೆಕ್ಸಿಕನ್-ಅಮೇರಿಕನ್ ಹಾಗೂ ಏಷ್ಯನ್-ಅಮೇರಿಕನ್ (ಪ್ರಮುಖವಾಗಿ ಮಾಂಗ್ ಅಥವಾ ಲಾವೋಶಿಯನ್) ಜನಸಮೂಹವನ್ನು ಸಹ ಒಳಗೊಂಡಿದೆ.

ಪ್ರಶ್ನೆ:
41 ಫ್ರೀವೇಯ ಪಶ್ಚಿಮ ದಿಕ್ಕಿನಲ್ಲಿ ಯಾವ ಪ್ರದೇಶವಿದೆ?

ಉತ್ತರ:"
62,ಕಪ್ಪು ಮರಣವನ್ನು 'ಮಿಯಾಸ್ಮಾ' (Miasma) ಎಂಬ ಪದದ ಅಡಿಯಲ್ಲಿ 'ಅತಿದೊಡ್ಡ ಪಿಡುಗು' ಎಂದು ಆರೋಪಿಸಲಾಯಿತು.,ಆಕಾಶ,0.8333333333333334,"ನೀನು ಸಹಾಯಕ, ನಿಖರ ಮತ್ತು ಸ್ಪಷ್ಟವಾಗಿ ಉತ್ತರಿಸುವ ಕನ್ನಡ AI ಸಹಾಯಕ. ಬಳಕೆದಾರರ ಪ್ರಶ್ನೆ ಅಥವಾ ಸೂಚನೆಗೆ ಕನ್ನಡದಲ್ಲೇ ಸೂಕ್ತ ಉತ್ತರ ನೀಡಿ.

ಕೆಳಗಿನ ಸಂದರ್ಭವನ್ನು ಓದಿ ಪ್ರಶ್ನೆಗೆ ಚಿಕ್ಕ ಕನ್ನಡ ಉತ್ತರ ನೀಡಿ.
ವಿವರಣೆ ಬೇಡ. ಕೇವಲ ಉತ್ತರ ಮಾತ್ರ ನೀಡಿ.

ಸಂದರ್ಭ:
ವೈದ್ಯಕೀಯ ಜ್ಞಾನವು ಮಧ್ಯಯುಗದಲ್ಲಿ ನಿಂತ ನೀರಾಗಿಬಿಟ್ಟಿದೆ. ಪ್ಯಾರಿಸ್‌ನ ವೈದ್ಯಕೀಯ ಬೋಧಕರಿಂದ ಫ್ರಾನ್ಸ್‌ನ ದೊರೆಗೆ ಸಲ್ಲಿಸಲಾದ ಆ ಸಮಯದ ಅತ್ಯಂತ ಅಧಿಕಾರಯುತ ವರದಿಯಲ್ಲಿ, 1345 ರಲ್ಲಿನ ಮೂರು ಗ್ರಹಗಳ ಸಂಯೋಗದ ರೂಪದಲ್ಲಿ ""ಗಾಳಿಯಲ್ಲಿ ಅತಿದೊಡ್ಡ ಪಿಡುಗು"" ಉಂಟಾಗಲು ಆಕಾಶವೇ ಕಾರಣ ಎಂದು ಆರೋಪಿಸಲಾಗಿತ್ತು. ಸಾಂಕ್ರಾಮಿಕದಿಂದ ಬಳಲುತ್ತಿರುವವರಿಗೆ ಸಲಹೆ ನೀಡುವ ಉದ್ದೇಶವಿರುವ ಗ್ರಂಥಗಳಲ್ಲಿ ಈ ವರದಿಯು ಮೊತ್ತಮೊದಲನೆಯದಾಗಿತ್ತು ಮತ್ತು ಅತ್ಯಂತ ವ್ಯಾಪಕವಾಗಿ ಹಬ್ಬಿತ್ತು. ಕೆಟ್ಟ ಗಾಳಿಯಿಂದಾಗಿ ಪ್ಲೇಗ್ ಉಂಟಾಗಿದೆ ಎಂಬುದು ಅತ್ಯಂತ ವ್ಯಾಪಕವಾಗಿ ಸ್ವೀಕೃತವಾದ ತತ್ವವಾಗಿತ್ತು. ಇಂದು, ಇದನ್ನು ಮಿಯಾಸ್ಮಾ ಥಿಯರಿ ಎಂದು ಕರೆಯಲಾಗುತ್ತದೆ. ಈ ಸಮಯದಲ್ಲಿ 'ಪ್ಲೇಗ್' ಎಂಬ ಪದವು ಯಾವುದೇ ವಿಶೇಷ ಮಹತ್ವವನ್ನು ಹೊಂದಿರಲಿಲ್ಲ, ಮತ್ತು ಮಧ್ಯಯುಗದಲ್ಲಿ ಈ ಪಿಡುಗಿನ ಪುನರಾವರ್ತಿತ ಸ್ಫೋಟಗಳಿಂದ ಮಾತ್ರವೇ ಈ ಹೆಸರು ಬಂದಿತು ಮತ್ತು ಮುಂದೆ ಇದೇ ವೈದ್ಯಕೀಯ ಪದವಾಯಿತು.

ಪ್ರಶ್ನೆ:
ಕಪ್ಪು ಮರಣವನ್ನು ಮೊದಲಿಗೆ ಯಾವುದರ ಮೇಲೆ ಆರೋಪಿಸಲಾಯಿತು?

ಉತ್ತರ:"
63,ಪ್ಯಾರಿಸ್‌ನ ವೈದ್ಯಕೀಯ ಬೋಧಕರು.,ಫ್ರಾನ್ಸ್‌ನ ದೊರೆ,0.92,"ನೀನು ಸಹಾಯಕ, ನಿಖರ ಮತ್ತು ಸ್ಪಷ್ಟವಾಗಿ ಉತ್ತರಿಸುವ ಕನ್ನಡ AI ಸಹಾಯಕ. ಬಳಕೆದಾರರ ಪ್ರಶ್ನೆ ಅಥವಾ ಸೂಚನೆಗೆ ಕನ್ನಡದಲ್ಲೇ ಸೂಕ್ತ ಉತ್ತರ ನೀಡಿ.

ಕೆಳಗಿನ ಸಂದರ್ಭವನ್ನು ಓದಿ ಪ್ರಶ್ನೆಗೆ ಚಿಕ್ಕ ಕನ್ನಡ ಉತ್ತರ ನೀಡಿ.
ವಿವರಣೆ ಬೇಡ. ಕೇವಲ ಉತ್ತರ ಮಾತ್ರ ನೀಡಿ.

ಸಂದರ್ಭ:
ವೈದ್ಯಕೀಯ ಜ್ಞಾನವು ಮಧ್ಯಯುಗದಲ್ಲಿ ನಿಂತ ನೀರಾಗಿಬಿಟ್ಟಿದೆ. ಪ್ಯಾರಿಸ್‌ನ ವೈದ್ಯಕೀಯ ಬೋಧಕರಿಂದ ಫ್ರಾನ್ಸ್‌ನ ದೊರೆಗೆ ಸಲ್ಲಿಸಲಾದ ಆ ಸಮಯದ ಅತ್ಯಂತ ಅಧಿಕಾರಯುತ ವರದಿಯಲ್ಲಿ, 1345 ರಲ್ಲಿನ ಮೂರು ಗ್ರಹಗಳ ಸಂಯೋಗದ ರೂಪದಲ್ಲಿ ""ಗಾಳಿಯಲ್ಲಿ ಅತಿದೊಡ್ಡ ಪಿಡುಗು"" ಉಂಟಾಗಲು ಆಕಾಶವೇ ಕಾರಣ ಎಂದು ಆರೋಪಿಸಲಾಗಿತ್ತು. ಸಾಂಕ್ರಾಮಿಕದಿಂದ ಬಳಲುತ್ತಿರುವವರಿಗೆ ಸಲಹೆ ನೀಡುವ ಉದ್ದೇಶವಿರುವ ಗ್ರಂಥಗಳಲ್ಲಿ ಈ ವರದಿಯು ಮೊತ್ತಮೊದಲನೆಯದಾಗಿತ್ತು ಮತ್ತು ಅತ್ಯಂತ ವ್ಯಾಪಕವಾಗಿ ಹಬ್ಬಿತ್ತು. ಕೆಟ್ಟ ಗಾಳಿಯಿಂದಾಗಿ ಪ್ಲೇಗ್ ಉಂಟಾಗಿದೆ ಎಂಬುದು ಅತ್ಯಂತ ವ್ಯಾಪಕವಾಗಿ ಸ್ವೀಕೃತವಾದ ತತ್ವವಾಗಿತ್ತು. ಇಂದು, ಇದನ್ನು ಮಿಯಾಸ್ಮಾ ಥಿಯರಿ ಎಂದು ಕರೆಯಲಾಗುತ್ತದೆ. ಈ ಸಮಯದಲ್ಲಿ 'ಪ್ಲೇಗ್' ಎಂಬ ಪದವು ಯಾವುದೇ ವಿಶೇಷ ಮಹತ್ವವನ್ನು ಹೊಂದಿರಲಿಲ್ಲ, ಮತ್ತು ಮಧ್ಯಯುಗದಲ್ಲಿ ಈ ಪಿಡುಗಿನ ಪುನರಾವರ್ತಿತ ಸ್ಫೋಟಗಳಿಂದ ಮಾತ್ರವೇ ಈ ಹೆಸರು ಬಂದಿತು ಮತ್ತು ಮುಂದೆ ಇದೇ ವೈದ್ಯಕೀಯ ಪದವಾಯಿತು.

ಪ್ರಶ್ನೆ:
ವೈದ್ಯಕೀಯ ವರದಿಯನ್ನು ಯಾರಿಗಾಗಿ ಬರೆಯಲಾಗಿತ್ತು?

ಉತ್ತರ:"
64,ಪ್ಲೇಗ್‌ನ ಹರಡುವಿಕೆಯು 'ಮಿಯಾಸ್ಮಾ' (Miasma) ಎಂಬ ಕಳಂಕದ ವಾತಾವರಣದಿಂದ ಉಂಟಾಗುತ್ತದೆ ಎಂದು ಹೊಸ ತತ್ವವು ಹೇಳುತ್ತದೆ.,ಕೆಟ್ಟ ಗಾಳಿಯಿಂದಾಗಿ ಪ್ಲೇಗ್ ಉಂಟಾಗಿದೆ,0.8651685393258427,"ನೀನು ಸಹಾಯಕ, ನಿಖರ ಮತ್ತು ಸ್ಪಷ್ಟವಾಗಿ ಉತ್ತರಿಸುವ ಕನ್ನಡ AI ಸಹಾಯಕ. ಬಳಕೆದಾರರ ಪ್ರಶ್ನೆ ಅಥವಾ ಸೂಚನೆಗೆ ಕನ್ನಡದಲ್ಲೇ ಸೂಕ್ತ ಉತ್ತರ ನೀಡಿ.

ಕೆಳಗಿನ ಸಂದರ್ಭವನ್ನು ಓದಿ ಪ್ರಶ್ನೆಗೆ ಚಿಕ್ಕ ಕನ್ನಡ ಉತ್ತರ ನೀಡಿ.
ವಿವರಣೆ ಬೇಡ. ಕೇವಲ ಉತ್ತರ ಮಾತ್ರ ನೀಡಿ.

ಸಂದರ್ಭ:
ವೈದ್ಯಕೀಯ ಜ್ಞಾನವು ಮಧ್ಯಯುಗದಲ್ಲಿ ನಿಂತ ನೀರಾಗಿಬಿಟ್ಟಿದೆ. ಪ್ಯಾರಿಸ್‌ನ ವೈದ್ಯಕೀಯ ಬೋಧಕರಿಂದ ಫ್ರಾನ್ಸ್‌ನ ದೊರೆಗೆ ಸಲ್ಲಿಸಲಾದ ಆ ಸಮಯದ ಅತ್ಯಂತ ಅಧಿಕಾರಯುತ ವರದಿಯಲ್ಲಿ, 1345 ರಲ್ಲಿನ ಮೂರು ಗ್ರಹಗಳ ಸಂಯೋಗದ ರೂಪದಲ್ಲಿ ""ಗಾಳಿಯಲ್ಲಿ ಅತಿದೊಡ್ಡ ಪಿಡುಗು"" ಉಂಟಾಗಲು ಆಕಾಶವೇ ಕಾರಣ ಎಂದು ಆರೋಪಿಸಲಾಗಿತ್ತು. ಸಾಂಕ್ರಾಮಿಕದಿಂದ ಬಳಲುತ್ತಿರುವವರಿಗೆ ಸಲಹೆ ನೀಡುವ ಉದ್ದೇಶವಿರುವ ಗ್ರಂಥಗಳಲ್ಲಿ ಈ ವರದಿಯು ಮೊತ್ತಮೊದಲನೆಯದಾಗಿತ್ತು ಮತ್ತು ಅತ್ಯಂತ ವ್ಯಾಪಕವಾಗಿ ಹಬ್ಬಿತ್ತು. ಕೆಟ್ಟ ಗಾಳಿಯಿಂದಾಗಿ ಪ್ಲೇಗ್ ಉಂಟಾಗಿದೆ ಎಂಬುದು ಅತ್ಯಂತ ವ್ಯಾಪಕವಾಗಿ ಸ್ವೀಕೃತವಾದ ತತ್ವವಾಗಿತ್ತು. ಇಂದು, ಇದನ್ನು ಮಿಯಾಸ್ಮಾ ಥಿಯರಿ ಎಂದು ಕರೆಯಲಾಗುತ್ತದೆ. ಈ ಸಮಯದಲ್ಲಿ 'ಪ್ಲೇಗ್' ಎಂಬ ಪದವು ಯಾವುದೇ ವಿಶೇಷ ಮಹತ್ವವನ್ನು ಹೊಂದಿರಲಿಲ್ಲ, ಮತ್ತು ಮಧ್ಯಯುಗದಲ್ಲಿ ಈ ಪಿಡುಗಿನ ಪುನರಾವರ್ತಿತ ಸ್ಫೋಟಗಳಿಂದ ಮಾತ್ರವೇ ಈ ಹೆಸರು ಬಂದಿತು ಮತ್ತು ಮುಂದೆ ಇದೇ ವೈದ್ಯಕೀಯ ಪದವಾಯಿತು.

ಪ್ರಶ್ನೆ:
ಪ್ಲೇಗ್ ಹರಡುವಿಕೆಯ ಕುರಿತು ಹೊಸದಾದ ಮತ್ತು ಹೆಚ್ಚು ವ್ಯಾಪಕವಾಗಿ ಸ್ವೀಕೃತವಾದ ತತ್ವ ಯಾವುದು?

ಉತ್ತರ:"
65,ಮಿಯಾಸ್ಮಾ ಥಿಯರಿ (Miasma Theory).,ಮಿಯಾಸ್ಮಾ ಥಿಯರಿ,0.4642857142857143,"ನೀನು ಸಹಾಯಕ, ನಿಖರ ಮತ್ತು ಸ್ಪಷ್ಟವಾಗಿ ಉತ್ತರಿಸುವ ಕನ್ನಡ AI ಸಹಾಯಕ. ಬಳಕೆದಾರರ ಪ್ರಶ್ನೆ ಅಥವಾ ಸೂಚನೆಗೆ ಕನ್ನಡದಲ್ಲೇ ಸೂಕ್ತ ಉತ್ತರ ನೀಡಿ.

ಕೆಳಗಿನ ಸಂದರ್ಭವನ್ನು ಓದಿ ಪ್ರಶ್ನೆಗೆ ಚಿಕ್ಕ ಕನ್ನಡ ಉತ್ತರ ನೀಡಿ.
ವಿವರಣೆ ಬೇಡ. ಕೇವಲ ಉತ್ತರ ಮಾತ್ರ ನೀಡಿ.

ಸಂದರ್ಭ:
ವೈದ್ಯಕೀಯ ಜ್ಞಾನವು ಮಧ್ಯಯುಗದಲ್ಲಿ ನಿಂತ ನೀರಾಗಿಬಿಟ್ಟಿದೆ. ಪ್ಯಾರಿಸ್‌ನ ವೈದ್ಯಕೀಯ ಬೋಧಕರಿಂದ ಫ್ರಾನ್ಸ್‌ನ ದೊರೆಗೆ ಸಲ್ಲಿಸಲಾದ ಆ ಸಮಯದ ಅತ್ಯಂತ ಅಧಿಕಾರಯುತ ವರದಿಯಲ್ಲಿ, 1345 ರಲ್ಲಿನ ಮೂರು ಗ್ರಹಗಳ ಸಂಯೋಗದ ರೂಪದಲ್ಲಿ ""ಗಾಳಿಯಲ್ಲಿ ಅತಿದೊಡ್ಡ ಪಿಡುಗು"" ಉಂಟಾಗಲು ಆಕಾಶವೇ ಕಾರಣ ಎಂದು ಆರೋಪಿಸಲಾಗಿತ್ತು. ಸಾಂಕ್ರಾಮಿಕದಿಂದ ಬಳಲುತ್ತಿರುವವರಿಗೆ ಸಲಹೆ ನೀಡುವ ಉದ್ದೇಶವಿರುವ ಗ್ರಂಥಗಳಲ್ಲಿ ಈ ವರದಿಯು ಮೊತ್ತಮೊದಲನೆಯದಾಗಿತ್ತು ಮತ್ತು ಅತ್ಯಂತ ವ್ಯಾಪಕವಾಗಿ ಹಬ್ಬಿತ್ತು. ಕೆಟ್ಟ ಗಾಳಿಯಿಂದಾಗಿ ಪ್ಲೇಗ್ ಉಂಟಾಗಿದೆ ಎಂಬುದು ಅತ್ಯಂತ ವ್ಯಾಪಕವಾಗಿ ಸ್ವೀಕೃತವಾದ ತತ್ವವಾಗಿತ್ತು. ಇಂದು, ಇದನ್ನು ಮಿಯಾಸ್ಮಾ ಥಿಯರಿ ಎಂದು ಕರೆಯಲಾಗುತ್ತದೆ. ಈ ಸಮಯದಲ್ಲಿ 'ಪ್ಲೇಗ್' ಎಂಬ ಪದವು ಯಾವುದೇ ವಿಶೇಷ ಮಹತ್ವವನ್ನು ಹೊಂದಿರಲಿಲ್ಲ, ಮತ್ತು ಮಧ್ಯಯುಗದಲ್ಲಿ ಈ ಪಿಡುಗಿನ ಪುನರಾವರ್ತಿತ ಸ್ಫೋಟಗಳಿಂದ ಮಾತ್ರವೇ ಈ ಹೆಸರು ಬಂದಿತು ಮತ್ತು ಮುಂದೆ ಇದೇ ವೈದ್ಯಕೀಯ ಪದವಾಯಿತು.

ಪ್ರಶ್ನೆ:
ಕೆಟ್ಟ ಗಾಳಿಯ ಕುರಿತಾದ ತತ್ವವನ್ನು ಅಧಿಕೃತವಾಗಿ ಏನೆಂದು ಕರೆಯಲಾಗುತ್ತದೆ?

ಉತ್ತರ:"
66,ಪಾನ್ಸ್ ಏಲಿಯಸ್.,ಪಾನ್ಸ್ ಏಲಿಯಸ್,0.9230769230769231,"ನೀನು ಸಹಾಯಕ, ನಿಖರ ಮತ್ತು ಸ್ಪಷ್ಟವಾಗಿ ಉತ್ತರಿಸುವ ಕನ್ನಡ AI ಸಹಾಯಕ. ಬಳಕೆದಾರರ ಪ್ರಶ್ನೆ ಅಥವಾ ಸೂಚನೆಗೆ ಕನ್ನಡದಲ್ಲೇ ಸೂಕ್ತ ಉತ್ತರ ನೀಡಿ.

ಕೆಳಗಿನ ಸಂದರ್ಭವನ್ನು ಓದಿ ಪ್ರಶ್ನೆಗೆ ಚಿಕ್ಕ ಕನ್ನಡ ಉತ್ತರ ನೀಡಿ.
ವಿವರಣೆ ಬೇಡ. ಕೇವಲ ಉತ್ತರ ಮಾತ್ರ ನೀಡಿ.

ಸಂದರ್ಭ:
ಈಗ ನ್ಯೂಕ್ಯಾಸಲ್ ಎನಿಸಿಕೊಂಡಿರುವ ಪ್ರದೇಶದಲ್ಲಿ ಮೊತ್ತಮೊದಲಿಗೆ ದಾಖಲಿಸಲಾದ ವಸಾಹತು ಪಾನ್ಸ್ ಏಲಿಯಸ್ ಆಗಿತ್ತು, ಇದು ಒಂದು ರೋಮನ್ ಕೋಟೆ ಮತ್ತು ಟೈನ್ ನದಿಗೆ ಅಡ್ಡಲಾಗಿ ಕಟ್ಟಿದ ಸೇತುವೆಯಾಗಿತ್ತು. 2ನೇ ಶತಮಾನ AD ಯಲ್ಲಿ ಇದನ್ನು ಸ್ಥಾಪಿಸಿದ ರೋಮನ್ ಚಕ್ರವರ್ತಿ ಹದ್ರಿಯಾನ್‌ನ ಕುಟುಂಬದ ಹೆಸರನ್ನು ಇದಕ್ಕೆ ನೀಡಲಾಯಿತು. ತನ್ನ ಬ್ರಿಟನ್ ಪ್ರವಾಸದ ಸಮಯದಲ್ಲಿ ಹದ್ರಿಯಾನ್ ಈ ತಾಣಕ್ಕೆ ಭೇಟಿ ನೀಡಿರಬಹುದು ಮತ್ತು ಸೇತುವೆಯನ್ನು ಸ್ಥಾಪಿಸಿರಬಹುದು ಎಂಬುದನ್ನು ಈ ಅಪರೂಪದ ಗೌರವವು ಸೂಚಿಸುತ್ತದೆ. ಈ ಅವಧಿಯಲ್ಲಿ ಪಾನ್ಸ್ ಏಲಿಯಸ್‌ನ ಜನಸಂಖ್ಯೆಯು 2,000 ಇದ್ದಿರಬಹುದೆಂದು ಅಂದಾಜಿಸಲಾಗಿದೆ. ನ್ಯೂಕ್ಯಾಸಲ್‌ನ ಕೆಲವು ಭಾಗಗಳಲ್ಲಿ, ನಿರ್ದಿಷ್ಟವಾಗಿ ವೆಸ್ಟ್ ರೋಡ್‌ನಾದ್ಯಂತ ಹದ್ರಿಯಾನ್‌ನ ಗೋಡೆಯ ತುಣುಕುಗಳು ಇನ್ನೂ ಗೋಚರಿಸುತ್ತವೆ. ""ರೋಮನ್ ಗೋಡೆಯ"" ಪಥದ ಜಾಡನ್ನು ಪೂರ್ವದಲ್ಲಿ ""ಗೋಡೆಯ ಕೊನೆ"" ಆಗಿರುವ ವಾಲ್ಸ್‌ಎಂಡನಲ್ಲಿನ ಸೆಗೆಡುನಮ್ ರೋಮನ್ ಕೋಟೆಯ ಕಡೆಗೆ ಮತ್ತು ಸೌತ್ ಶೀಲ್ಡ್ಸ್‌ನಲ್ಲಿನ ಸರಬರಾಜು ಕೋಟೆ ಅರ್ಬೇಯಾದವರೆಗೆ ಕಾಣಬಹುದು. ಹದ್ರಿಯಾನ್‌ನ ಗೋಡೆಯ ವಿಸ್ತೀರ್ಣವು 73 ಮೈಲಿಗಳು (117 ಕಿ.ಮೀ) ಆಗಿತ್ತು ಮತ್ತು ಬ್ರಿಟನ್‌ನ ಅಗಲಕ್ಕೂ ಹರಡಿಕೊಂಡಿತ್ತು; ಸಮಾನಾಂತರ ದಿಣ್ಣೆಗಳಿರುವ ದೊಡ್ಡ ಹಿಮ್ಮುಖ ಹೊಂಡವಾದ ವಲ್ಲಮ್ ಅನ್ನು ಈ ಗೋಡೆ ಒಳಗೊಂಡಿತ್ತು ಮತ್ತು ಇದನ್ನು ಪ್ರಾಥಮಿಕವಾಗಿ ರಕ್ಷಣೆಗಾಗಿ ನಿರ್ಮಿಸಲಾಗಿತ್ತು; ಅನಪೇಕ್ಷಿತ ವಲಸೆಯನ್ನು ಹಾಗೂ ಉತ್ತರದಿಂದ ಪಿಕ್ಟಿಶ್ ಬುಡಕಟ್ಟಿನ ಒಳನುಸುಳುವಿಕೆಯನ್ನು ತಡೆಯಲು ಇದನ್ನು ನಿರ್ಮಿಸಲಾಗಿತ್ತೇ ಹೊರತು ಪ್ರಮುಖ ಆಕ್ರಮಣಕ್ಕಾಗಿ ಹೋರಾಟದ ರೇಖೆಯ ರೂಪದಲ್ಲಿ ಅಲ್ಲ.

ಪ್ರಶ್ನೆ:
ಈಗ ನ್ಯೂಕ್ಯಾಸಲ್ ಆಗಿರುವ ಪ್ರದೇಶದಲ್ಲಿ ದಾಖಲಾದ ಮೊದಲ ವಸಾಹತು ಯಾವುದು?

ಉತ್ತರ:"
67,ಟೈನ್ ನದಿಗೆ ಅಡ್ಡಲಾಗಿ.,ಟೈನ್ ನದಿ,0.9444444444444444,"ನೀನು ಸಹಾಯಕ, ನಿಖರ ಮತ್ತು ಸ್ಪಷ್ಟವಾಗಿ ಉತ್ತರಿಸುವ ಕನ್ನಡ AI ಸಹಾಯಕ. ಬಳಕೆದಾರರ ಪ್ರಶ್ನೆ ಅಥವಾ ಸೂಚನೆಗೆ ಕನ್ನಡದಲ್ಲೇ ಸೂಕ್ತ ಉತ್ತರ ನೀಡಿ.

ಕೆಳಗಿನ ಸಂದರ್ಭವನ್ನು ಓದಿ ಪ್ರಶ್ನೆಗೆ ಚಿಕ್ಕ ಕನ್ನಡ ಉತ್ತರ ನೀಡಿ.
ವಿವರಣೆ ಬೇಡ. ಕೇವಲ ಉತ್ತರ ಮಾತ್ರ ನೀಡಿ.

ಸಂದರ್ಭ:
ಈಗ ನ್ಯೂಕ್ಯಾಸಲ್ ಎನಿಸಿಕೊಂಡಿರುವ ಪ್ರದೇಶದಲ್ಲಿ ಮೊತ್ತಮೊದಲಿಗೆ ದಾಖಲಿಸಲಾದ ವಸಾಹತು ಪಾನ್ಸ್ ಏಲಿಯಸ್ ಆಗಿತ್ತು, ಇದು ಒಂದು ರೋಮನ್ ಕೋಟೆ ಮತ್ತು ಟೈನ್ ನದಿಗೆ ಅಡ್ಡಲಾಗಿ ಕಟ್ಟಿದ ಸೇತುವೆಯಾಗಿತ್ತು. 2ನೇ ಶತಮಾನ AD ಯಲ್ಲಿ ಇದನ್ನು ಸ್ಥಾಪಿಸಿದ ರೋಮನ್ ಚಕ್ರವರ್ತಿ ಹದ್ರಿಯಾನ್‌ನ ಕುಟುಂಬದ ಹೆಸರನ್ನು ಇದಕ್ಕೆ ನೀಡಲಾಯಿತು. ತನ್ನ ಬ್ರಿಟನ್ ಪ್ರವಾಸದ ಸಮಯದಲ್ಲಿ ಹದ್ರಿಯಾನ್ ಈ ತಾಣಕ್ಕೆ ಭೇಟಿ ನೀಡಿರಬಹುದು ಮತ್ತು ಸೇತುವೆಯನ್ನು ಸ್ಥಾಪಿಸಿರಬಹುದು ಎಂಬುದನ್ನು ಈ ಅಪರೂಪದ ಗೌರವವು ಸೂಚಿಸುತ್ತದೆ. ಈ ಅವಧಿಯಲ್ಲಿ ಪಾನ್ಸ್ ಏಲಿಯಸ್‌ನ ಜನಸಂಖ್ಯೆಯು 2,000 ಇದ್ದಿರಬಹುದೆಂದು ಅಂದಾಜಿಸಲಾಗಿದೆ. ನ್ಯೂಕ್ಯಾಸಲ್‌ನ ಕೆಲವು ಭಾಗಗಳಲ್ಲಿ, ನಿರ್ದಿಷ್ಟವಾಗಿ ವೆಸ್ಟ್ ರೋಡ್‌ನಾದ್ಯಂತ ಹದ್ರಿಯಾನ್‌ನ ಗೋಡೆಯ ತುಣುಕುಗಳು ಇನ್ನೂ ಗೋಚರಿಸುತ್ತವೆ. ""ರೋಮನ್ ಗೋಡೆಯ"" ಪಥದ ಜಾಡನ್ನು ಪೂರ್ವದಲ್ಲಿ ""ಗೋಡೆಯ ಕೊನೆ"" ಆಗಿರುವ ವಾಲ್ಸ್‌ಎಂಡನಲ್ಲಿನ ಸೆಗೆಡುನಮ್ ರೋಮನ್ ಕೋಟೆಯ ಕಡೆಗೆ ಮತ್ತು ಸೌತ್ ಶೀಲ್ಡ್ಸ್‌ನಲ್ಲಿನ ಸರಬರಾಜು ಕೋಟೆ ಅರ್ಬೇಯಾದವರೆಗೆ ಕಾಣಬಹುದು. ಹದ್ರಿಯಾನ್‌ನ ಗೋಡೆಯ ವಿಸ್ತೀರ್ಣವು 73 ಮೈಲಿಗಳು (117 ಕಿ.ಮೀ) ಆಗಿತ್ತು ಮತ್ತು ಬ್ರಿಟನ್‌ನ ಅಗಲಕ್ಕೂ ಹರಡಿಕೊಂಡಿತ್ತು; ಸಮಾನಾಂತರ ದಿಣ್ಣೆಗಳಿರುವ ದೊಡ್ಡ ಹಿಮ್ಮುಖ ಹೊಂಡವಾದ ವಲ್ಲಮ್ ಅನ್ನು ಈ ಗೋಡೆ ಒಳಗೊಂಡಿತ್ತು ಮತ್ತು ಇದನ್ನು ಪ್ರಾಥಮಿಕವಾಗಿ ರಕ್ಷಣೆಗಾಗಿ ನಿರ್ಮಿಸಲಾಗಿತ್ತು; ಅನಪೇಕ್ಷಿತ ವಲಸೆಯನ್ನು ಹಾಗೂ ಉತ್ತರದಿಂದ ಪಿಕ್ಟಿಶ್ ಬುಡಕಟ್ಟಿನ ಒಳನುಸುಳುವಿಕೆಯನ್ನು ತಡೆಯಲು ಇದನ್ನು ನಿರ್ಮಿಸಲಾಗಿತ್ತೇ ಹೊರತು ಪ್ರಮುಖ ಆಕ್ರಮಣಕ್ಕಾಗಿ ಹೋರಾಟದ ರೇಖೆಯ ರೂಪದಲ್ಲಿ ಅಲ್ಲ.

ಪ್ರಶ್ನೆ:
ರೋಮನ್ ಅವಧಿಯಲ್ಲಿ ಮೂಲತಃ ಯಾವ ನದಿಗೆ ಅಡ್ಡಲಾಗಿ ಸೇತುವೆ ಇತ್ತು?

ಉತ್ತರ:"
68,"2,000.","2,000",0.0,"ನೀನು ಸಹಾಯಕ, ನಿಖರ ಮತ್ತು ಸ್ಪಷ್ಟವಾಗಿ ಉತ್ತರಿಸುವ ಕನ್ನಡ AI ಸಹಾಯಕ. ಬಳಕೆದಾರರ ಪ್ರಶ್ನೆ ಅಥವಾ ಸೂಚನೆಗೆ ಕನ್ನಡದಲ್ಲೇ ಸೂಕ್ತ ಉತ್ತರ ನೀಡಿ.

ಕೆಳಗಿನ ಸಂದರ್ಭವನ್ನು ಓದಿ ಪ್ರಶ್ನೆಗೆ ಚಿಕ್ಕ ಕನ್ನಡ ಉತ್ತರ ನೀಡಿ.
ವಿವರಣೆ ಬೇಡ. ಕೇವಲ ಉತ್ತರ ಮಾತ್ರ ನೀಡಿ.

ಸಂದರ್ಭ:
ಈಗ ನ್ಯೂಕ್ಯಾಸಲ್ ಎನಿಸಿಕೊಂಡಿರುವ ಪ್ರದೇಶದಲ್ಲಿ ಮೊತ್ತಮೊದಲಿಗೆ ದಾಖಲಿಸಲಾದ ವಸಾಹತು ಪಾನ್ಸ್ ಏಲಿಯಸ್ ಆಗಿತ್ತು, ಇದು ಒಂದು ರೋಮನ್ ಕೋಟೆ ಮತ್ತು ಟೈನ್ ನದಿಗೆ ಅಡ್ಡಲಾಗಿ ಕಟ್ಟಿದ ಸೇತುವೆಯಾಗಿತ್ತು. 2ನೇ ಶತಮಾನ AD ಯಲ್ಲಿ ಇದನ್ನು ಸ್ಥಾಪಿಸಿದ ರೋಮನ್ ಚಕ್ರವರ್ತಿ ಹದ್ರಿಯಾನ್‌ನ ಕುಟುಂಬದ ಹೆಸರನ್ನು ಇದಕ್ಕೆ ನೀಡಲಾಯಿತು. ತನ್ನ ಬ್ರಿಟನ್ ಪ್ರವಾಸದ ಸಮಯದಲ್ಲಿ ಹದ್ರಿಯಾನ್ ಈ ತಾಣಕ್ಕೆ ಭೇಟಿ ನೀಡಿರಬಹುದು ಮತ್ತು ಸೇತುವೆಯನ್ನು ಸ್ಥಾಪಿಸಿರಬಹುದು ಎಂಬುದನ್ನು ಈ ಅಪರೂಪದ ಗೌರವವು ಸೂಚಿಸುತ್ತದೆ. ಈ ಅವಧಿಯಲ್ಲಿ ಪಾನ್ಸ್ ಏಲಿಯಸ್‌ನ ಜನಸಂಖ್ಯೆಯು 2,000 ಇದ್ದಿರಬಹುದೆಂದು ಅಂದಾಜಿಸಲಾಗಿದೆ. ನ್ಯೂಕ್ಯಾಸಲ್‌ನ ಕೆಲವು ಭಾಗಗಳಲ್ಲಿ, ನಿರ್ದಿಷ್ಟವಾಗಿ ವೆಸ್ಟ್ ರೋಡ್‌ನಾದ್ಯಂತ ಹದ್ರಿಯಾನ್‌ನ ಗೋಡೆಯ ತುಣುಕುಗಳು ಇನ್ನೂ ಗೋಚರಿಸುತ್ತವೆ. ""ರೋಮನ್ ಗೋಡೆಯ"" ಪಥದ ಜಾಡನ್ನು ಪೂರ್ವದಲ್ಲಿ ""ಗೋಡೆಯ ಕೊನೆ"" ಆಗಿರುವ ವಾಲ್ಸ್‌ಎಂಡನಲ್ಲಿನ ಸೆಗೆಡುನಮ್ ರೋಮನ್ ಕೋಟೆಯ ಕಡೆಗೆ ಮತ್ತು ಸೌತ್ ಶೀಲ್ಡ್ಸ್‌ನಲ್ಲಿನ ಸರಬರಾಜು ಕೋಟೆ ಅರ್ಬೇಯಾದವರೆಗೆ ಕಾಣಬಹುದು. ಹದ್ರಿಯಾನ್‌ನ ಗೋಡೆಯ ವಿಸ್ತೀರ್ಣವು 73 ಮೈಲಿಗಳು (117 ಕಿ.ಮೀ) ಆಗಿತ್ತು ಮತ್ತು ಬ್ರಿಟನ್‌ನ ಅಗಲಕ್ಕೂ ಹರಡಿಕೊಂಡಿತ್ತು; ಸಮಾನಾಂತರ ದಿಣ್ಣೆಗಳಿರುವ ದೊಡ್ಡ ಹಿಮ್ಮುಖ ಹೊಂಡವಾದ ವಲ್ಲಮ್ ಅನ್ನು ಈ ಗೋಡೆ ಒಳಗೊಂಡಿತ್ತು ಮತ್ತು ಇದನ್ನು ಪ್ರಾಥಮಿಕವಾಗಿ ರಕ್ಷಣೆಗಾಗಿ ನಿರ್ಮಿಸಲಾಗಿತ್ತು; ಅನಪೇಕ್ಷಿತ ವಲಸೆಯನ್ನು ಹಾಗೂ ಉತ್ತರದಿಂದ ಪಿಕ್ಟಿಶ್ ಬುಡಕಟ್ಟಿನ ಒಳನುಸುಳುವಿಕೆಯನ್ನು ತಡೆಯಲು ಇದನ್ನು ನಿರ್ಮಿಸಲಾಗಿತ್ತೇ ಹೊರತು ಪ್ರಮುಖ ಆಕ್ರಮಣಕ್ಕಾಗಿ ಹೋರಾಟದ ರೇಖೆಯ ರೂಪದಲ್ಲಿ ಅಲ್ಲ.

ಪ್ರಶ್ನೆ:
2ನೇ ಶತಮಾನದ ಆಸುಪಾಸಿಗೆ ಪಾನ್ಸ್ ಏಲಿಯಸ್‌ನ ಅಂದಾಜು ಜನಸಂಖ್ಯೆ ಎಷ್ಟಿತ್ತು?

ಉತ್ತರ:"
69,ರೋಮನ್ ಚಕ್ರವರ್ತಿ ಹದ್ರಿಯಾನ್‌ನ ಕುಟುಂಬದ ಹೆಸರನ್ನು ಇದಕ್ಕೆ ನೀಡಲಾಯಿತು.,ಹದ್ರಿಯಾನ್‌ನ,0.9642857142857143,"ನೀನು ಸಹಾಯಕ, ನಿಖರ ಮತ್ತು ಸ್ಪಷ್ಟವಾಗಿ ಉತ್ತರಿಸುವ ಕನ್ನಡ AI ಸಹಾಯಕ. ಬಳಕೆದಾರರ ಪ್ರಶ್ನೆ ಅಥವಾ ಸೂಚನೆಗೆ ಕನ್ನಡದಲ್ಲೇ ಸೂಕ್ತ ಉತ್ತರ ನೀಡಿ.

ಕೆಳಗಿನ ಸಂದರ್ಭವನ್ನು ಓದಿ ಪ್ರಶ್ನೆಗೆ ಚಿಕ್ಕ ಕನ್ನಡ ಉತ್ತರ ನೀಡಿ.
ವಿವರಣೆ ಬೇಡ. ಕೇವಲ ಉತ್ತರ ಮಾತ್ರ ನೀಡಿ.

ಸಂದರ್ಭ:
ಈಗ ನ್ಯೂಕ್ಯಾಸಲ್ ಎನಿಸಿಕೊಂಡಿರುವ ಪ್ರದೇಶದಲ್ಲಿ ಮೊತ್ತಮೊದಲಿಗೆ ದಾಖಲಿಸಲಾದ ವಸಾಹತು ಪಾನ್ಸ್ ಏಲಿಯಸ್ ಆಗಿತ್ತು, ಇದು ಒಂದು ರೋಮನ್ ಕೋಟೆ ಮತ್ತು ಟೈನ್ ನದಿಗೆ ಅಡ್ಡಲಾಗಿ ಕಟ್ಟಿದ ಸೇತುವೆಯಾಗಿತ್ತು. 2ನೇ ಶತಮಾನ AD ಯಲ್ಲಿ ಇದನ್ನು ಸ್ಥಾಪಿಸಿದ ರೋಮನ್ ಚಕ್ರವರ್ತಿ ಹದ್ರಿಯಾನ್‌ನ ಕುಟುಂಬದ ಹೆಸರನ್ನು ಇದಕ್ಕೆ ನೀಡಲಾಯಿತು. ತನ್ನ ಬ್ರಿಟನ್ ಪ್ರವಾಸದ ಸಮಯದಲ್ಲಿ ಹದ್ರಿಯಾನ್ ಈ ತಾಣಕ್ಕೆ ಭೇಟಿ ನೀಡಿರಬಹುದು ಮತ್ತು ಸೇತುವೆಯನ್ನು ಸ್ಥಾಪಿಸಿರಬಹುದು ಎಂಬುದನ್ನು ಈ ಅಪರೂಪದ ಗೌರವವು ಸೂಚಿಸುತ್ತದೆ. ಈ ಅವಧಿಯಲ್ಲಿ ಪಾನ್ಸ್ ಏಲಿಯಸ್‌ನ ಜನಸಂಖ್ಯೆಯು 2,000 ಇದ್ದಿರಬಹುದೆಂದು ಅಂದಾಜಿಸಲಾಗಿದೆ. ನ್ಯೂಕ್ಯಾಸಲ್‌ನ ಕೆಲವು ಭಾಗಗಳಲ್ಲಿ, ನಿರ್ದಿಷ್ಟವಾಗಿ ವೆಸ್ಟ್ ರೋಡ್‌ನಾದ್ಯಂತ ಹದ್ರಿಯಾನ್‌ನ ಗೋಡೆಯ ತುಣುಕುಗಳು ಇನ್ನೂ ಗೋಚರಿಸುತ್ತವೆ. ""ರೋಮನ್ ಗೋಡೆಯ"" ಪಥದ ಜಾಡನ್ನು ಪೂರ್ವದಲ್ಲಿ ""ಗೋಡೆಯ ಕೊನೆ"" ಆಗಿರುವ ವಾಲ್ಸ್‌ಎಂಡನಲ್ಲಿನ ಸೆಗೆಡುನಮ್ ರೋಮನ್ ಕೋಟೆಯ ಕಡೆಗೆ ಮತ್ತು ಸೌತ್ ಶೀಲ್ಡ್ಸ್‌ನಲ್ಲಿನ ಸರಬರಾಜು ಕೋಟೆ ಅರ್ಬೇಯಾದವರೆಗೆ ಕಾಣಬಹುದು. ಹದ್ರಿಯಾನ್‌ನ ಗೋಡೆಯ ವಿಸ್ತೀರ್ಣವು 73 ಮೈಲಿಗಳು (117 ಕಿ.ಮೀ) ಆಗಿತ್ತು ಮತ್ತು ಬ್ರಿಟನ್‌ನ ಅಗಲಕ್ಕೂ ಹರಡಿಕೊಂಡಿತ್ತು; ಸಮಾನಾಂತರ ದಿಣ್ಣೆಗಳಿರುವ ದೊಡ್ಡ ಹಿಮ್ಮುಖ ಹೊಂಡವಾದ ವಲ್ಲಮ್ ಅನ್ನು ಈ ಗೋಡೆ ಒಳಗೊಂಡಿತ್ತು ಮತ್ತು ಇದನ್ನು ಪ್ರಾಥಮಿಕವಾಗಿ ರಕ್ಷಣೆಗಾಗಿ ನಿರ್ಮಿಸಲಾಗಿತ್ತು; ಅನಪೇಕ್ಷಿತ ವಲಸೆಯನ್ನು ಹಾಗೂ ಉತ್ತರದಿಂದ ಪಿಕ್ಟಿಶ್ ಬುಡಕಟ್ಟಿನ ಒಳನುಸುಳುವಿಕೆಯನ್ನು ತಡೆಯಲು ಇದನ್ನು ನಿರ್ಮಿಸಲಾಗಿತ್ತೇ ಹೊರತು ಪ್ರಮುಖ ಆಕ್ರಮಣಕ್ಕಾಗಿ ಹೋರಾಟದ ರೇಖೆಯ ರೂಪದಲ್ಲಿ ಅಲ್ಲ.

ಪ್ರಶ್ನೆ:
ನ್ಯೂಕ್ಯಾಸಲ್‌ನ ಕೆಲವು ಸ್ಥಳಗಳಲ್ಲಿ ಇಂದಿಗೂ ಸಹ ಯಾರ ಗೋಡೆಯ ತುಣುಕುಗಳು ಗೋಚರಿಸುತ್ತಿವೆ?

ಉತ್ತರ:"
70,ಪಿಕ್ಟಿಶ್‌ಗಳು.,ಪಿಕ್ಟಿಶ್,0.8461538461538461,"ನೀನು ಸಹಾಯಕ, ನಿಖರ ಮತ್ತು ಸ್ಪಷ್ಟವಾಗಿ ಉತ್ತರಿಸುವ ಕನ್ನಡ AI ಸಹಾಯಕ. ಬಳಕೆದಾರರ ಪ್ರಶ್ನೆ ಅಥವಾ ಸೂಚನೆಗೆ ಕನ್ನಡದಲ್ಲೇ ಸೂಕ್ತ ಉತ್ತರ ನೀಡಿ.

ಕೆಳಗಿನ ಸಂದರ್ಭವನ್ನು ಓದಿ ಪ್ರಶ್ನೆಗೆ ಚಿಕ್ಕ ಕನ್ನಡ ಉತ್ತರ ನೀಡಿ.
ವಿವರಣೆ ಬೇಡ. ಕೇವಲ ಉತ್ತರ ಮಾತ್ರ ನೀಡಿ.

ಸಂದರ್ಭ:
ಈಗ ನ್ಯೂಕ್ಯಾಸಲ್ ಎನಿಸಿಕೊಂಡಿರುವ ಪ್ರದೇಶದಲ್ಲಿ ಮೊತ್ತಮೊದಲಿಗೆ ದಾಖಲಿಸಲಾದ ವಸಾಹತು ಪಾನ್ಸ್ ಏಲಿಯಸ್ ಆಗಿತ್ತು, ಇದು ಒಂದು ರೋಮನ್ ಕೋಟೆ ಮತ್ತು ಟೈನ್ ನದಿಗೆ ಅಡ್ಡಲಾಗಿ ಕಟ್ಟಿದ ಸೇತುವೆಯಾಗಿತ್ತು. 2ನೇ ಶತಮಾನ AD ಯಲ್ಲಿ ಇದನ್ನು ಸ್ಥಾಪಿಸಿದ ರೋಮನ್ ಚಕ್ರವರ್ತಿ ಹದ್ರಿಯಾನ್‌ನ ಕುಟುಂಬದ ಹೆಸರನ್ನು ಇದಕ್ಕೆ ನೀಡಲಾಯಿತು. ತನ್ನ ಬ್ರಿಟನ್ ಪ್ರವಾಸದ ಸಮಯದಲ್ಲಿ ಹದ್ರಿಯಾನ್ ಈ ತಾಣಕ್ಕೆ ಭೇಟಿ ನೀಡಿರಬಹುದು ಮತ್ತು ಸೇತುವೆಯನ್ನು ಸ್ಥಾಪಿಸಿರಬಹುದು ಎಂಬುದನ್ನು ಈ ಅಪರೂಪದ ಗೌರವವು ಸೂಚಿಸುತ್ತದೆ. ಈ ಅವಧಿಯಲ್ಲಿ ಪಾನ್ಸ್ ಏಲಿಯಸ್‌ನ ಜನಸಂಖ್ಯೆಯು 2,000 ಇದ್ದಿರಬಹುದೆಂದು ಅಂದಾಜಿಸಲಾಗಿದೆ. ನ್ಯೂಕ್ಯಾಸಲ್‌ನ ಕೆಲವು ಭಾಗಗಳಲ್ಲಿ, ನಿರ್ದಿಷ್ಟವಾಗಿ ವೆಸ್ಟ್ ರೋಡ್‌ನಾದ್ಯಂತ ಹದ್ರಿಯಾನ್‌ನ ಗೋಡೆಯ ತುಣುಕುಗಳು ಇನ್ನೂ ಗೋಚರಿಸುತ್ತವೆ. ""ರೋಮನ್ ಗೋಡೆಯ"" ಪಥದ ಜಾಡನ್ನು ಪೂರ್ವದಲ್ಲಿ ""ಗೋಡೆಯ ಕೊನೆ"" ಆಗಿರುವ ವಾಲ್ಸ್‌ಎಂಡನಲ್ಲಿನ ಸೆಗೆಡುನಮ್ ರೋಮನ್ ಕೋಟೆಯ ಕಡೆಗೆ ಮತ್ತು ಸೌತ್ ಶೀಲ್ಡ್ಸ್‌ನಲ್ಲಿನ ಸರಬರಾಜು ಕೋಟೆ ಅರ್ಬೇಯಾದವರೆಗೆ ಕಾಣಬಹುದು. ಹದ್ರಿಯಾನ್‌ನ ಗೋಡೆಯ ವಿಸ್ತೀರ್ಣವು 73 ಮೈಲಿಗಳು (117 ಕಿ.ಮೀ) ಆಗಿತ್ತು ಮತ್ತು ಬ್ರಿಟನ್‌ನ ಅಗಲಕ್ಕೂ ಹರಡಿಕೊಂಡಿತ್ತು; ಸಮಾನಾಂತರ ದಿಣ್ಣೆಗಳಿರುವ ದೊಡ್ಡ ಹಿಮ್ಮುಖ ಹೊಂಡವಾದ ವಲ್ಲಮ್ ಅನ್ನು ಈ ಗೋಡೆ ಒಳಗೊಂಡಿತ್ತು ಮತ್ತು ಇದನ್ನು ಪ್ರಾಥಮಿಕವಾಗಿ ರಕ್ಷಣೆಗಾಗಿ ನಿರ್ಮಿಸಲಾಗಿತ್ತು; ಅನಪೇಕ್ಷಿತ ವಲಸೆಯನ್ನು ಹಾಗೂ ಉತ್ತರದಿಂದ ಪಿಕ್ಟಿಶ್ ಬುಡಕಟ್ಟಿನ ಒಳನುಸುಳುವಿಕೆಯನ್ನು ತಡೆಯಲು ಇದನ್ನು ನಿರ್ಮಿಸಲಾಗಿತ್ತೇ ಹೊರತು ಪ್ರಮುಖ ಆಕ್ರಮಣಕ್ಕಾಗಿ ಹೋರಾಟದ ರೇಖೆಯ ರೂಪದಲ್ಲಿ ಅಲ್ಲ.

ಪ್ರಶ್ನೆ:
ಉತ್ತರದಿಂದ ಯಾವ ಬುಡಕಟ್ಟುಗಳು ಆಕ್ರಮಣ ಮಾಡಬಹುದೆಂದು ರೋಮನ್ನರಿಗೆ ಆತಂಕವಿತ್ತು?

ಉತ್ತರ:"
71,ABC ಯು 'ದಿ ಡಾಟ್' (The Dot) ಎಂಬ ಇಂಟರ್ನೆಟ್‌-ಆಧಾರಿತ ಅಭಿಯಾನವನ್ನು ಆರಂಭಿಸಿತು.,ಸರ್ಕಲ್ ಲೋಗೋ,0.7419354838709677,"ನೀನು ಸಹಾಯಕ, ನಿಖರ ಮತ್ತು ಸ್ಪಷ್ಟವಾಗಿ ಉತ್ತರಿಸುವ ಕನ್ನಡ AI ಸಹಾಯಕ. ಬಳಕೆದಾರರ ಪ್ರಶ್ನೆ ಅಥವಾ ಸೂಚನೆಗೆ ಕನ್ನಡದಲ್ಲೇ ಸೂಕ್ತ ಉತ್ತರ ನೀಡಿ.

ಕೆಳಗಿನ ಸಂದರ್ಭವನ್ನು ಓದಿ ಪ್ರಶ್ನೆಗೆ ಚಿಕ್ಕ ಕನ್ನಡ ಉತ್ತರ ನೀಡಿ.
ವಿವರಣೆ ಬೇಡ. ಕೇವಲ ಉತ್ತರ ಮಾತ್ರ ನೀಡಿ.

ಸಂದರ್ಭ:
2000 ನೇ ಇಸವಿಯಲ್ಲಿ, ABC ಯು ವೆಬ್-ಆಧಾರಿತವಾದ ಪ್ರಚಾರ ಅಭಿಯಾನವನ್ನು ಆರಂಭಿಸಿತು. ಈ ಅಭಿಯಾನವು, ""ದಿ ಡಾಟ್"" ಎಂದೂ ಸಹ ಕರೆಯಲಾಗುವ, ಅದರ ಸರ್ಕಲ್ ಲೋಗೋದ ಮೇಲೆ ಕೇಂದ್ರೀಕೃತವಾಗಿತ್ತು. ಇದರಲ್ಲಿ ಕಾಮಿಕ್ ಬುಕ್ ಪಾತ್ರವಾದ ಲಿಟಲ್ ಡಾಟ್, ""ಡಾಟ್ ಅನ್ನು ಡೌನ್‌ಲೋಡ್ "" ಮಾಡಲು ಸಂದರ್ಶಕರನ್ನು ಪ್ರೇರೇಪಿಸುತ್ತಿತ್ತು ಮತ್ತು ಈ ಪ್ರೋಗ್ರಾಂ ಅನ್ನು ಡೌನ್‌ಲೋಡ್ ಮಾಡಿದಾಗ ABC ಲೋಗೋ ಸ್ಕ್ರೀನ್‌ನ ಸುತ್ತಮುತ್ತ ಹಾರಾಡಿ ಕೆಳಗೆ ಬಲಭಾಗದಲ್ಲಿ ಬಂದು ನಿಲ್ಲುತ್ತಿತ್ತು. 2001–02 ರಲ್ಲಿ ತನ್ನ ಗುರುತನ್ನು ವಿನ್ಯಾಸಗೊಳಿಸಲು ಮತ್ತು ನಿರ್ಮಿಸಲು ಈ ನೆಟ್‌ವರ್ಕ್, ಟ್ರಾಯ್ಕಾ ಡಿಸೈನ್ ಗ್ರೂಪ್ ಅನ್ನು ನೇಮಿಸಿತು. ಇದು ಲೋಗೋದ ಕಪ್ಪು ಮತ್ತು ಹಳದಿ ಬಣ್ಣದ ಬಳಕೆಯನ್ನು ಮುಂದುವರಿಸಿತು ಮತ್ತು ವಿವಿಧ ಪ್ರಚಾರಾತ್ಮಕ ಹಾಗೂ ಗುರುತಿಸುವಿಕೆ ತಾಣಗಳಲ್ಲಿ ಚುಕ್ಕೆಗಳು ಹಾಗೂ ಪಟ್ಟೆಗಳನ್ನು ಪ್ರದರ್ಶಿಸಿತು.

ಪ್ರಶ್ನೆ:
2000 ನೇ ಇಸವಿಯಲ್ಲಿ, ABC ಯು ಯಾವುದನ್ನು ಕೇಂದ್ರೀಕರಿಸಿದ ಇಂಟರ್ನೆಟ್-ಆಧಾರಿತ ಅಭಿಯಾನವನ್ನು ಆರಂಭಿಸಿತು?

ಉತ್ತರ:"
72,ಟ್ರಾಯ್ಕಾ ಡಿಸೈನ್ ಗ್ರೂಪ್‌ಗೆ.,ಟ್ರಾಯ್ಕಾ ಡಿಸೈನ್ ಗ್ರೂಪ್,0.9166666666666666,"ನೀನು ಸಹಾಯಕ, ನಿಖರ ಮತ್ತು ಸ್ಪಷ್ಟವಾಗಿ ಉತ್ತರಿಸುವ ಕನ್ನಡ AI ಸಹಾಯಕ. ಬಳಕೆದಾರರ ಪ್ರಶ್ನೆ ಅಥವಾ ಸೂಚನೆಗೆ ಕನ್ನಡದಲ್ಲೇ ಸೂಕ್ತ ಉತ್ತರ ನೀಡಿ.

ಕೆಳಗಿನ ಸಂದರ್ಭವನ್ನು ಓದಿ ಪ್ರಶ್ನೆಗೆ ಚಿಕ್ಕ ಕನ್ನಡ ಉತ್ತರ ನೀಡಿ.
ವಿವರಣೆ ಬೇಡ. ಕೇವಲ ಉತ್ತರ ಮಾತ್ರ ನೀಡಿ.

ಸಂದರ್ಭ:
2000 ನೇ ಇಸವಿಯಲ್ಲಿ, ABC ಯು ವೆಬ್-ಆಧಾರಿತವಾದ ಪ್ರಚಾರ ಅಭಿಯಾನವನ್ನು ಆರಂಭಿಸಿತು. ಈ ಅಭಿಯಾನವು, ""ದಿ ಡಾಟ್"" ಎಂದೂ ಸಹ ಕರೆಯಲಾಗುವ, ಅದರ ಸರ್ಕಲ್ ಲೋಗೋದ ಮೇಲೆ ಕೇಂದ್ರೀಕೃತವಾಗಿತ್ತು. ಇದರಲ್ಲಿ ಕಾಮಿಕ್ ಬುಕ್ ಪಾತ್ರವಾದ ಲಿಟಲ್ ಡಾಟ್, ""ಡಾಟ್ ಅನ್ನು ಡೌನ್‌ಲೋಡ್ "" ಮಾಡಲು ಸಂದರ್ಶಕರನ್ನು ಪ್ರೇರೇಪಿಸುತ್ತಿತ್ತು ಮತ್ತು ಈ ಪ್ರೋಗ್ರಾಂ ಅನ್ನು ಡೌನ್‌ಲೋಡ್ ಮಾಡಿದಾಗ ABC ಲೋಗೋ ಸ್ಕ್ರೀನ್‌ನ ಸುತ್ತಮುತ್ತ ಹಾರಾಡಿ ಕೆಳಗೆ ಬಲಭಾಗದಲ್ಲಿ ಬಂದು ನಿಲ್ಲುತ್ತಿತ್ತು. 2001–02 ರಲ್ಲಿ ತನ್ನ ಗುರುತನ್ನು ವಿನ್ಯಾಸಗೊಳಿಸಲು ಮತ್ತು ನಿರ್ಮಿಸಲು ಈ ನೆಟ್‌ವರ್ಕ್, ಟ್ರಾಯ್ಕಾ ಡಿಸೈನ್ ಗ್ರೂಪ್ ಅನ್ನು ನೇಮಿಸಿತು. ಇದು ಲೋಗೋದ ಕಪ್ಪು ಮತ್ತು ಹಳದಿ ಬಣ್ಣದ ಬಳಕೆಯನ್ನು ಮುಂದುವರಿಸಿತು ಮತ್ತು ವಿವಿಧ ಪ್ರಚಾರಾತ್ಮಕ ಹಾಗೂ ಗುರುತಿಸುವಿಕೆ ತಾಣಗಳಲ್ಲಿ ಚುಕ್ಕೆಗಳು ಹಾಗೂ ಪಟ್ಟೆಗಳನ್ನು ಪ್ರದರ್ಶಿಸಿತು.

ಪ್ರಶ್ನೆ:
ABC ಯ 2001-02 ಗುರುತನ್ನು ನಿರ್ಮಿಸಲು ಯಾರನ್ನು ನೇಮಿಸಲಾಯಿತು?

ಉತ್ತರ:"
73,ಕಪ್ಪು ಮತ್ತು ಹಳದಿ.,ಕಪ್ಪು ಮತ್ತು ಹಳದಿ,0.9333333333333333,"ನೀನು ಸಹಾಯಕ, ನಿಖರ ಮತ್ತು ಸ್ಪಷ್ಟವಾಗಿ ಉತ್ತರಿಸುವ ಕನ್ನಡ AI ಸಹಾಯಕ. ಬಳಕೆದಾರರ ಪ್ರಶ್ನೆ ಅಥವಾ ಸೂಚನೆಗೆ ಕನ್ನಡದಲ್ಲೇ ಸೂಕ್ತ ಉತ್ತರ ನೀಡಿ.

ಕೆಳಗಿನ ಸಂದರ್ಭವನ್ನು ಓದಿ ಪ್ರಶ್ನೆಗೆ ಚಿಕ್ಕ ಕನ್ನಡ ಉತ್ತರ ನೀಡಿ.
ವಿವರಣೆ ಬೇಡ. ಕೇವಲ ಉತ್ತರ ಮಾತ್ರ ನೀಡಿ.

ಸಂದರ್ಭ:
2000 ನೇ ಇಸವಿಯಲ್ಲಿ, ABC ಯು ವೆಬ್-ಆಧಾರಿತವಾದ ಪ್ರಚಾರ ಅಭಿಯಾನವನ್ನು ಆರಂಭಿಸಿತು. ಈ ಅಭಿಯಾನವು, ""ದಿ ಡಾಟ್"" ಎಂದೂ ಸಹ ಕರೆಯಲಾಗುವ, ಅದರ ಸರ್ಕಲ್ ಲೋಗೋದ ಮೇಲೆ ಕೇಂದ್ರೀಕೃತವಾಗಿತ್ತು. ಇದರಲ್ಲಿ ಕಾಮಿಕ್ ಬುಕ್ ಪಾತ್ರವಾದ ಲಿಟಲ್ ಡಾಟ್, ""ಡಾಟ್ ಅನ್ನು ಡೌನ್‌ಲೋಡ್ "" ಮಾಡಲು ಸಂದರ್ಶಕರನ್ನು ಪ್ರೇರೇಪಿಸುತ್ತಿತ್ತು ಮತ್ತು ಈ ಪ್ರೋಗ್ರಾಂ ಅನ್ನು ಡೌನ್‌ಲೋಡ್ ಮಾಡಿದಾಗ ABC ಲೋಗೋ ಸ್ಕ್ರೀನ್‌ನ ಸುತ್ತಮುತ್ತ ಹಾರಾಡಿ ಕೆಳಗೆ ಬಲಭಾಗದಲ್ಲಿ ಬಂದು ನಿಲ್ಲುತ್ತಿತ್ತು. 2001–02 ರಲ್ಲಿ ತನ್ನ ಗುರುತನ್ನು ವಿನ್ಯಾಸಗೊಳಿಸಲು ಮತ್ತು ನಿರ್ಮಿಸಲು ಈ ನೆಟ್‌ವರ್ಕ್, ಟ್ರಾಯ್ಕಾ ಡಿಸೈನ್ ಗ್ರೂಪ್ ಅನ್ನು ನೇಮಿಸಿತು. ಇದು ಲೋಗೋದ ಕಪ್ಪು ಮತ್ತು ಹಳದಿ ಬಣ್ಣದ ಬಳಕೆಯನ್ನು ಮುಂದುವರಿಸಿತು ಮತ್ತು ವಿವಿಧ ಪ್ರಚಾರಾತ್ಮಕ ಹಾಗೂ ಗುರುತಿಸುವಿಕೆ ತಾಣಗಳಲ್ಲಿ ಚುಕ್ಕೆಗಳು ಹಾಗೂ ಪಟ್ಟೆಗಳನ್ನು ಪ್ರದರ್ಶಿಸಿತು.

ಪ್ರಶ್ನೆ:
2001 ABC ಲೋಗೋ ಯಾವ ಬಣ್ಣಗಳಲ್ಲಿತ್ತು?

ಉತ್ತರ:"
74,ಡಾಟ್‌ಬ್ಯಾಕ್‌ಟೀರಿಯಾ (Dot-Bacteria).,ದಿ ಡಾಟ್,0.48484848484848486,"ನೀನು ಸಹಾಯಕ, ನಿಖರ ಮತ್ತು ಸ್ಪಷ್ಟವಾಗಿ ಉತ್ತರಿಸುವ ಕನ್ನಡ AI ಸಹಾಯಕ. ಬಳಕೆದಾರರ ಪ್ರಶ್ನೆ ಅಥವಾ ಸೂಚನೆಗೆ ಕನ್ನಡದಲ್ಲೇ ಸೂಕ್ತ ಉತ್ತರ ನೀಡಿ.

ಕೆಳಗಿನ ಸಂದರ್ಭವನ್ನು ಓದಿ ಪ್ರಶ್ನೆಗೆ ಚಿಕ್ಕ ಕನ್ನಡ ಉತ್ತರ ನೀಡಿ.
ವಿವರಣೆ ಬೇಡ. ಕೇವಲ ಉತ್ತರ ಮಾತ್ರ ನೀಡಿ.

ಸಂದರ್ಭ:
2000 ನೇ ಇಸವಿಯಲ್ಲಿ, ABC ಯು ವೆಬ್-ಆಧಾರಿತವಾದ ಪ್ರಚಾರ ಅಭಿಯಾನವನ್ನು ಆರಂಭಿಸಿತು. ಈ ಅಭಿಯಾನವು, ""ದಿ ಡಾಟ್"" ಎಂದೂ ಸಹ ಕರೆಯಲಾಗುವ, ಅದರ ಸರ್ಕಲ್ ಲೋಗೋದ ಮೇಲೆ ಕೇಂದ್ರೀಕೃತವಾಗಿತ್ತು. ಇದರಲ್ಲಿ ಕಾಮಿಕ್ ಬುಕ್ ಪಾತ್ರವಾದ ಲಿಟಲ್ ಡಾಟ್, ""ಡಾಟ್ ಅನ್ನು ಡೌನ್‌ಲೋಡ್ "" ಮಾಡಲು ಸಂದರ್ಶಕರನ್ನು ಪ್ರೇರೇಪಿಸುತ್ತಿತ್ತು ಮತ್ತು ಈ ಪ್ರೋಗ್ರಾಂ ಅನ್ನು ಡೌನ್‌ಲೋಡ್ ಮಾಡಿದಾಗ ABC ಲೋಗೋ ಸ್ಕ್ರೀನ್‌ನ ಸುತ್ತಮುತ್ತ ಹಾರಾಡಿ ಕೆಳಗೆ ಬಲಭಾಗದಲ್ಲಿ ಬಂದು ನಿಲ್ಲುತ್ತಿತ್ತು. 2001–02 ರಲ್ಲಿ ತನ್ನ ಗುರುತನ್ನು ವಿನ್ಯಾಸಗೊಳಿಸಲು ಮತ್ತು ನಿರ್ಮಿಸಲು ಈ ನೆಟ್‌ವರ್ಕ್, ಟ್ರಾಯ್ಕಾ ಡಿಸೈನ್ ಗ್ರೂಪ್ ಅನ್ನು ನೇಮಿಸಿತು. ಇದು ಲೋಗೋದ ಕಪ್ಪು ಮತ್ತು ಹಳದಿ ಬಣ್ಣದ ಬಳಕೆಯನ್ನು ಮುಂದುವರಿಸಿತು ಮತ್ತು ವಿವಿಧ ಪ್ರಚಾರಾತ್ಮಕ ಹಾಗೂ ಗುರುತಿಸುವಿಕೆ ತಾಣಗಳಲ್ಲಿ ಚುಕ್ಕೆಗಳು ಹಾಗೂ ಪಟ್ಟೆಗಳನ್ನು ಪ್ರದರ್ಶಿಸಿತು.

ಪ್ರಶ್ನೆ:
2000 ನೇ ಇಸವಿಯಲ್ಲಿನ ಅಭಿಯಾನದಲ್ಲಿ ABC ಯ ಲೋಗೋದ ಅಡ್ಡಹೆಸರೇನು?

ಉತ್ತರ:"
75,ಫಾರ್ಮಸಿಸ್ಟ್‌ಗಳು.,ಇತರ ಹಿರಿಯ ಫಾರ್ಮಸಿ ತಂತ್ರಜ್ಞರ,0.875,"ನೀನು ಸಹಾಯಕ, ನಿಖರ ಮತ್ತು ಸ್ಪಷ್ಟವಾಗಿ ಉತ್ತರಿಸುವ ಕನ್ನಡ AI ಸಹಾಯಕ. ಬಳಕೆದಾರರ ಪ್ರಶ್ನೆ ಅಥವಾ ಸೂಚನೆಗೆ ಕನ್ನಡದಲ್ಲೇ ಸೂಕ್ತ ಉತ್ತರ ನೀಡಿ.

ಕೆಳಗಿನ ಸಂದರ್ಭವನ್ನು ಓದಿ ಪ್ರಶ್ನೆಗೆ ಚಿಕ್ಕ ಕನ್ನಡ ಉತ್ತರ ನೀಡಿ.
ವಿವರಣೆ ಬೇಡ. ಕೇವಲ ಉತ್ತರ ಮಾತ್ರ ನೀಡಿ.

ಸಂದರ್ಭ:
ಯು.ಕೆಯಲ್ಲಿ ಫಾರ್ಮಸಿ ತಂತ್ರಜ್ಞರನ್ನು ಆರೋಗ್ಯ-ಕಾಳಜಿ ವೃತ್ತಿಪರರು ಎಂಬುದಾಗಿ ಪರಿಗಣಿಸಲಾಗುತ್ತದೆ ಮತ್ತು ಇವರು ಹೆಚ್ಚಾಗಿ ಫಾರ್ಮಸಿಸ್ಟ್‌ನ ನೇರ ಮೇಲ್ವಿಚಾರಣೆಯ ಅಡಿಯಲ್ಲಿ ಕೆಲಸ ಮಾಡುವುದಿಲ್ಲ (ಆಸ್ಪತ್ರೆಯ ಫಾರ್ಮಸಿಯಲ್ಲಿ ಉದ್ಯೋಗದಲ್ಲಿದ್ದರೆ) ಆದರೆ ಇತರ ಹಿರಿಯ ಫಾರ್ಮಸಿ ತಂತ್ರಜ್ಞರ ಮೇಲ್ವಿಚಾರಣೆ ಮತ್ತು ನಿರ್ವಹಣೆಗೆ ಒಳಪಡುತ್ತಾರೆ. ಯು.ಕೆಯಲ್ಲಿ PhT ಪಾತ್ರವು ಹಿರಿದಾಗಿದೆ ಮತ್ತು ಫಾರ್ಮಸಿ ವಿಭಾಗವನ್ನು ಹಾಗೂ ಫಾರ್ಮಸಿ ಪ್ರಾಕ್ಟೀಸ್‌ನ ವಿಶೇಷ ಕ್ಷೇತ್ರಗಳನ್ನು ನಿರ್ವಹಿಸುವ ಜವಾಬ್ದಾರಿಯನ್ನು ಅವರಿಗೆ ದಾಟಿಸಲಾಗಿದೆ; ಇದರಿಂದಾಗಿ ಫಾರ್ಮಸಿಸ್ಟ್‌ಗಳು, ಔಷಧಿ ಸಲಹೆಗಾರರಾಗಿ ರೋಗಿಗಳೊಂದಿಗೆ ಕೆಲಸ ಮಾಡುವಲ್ಲಿ ಮತ್ತು ಸಂಶೋಧನೆಯಲ್ಲಿ ಹೆಚ್ಚಿನ ಸಮಯವನ್ನು ಕಳೆಯುತ್ತಾ ತಮ್ಮ ನೈಪುಣ್ಯದ ಕ್ಷೇತ್ರದಲ್ಲಿ ವಿಶೇಷ ಪರಿಣತಿಯನ್ನು ಪಡೆಯಲು ಸಮಯ ಸಿಗುತ್ತದೆ. ಅರ್ಹತೆ ಪಡೆದ ಬಳಿಕ ಫಾರ್ಮಸಿ ತಂತ್ರಜ್ಞರು, ಜನರಲ್ ಫಾರ್ಮಸ್ಯುಟಿಕಲ್ ಕೌನ್ಸಿಲ್ (GPhC) ರಿಜಿಸ್ಟರ್‌ನಲ್ಲಿ ವೃತ್ತಿಪರರಾಗಿ ದಾಖಲಾಗಬೇಕಾಗುತ್ತದೆ. GPhC ಯು ಫಾರ್ಮಸಿ ಆರೋಗ್ಯ-ಕಾಳಜಿ ವೃತ್ತಿಪರರ ನಿಯಂತ್ರಕ ಸಂಸ್ಥೆಯಾಗಿದೆ ಮತ್ತು ಫಾರ್ಮಸಿಸ್ಟ್‌ಗಳು ಹಾಗೂ ಫಾರ್ಮಸಿ ತಂತ್ರಜ್ಞರ ಪ್ರಾಕ್ಟೀಸ್ ಅನ್ನು ಇವರೇ ನಿಯಂತ್ರಿಸುತ್ತಾರೆ.

ಪ್ರಶ್ನೆ:
ಯು.ಕೆಯಲ್ಲಿ ಫಾರ್ಮಸಿ ತಂತ್ರಜ್ಞರ ಮೇಲ್ವಿಚಾರಣೆಯನ್ನು ಯಾರು ಮಾಡುತ್ತಾರೆ?

ಉತ್ತರ:"
76,GPhC (General Pharmaceutical Council).,ಜನರಲ್ ಫಾರ್ಮಸ್ಯುಟಿಕಲ್ ಕೌನ್ಸಿಲ್ (GPhC) ರಿಜಿಸ್ಟರ್,0.0,"ನೀನು ಸಹಾಯಕ, ನಿಖರ ಮತ್ತು ಸ್ಪಷ್ಟವಾಗಿ ಉತ್ತರಿಸುವ ಕನ್ನಡ AI ಸಹಾಯಕ. ಬಳಕೆದಾರರ ಪ್ರಶ್ನೆ ಅಥವಾ ಸೂಚನೆಗೆ ಕನ್ನಡದಲ್ಲೇ ಸೂಕ್ತ ಉತ್ತರ ನೀಡಿ.

ಕೆಳಗಿನ ಸಂದರ್ಭವನ್ನು ಓದಿ ಪ್ರಶ್ನೆಗೆ ಚಿಕ್ಕ ಕನ್ನಡ ಉತ್ತರ ನೀಡಿ.
ವಿವರಣೆ ಬೇಡ. ಕೇವಲ ಉತ್ತರ ಮಾತ್ರ ನೀಡಿ.

ಸಂದರ್ಭ:
ಯು.ಕೆಯಲ್ಲಿ ಫಾರ್ಮಸಿ ತಂತ್ರಜ್ಞರನ್ನು ಆರೋಗ್ಯ-ಕಾಳಜಿ ವೃತ್ತಿಪರರು ಎಂಬುದಾಗಿ ಪರಿಗಣಿಸಲಾಗುತ್ತದೆ ಮತ್ತು ಇವರು ಹೆಚ್ಚಾಗಿ ಫಾರ್ಮಸಿಸ್ಟ್‌ನ ನೇರ ಮೇಲ್ವಿಚಾರಣೆಯ ಅಡಿಯಲ್ಲಿ ಕೆಲಸ ಮಾಡುವುದಿಲ್ಲ (ಆಸ್ಪತ್ರೆಯ ಫಾರ್ಮಸಿಯಲ್ಲಿ ಉದ್ಯೋಗದಲ್ಲಿದ್ದರೆ) ಆದರೆ ಇತರ ಹಿರಿಯ ಫಾರ್ಮಸಿ ತಂತ್ರಜ್ಞರ ಮೇಲ್ವಿಚಾರಣೆ ಮತ್ತು ನಿರ್ವಹಣೆಗೆ ಒಳಪಡುತ್ತಾರೆ. ಯು.ಕೆಯಲ್ಲಿ PhT ಪಾತ್ರವು ಹಿರಿದಾಗಿದೆ ಮತ್ತು ಫಾರ್ಮಸಿ ವಿಭಾಗವನ್ನು ಹಾಗೂ ಫಾರ್ಮಸಿ ಪ್ರಾಕ್ಟೀಸ್‌ನ ವಿಶೇಷ ಕ್ಷೇತ್ರಗಳನ್ನು ನಿರ್ವಹಿಸುವ ಜವಾಬ್ದಾರಿಯನ್ನು ಅವರಿಗೆ ದಾಟಿಸಲಾಗಿದೆ; ಇದರಿಂದಾಗಿ ಫಾರ್ಮಸಿಸ್ಟ್‌ಗಳು, ಔಷಧಿ ಸಲಹೆಗಾರರಾಗಿ ರೋಗಿಗಳೊಂದಿಗೆ ಕೆಲಸ ಮಾಡುವಲ್ಲಿ ಮತ್ತು ಸಂಶೋಧನೆಯಲ್ಲಿ ಹೆಚ್ಚಿನ ಸಮಯವನ್ನು ಕಳೆಯುತ್ತಾ ತಮ್ಮ ನೈಪುಣ್ಯದ ಕ್ಷೇತ್ರದಲ್ಲಿ ವಿಶೇಷ ಪರಿಣತಿಯನ್ನು ಪಡೆಯಲು ಸಮಯ ಸಿಗುತ್ತದೆ. ಅರ್ಹತೆ ಪಡೆದ ಬಳಿಕ ಫಾರ್ಮಸಿ ತಂತ್ರಜ್ಞರು, ಜನರಲ್ ಫಾರ್ಮಸ್ಯುಟಿಕಲ್ ಕೌನ್ಸಿಲ್ (GPhC) ರಿಜಿಸ್ಟರ್‌ನಲ್ಲಿ ವೃತ್ತಿಪರರಾಗಿ ದಾಖಲಾಗಬೇಕಾಗುತ್ತದೆ. GPhC ಯು ಫಾರ್ಮಸಿ ಆರೋಗ್ಯ-ಕಾಳಜಿ ವೃತ್ತಿಪರರ ನಿಯಂತ್ರಕ ಸಂಸ್ಥೆಯಾಗಿದೆ ಮತ್ತು ಫಾರ್ಮಸಿಸ್ಟ್‌ಗಳು ಹಾಗೂ ಫಾರ್ಮಸಿ ತಂತ್ರಜ್ಞರ ಪ್ರಾಕ್ಟೀಸ್ ಅನ್ನು ಇವರೇ ನಿಯಂತ್ರಿಸುತ್ತಾರೆ.

ಪ್ರಶ್ನೆ:
ಫಾರ್ಮಸಿ ತಂತ್ರಜ್ಞರು ಯಾವ ಸಂಸ್ಥೆಯಲ್ಲಿ ನೋಂದಾಯಿಸಿಕೊಳ್ಳಬೇಕು?

ಉತ್ತರ:"
77,"GPhC ಯು ಫಾರ್ಮಸಿ ವೃತ್ತಿಪರರ (ಫಾರ್ಮಸಿಸ್ಟ್‌ಗಳು ಮತ್ತು ಫಾರ್ಮಸಿ ತಂತ್ರಜ್ಞರು) ಪರವಾನಗಿ, ನಿಯಂತ್ರಣ ಮತ್ತು ಅಭ್ಯಾಸದ ಮಾನದಂಡಗಳನ್ನು ಖಚಿತಪಡಿಸಿಕೊಳ್ಳಲು ಜವಾಬ್ದಾರಿಯಿರುವ ಸಂಸ್ಥ",ಫಾರ್ಮಸಿಸ್ಟ್‌ಗಳು ಹಾಗೂ ಫಾರ್ಮಸಿ ತಂತ್ರಜ್ಞರ ಪ್ರಾಕ್ಟೀಸ್ ಅನ್ನು ನಿಯಂತ್ರಿಸುತ್ತಾರೆ,0.9411764705882353,"ನೀನು ಸಹಾಯಕ, ನಿಖರ ಮತ್ತು ಸ್ಪಷ್ಟವಾಗಿ ಉತ್ತರಿಸುವ ಕನ್ನಡ AI ಸಹಾಯಕ. ಬಳಕೆದಾರರ ಪ್ರಶ್ನೆ ಅಥವಾ ಸೂಚನೆಗೆ ಕನ್ನಡದಲ್ಲೇ ಸೂಕ್ತ ಉತ್ತರ ನೀಡಿ.

ಕೆಳಗಿನ ಸಂದರ್ಭವನ್ನು ಓದಿ ಪ್ರಶ್ನೆಗೆ ಚಿಕ್ಕ ಕನ್ನಡ ಉತ್ತರ ನೀಡಿ.
ವಿವರಣೆ ಬೇಡ. ಕೇವಲ ಉತ್ತರ ಮಾತ್ರ ನೀಡಿ.

ಸಂದರ್ಭ:
ಯು.ಕೆಯಲ್ಲಿ ಫಾರ್ಮಸಿ ತಂತ್ರಜ್ಞರನ್ನು ಆರೋಗ್ಯ-ಕಾಳಜಿ ವೃತ್ತಿಪರರು ಎಂಬುದಾಗಿ ಪರಿಗಣಿಸಲಾಗುತ್ತದೆ ಮತ್ತು ಇವರು ಹೆಚ್ಚಾಗಿ ಫಾರ್ಮಸಿಸ್ಟ್‌ನ ನೇರ ಮೇಲ್ವಿಚಾರಣೆಯ ಅಡಿಯಲ್ಲಿ ಕೆಲಸ ಮಾಡುವುದಿಲ್ಲ (ಆಸ್ಪತ್ರೆಯ ಫಾರ್ಮಸಿಯಲ್ಲಿ ಉದ್ಯೋಗದಲ್ಲಿದ್ದರೆ) ಆದರೆ ಇತರ ಹಿರಿಯ ಫಾರ್ಮಸಿ ತಂತ್ರಜ್ಞರ ಮೇಲ್ವಿಚಾರಣೆ ಮತ್ತು ನಿರ್ವಹಣೆಗೆ ಒಳಪಡುತ್ತಾರೆ. ಯು.ಕೆಯಲ್ಲಿ PhT ಪಾತ್ರವು ಹಿರಿದಾಗಿದೆ ಮತ್ತು ಫಾರ್ಮಸಿ ವಿಭಾಗವನ್ನು ಹಾಗೂ ಫಾರ್ಮಸಿ ಪ್ರಾಕ್ಟೀಸ್‌ನ ವಿಶೇಷ ಕ್ಷೇತ್ರಗಳನ್ನು ನಿರ್ವಹಿಸುವ ಜವಾಬ್ದಾರಿಯನ್ನು ಅವರಿಗೆ ದಾಟಿಸಲಾಗಿದೆ; ಇದರಿಂದಾಗಿ ಫಾರ್ಮಸಿಸ್ಟ್‌ಗಳು, ಔಷಧಿ ಸಲಹೆಗಾರರಾಗಿ ರೋಗಿಗಳೊಂದಿಗೆ ಕೆಲಸ ಮಾಡುವಲ್ಲಿ ಮತ್ತು ಸಂಶೋಧನೆಯಲ್ಲಿ ಹೆಚ್ಚಿನ ಸಮಯವನ್ನು ಕಳೆಯುತ್ತಾ ತಮ್ಮ ನೈಪುಣ್ಯದ ಕ್ಷೇತ್ರದಲ್ಲಿ ವಿಶೇಷ ಪರಿಣತಿಯನ್ನು ಪಡೆಯಲು ಸಮಯ ಸಿಗುತ್ತದೆ. ಅರ್ಹತೆ ಪಡೆದ ಬಳಿಕ ಫಾರ್ಮಸಿ ತಂತ್ರಜ್ಞರು, ಜನರಲ್ ಫಾರ್ಮಸ್ಯುಟಿಕಲ್ ಕೌನ್ಸಿಲ್ (GPhC) ರಿಜಿಸ್ಟರ್‌ನಲ್ಲಿ ವೃತ್ತಿಪರರಾಗಿ ದಾಖಲಾಗಬೇಕಾಗುತ್ತದೆ. GPhC ಯು ಫಾರ್ಮಸಿ ಆರೋಗ್ಯ-ಕಾಳಜಿ ವೃತ್ತಿಪರರ ನಿಯಂತ್ರಕ ಸಂಸ್ಥೆಯಾಗಿದೆ ಮತ್ತು ಫಾರ್ಮಸಿಸ್ಟ್‌ಗಳು ಹಾಗೂ ಫಾರ್ಮಸಿ ತಂತ್ರಜ್ಞರ ಪ್ರಾಕ್ಟೀಸ್ ಅನ್ನು ಇವರೇ ನಿಯಂತ್ರಿಸುತ್ತಾರೆ.

ಪ್ರಶ್ನೆ:
GPhC ಯ ಮುಖ್ಯ ಕರ್ತವ್ಯವೇನು?

ಉತ್ತರ:"
78,ಫಾರ್ಮಸಿ ತಂತ್ರಜ್ಞರನ್ನು 'ವೃತ್ತಿಪರ' (Professional) ಎಂದು ಪರಿಗಣಿಸಲಾಗುತ್ತದೆ.,ಆರೋಗ್ಯ-ಕಾಳಜಿ ವೃತ್ತಿಪರರು,0.7384615384615385,"ನೀನು ಸಹಾಯಕ, ನಿಖರ ಮತ್ತು ಸ್ಪಷ್ಟವಾಗಿ ಉತ್ತರಿಸುವ ಕನ್ನಡ AI ಸಹಾಯಕ. ಬಳಕೆದಾರರ ಪ್ರಶ್ನೆ ಅಥವಾ ಸೂಚನೆಗೆ ಕನ್ನಡದಲ್ಲೇ ಸೂಕ್ತ ಉತ್ತರ ನೀಡಿ.

ಕೆಳಗಿನ ಸಂದರ್ಭವನ್ನು ಓದಿ ಪ್ರಶ್ನೆಗೆ ಚಿಕ್ಕ ಕನ್ನಡ ಉತ್ತರ ನೀಡಿ.
ವಿವರಣೆ ಬೇಡ. ಕೇವಲ ಉತ್ತರ ಮಾತ್ರ ನೀಡಿ.

ಸಂದರ್ಭ:
ಯು.ಕೆಯಲ್ಲಿ ಫಾರ್ಮಸಿ ತಂತ್ರಜ್ಞರನ್ನು ಆರೋಗ್ಯ-ಕಾಳಜಿ ವೃತ್ತಿಪರರು ಎಂಬುದಾಗಿ ಪರಿಗಣಿಸಲಾಗುತ್ತದೆ ಮತ್ತು ಇವರು ಹೆಚ್ಚಾಗಿ ಫಾರ್ಮಸಿಸ್ಟ್‌ನ ನೇರ ಮೇಲ್ವಿಚಾರಣೆಯ ಅಡಿಯಲ್ಲಿ ಕೆಲಸ ಮಾಡುವುದಿಲ್ಲ (ಆಸ್ಪತ್ರೆಯ ಫಾರ್ಮಸಿಯಲ್ಲಿ ಉದ್ಯೋಗದಲ್ಲಿದ್ದರೆ) ಆದರೆ ಇತರ ಹಿರಿಯ ಫಾರ್ಮಸಿ ತಂತ್ರಜ್ಞರ ಮೇಲ್ವಿಚಾರಣೆ ಮತ್ತು ನಿರ್ವಹಣೆಗೆ ಒಳಪಡುತ್ತಾರೆ. ಯು.ಕೆಯಲ್ಲಿ PhT ಪಾತ್ರವು ಹಿರಿದಾಗಿದೆ ಮತ್ತು ಫಾರ್ಮಸಿ ವಿಭಾಗವನ್ನು ಹಾಗೂ ಫಾರ್ಮಸಿ ಪ್ರಾಕ್ಟೀಸ್‌ನ ವಿಶೇಷ ಕ್ಷೇತ್ರಗಳನ್ನು ನಿರ್ವಹಿಸುವ ಜವಾಬ್ದಾರಿಯನ್ನು ಅವರಿಗೆ ದಾಟಿಸಲಾಗಿದೆ; ಇದರಿಂದಾಗಿ ಫಾರ್ಮಸಿಸ್ಟ್‌ಗಳು, ಔಷಧಿ ಸಲಹೆಗಾರರಾಗಿ ರೋಗಿಗಳೊಂದಿಗೆ ಕೆಲಸ ಮಾಡುವಲ್ಲಿ ಮತ್ತು ಸಂಶೋಧನೆಯಲ್ಲಿ ಹೆಚ್ಚಿನ ಸಮಯವನ್ನು ಕಳೆಯುತ್ತಾ ತಮ್ಮ ನೈಪುಣ್ಯದ ಕ್ಷೇತ್ರದಲ್ಲಿ ವಿಶೇಷ ಪರಿಣತಿಯನ್ನು ಪಡೆಯಲು ಸಮಯ ಸಿಗುತ್ತದೆ. ಅರ್ಹತೆ ಪಡೆದ ಬಳಿಕ ಫಾರ್ಮಸಿ ತಂತ್ರಜ್ಞರು, ಜನರಲ್ ಫಾರ್ಮಸ್ಯುಟಿಕಲ್ ಕೌನ್ಸಿಲ್ (GPhC) ರಿಜಿಸ್ಟರ್‌ನಲ್ಲಿ ವೃತ್ತಿಪರರಾಗಿ ದಾಖಲಾಗಬೇಕಾಗುತ್ತದೆ. GPhC ಯು ಫಾರ್ಮಸಿ ಆರೋಗ್ಯ-ಕಾಳಜಿ ವೃತ್ತಿಪರರ ನಿಯಂತ್ರಕ ಸಂಸ್ಥೆಯಾಗಿದೆ ಮತ್ತು ಫಾರ್ಮಸಿಸ್ಟ್‌ಗಳು ಹಾಗೂ ಫಾರ್ಮಸಿ ತಂತ್ರಜ್ಞರ ಪ್ರಾಕ್ಟೀಸ್ ಅನ್ನು ಇವರೇ ನಿಯಂತ್ರಿಸುತ್ತಾರೆ.

ಪ್ರಶ್ನೆ:
ಫಾರ್ಮಸಿ ತಂತ್ರಜ್ಞರನ್ನು ಯಾವ ರೀತಿಯ ವೃತ್ತಿಪರರೆಂದು ಪರಿಗಣಿಸಲಾಗುತ್ತದೆ?

ಉತ್ತರ:"
79,"ಫಾರ್ಮಸಿ ತಂತ್ರಜ್ಞರು ಔಷಧಿಗಳ ವಿತರಣೆ, ರೋಗಿಗಳ ಚಿಕಿತ್ಸೆಯ ಮೇಲ್ವಿಚಾರಣೆ ಮತ್ತು ನಿರ್ವಹಣೆಯನ್ನು ಒಳಗೊಂಡಂತೆ ವೈದ್ಯಕೀಯ ವೃತ್ತಿಪರರೊಂದಿಗೆ ಕೆಲಸ ಮಾಡಬಹುದು.",ಫಾರ್ಮಸಿ ವಿಭಾಗವನ್ನು ಹಾಗೂ ಫಾರ್ಮಸಿ ಪ್ರಾಕ್ಟೀಸ್‌ನ ವಿಶೇಷ ಕ್ಷೇತ್ರಗಳನ್ನು ನಿರ್ವಹಿಸುವ ಜವಾಬ್ದಾರಿಯನ್ನು,0.9831932773109243,"ನೀನು ಸಹಾಯಕ, ನಿಖರ ಮತ್ತು ಸ್ಪಷ್ಟವಾಗಿ ಉತ್ತರಿಸುವ ಕನ್ನಡ AI ಸಹಾಯಕ. ಬಳಕೆದಾರರ ಪ್ರಶ್ನೆ ಅಥವಾ ಸೂಚನೆಗೆ ಕನ್ನಡದಲ್ಲೇ ಸೂಕ್ತ ಉತ್ತರ ನೀಡಿ.

ಕೆಳಗಿನ ಸಂದರ್ಭವನ್ನು ಓದಿ ಪ್ರಶ್ನೆಗೆ ಚಿಕ್ಕ ಕನ್ನಡ ಉತ್ತರ ನೀಡಿ.
ವಿವರಣೆ ಬೇಡ. ಕೇವಲ ಉತ್ತರ ಮಾತ್ರ ನೀಡಿ.

ಸಂದರ್ಭ:
ಯು.ಕೆಯಲ್ಲಿ ಫಾರ್ಮಸಿ ತಂತ್ರಜ್ಞರನ್ನು ಆರೋಗ್ಯ-ಕಾಳಜಿ ವೃತ್ತಿಪರರು ಎಂಬುದಾಗಿ ಪರಿಗಣಿಸಲಾಗುತ್ತದೆ ಮತ್ತು ಇವರು ಹೆಚ್ಚಾಗಿ ಫಾರ್ಮಸಿಸ್ಟ್‌ನ ನೇರ ಮೇಲ್ವಿಚಾರಣೆಯ ಅಡಿಯಲ್ಲಿ ಕೆಲಸ ಮಾಡುವುದಿಲ್ಲ (ಆಸ್ಪತ್ರೆಯ ಫಾರ್ಮಸಿಯಲ್ಲಿ ಉದ್ಯೋಗದಲ್ಲಿದ್ದರೆ) ಆದರೆ ಇತರ ಹಿರಿಯ ಫಾರ್ಮಸಿ ತಂತ್ರಜ್ಞರ ಮೇಲ್ವಿಚಾರಣೆ ಮತ್ತು ನಿರ್ವಹಣೆಗೆ ಒಳಪಡುತ್ತಾರೆ. ಯು.ಕೆಯಲ್ಲಿ PhT ಪಾತ್ರವು ಹಿರಿದಾಗಿದೆ ಮತ್ತು ಫಾರ್ಮಸಿ ವಿಭಾಗವನ್ನು ಹಾಗೂ ಫಾರ್ಮಸಿ ಪ್ರಾಕ್ಟೀಸ್‌ನ ವಿಶೇಷ ಕ್ಷೇತ್ರಗಳನ್ನು ನಿರ್ವಹಿಸುವ ಜವಾಬ್ದಾರಿಯನ್ನು ಅವರಿಗೆ ದಾಟಿಸಲಾಗಿದೆ; ಇದರಿಂದಾಗಿ ಫಾರ್ಮಸಿಸ್ಟ್‌ಗಳು, ಔಷಧಿ ಸಲಹೆಗಾರರಾಗಿ ರೋಗಿಗಳೊಂದಿಗೆ ಕೆಲಸ ಮಾಡುವಲ್ಲಿ ಮತ್ತು ಸಂಶೋಧನೆಯಲ್ಲಿ ಹೆಚ್ಚಿನ ಸಮಯವನ್ನು ಕಳೆಯುತ್ತಾ ತಮ್ಮ ನೈಪುಣ್ಯದ ಕ್ಷೇತ್ರದಲ್ಲಿ ವಿಶೇಷ ಪರಿಣತಿಯನ್ನು ಪಡೆಯಲು ಸಮಯ ಸಿಗುತ್ತದೆ. ಅರ್ಹತೆ ಪಡೆದ ಬಳಿಕ ಫಾರ್ಮಸಿ ತಂತ್ರಜ್ಞರು, ಜನರಲ್ ಫಾರ್ಮಸ್ಯುಟಿಕಲ್ ಕೌನ್ಸಿಲ್ (GPhC) ರಿಜಿಸ್ಟರ್‌ನಲ್ಲಿ ವೃತ್ತಿಪರರಾಗಿ ದಾಖಲಾಗಬೇಕಾಗುತ್ತದೆ. GPhC ಯು ಫಾರ್ಮಸಿ ಆರೋಗ್ಯ-ಕಾಳಜಿ ವೃತ್ತಿಪರರ ನಿಯಂತ್ರಕ ಸಂಸ್ಥೆಯಾಗಿದೆ ಮತ್ತು ಫಾರ್ಮಸಿಸ್ಟ್‌ಗಳು ಹಾಗೂ ಫಾರ್ಮಸಿ ತಂತ್ರಜ್ಞರ ಪ್ರಾಕ್ಟೀಸ್ ಅನ್ನು ಇವರೇ ನಿಯಂತ್ರಿಸುತ್ತಾರೆ.

ಪ್ರಶ್ನೆ:
ಫಾರ್ಮಸಿ ತಂತ್ರಜ್ಞರು ಯಾವ ರೀತಿಯ ಜವಾಬ್ದಾರಿಗಳನ್ನು ಹೊಂದಿರಲು ಅವಕಾಶವಿದೆ?

ಉತ್ತರ:"
80,ಪರ್ಸಿ ಶೆಲ್ಲಿ.,ಪರ್ಸಿ ಶೆಲ್ಲಿ,0.9166666666666666,"ನೀನು ಸಹಾಯಕ, ನಿಖರ ಮತ್ತು ಸ್ಪಷ್ಟವಾಗಿ ಉತ್ತರಿಸುವ ಕನ್ನಡ AI ಸಹಾಯಕ. ಬಳಕೆದಾರರ ಪ್ರಶ್ನೆ ಅಥವಾ ಸೂಚನೆಗೆ ಕನ್ನಡದಲ್ಲೇ ಸೂಕ್ತ ಉತ್ತರ ನೀಡಿ.

ಕೆಳಗಿನ ಸಂದರ್ಭವನ್ನು ಓದಿ ಪ್ರಶ್ನೆಗೆ ಚಿಕ್ಕ ಕನ್ನಡ ಉತ್ತರ ನೀಡಿ.
ವಿವರಣೆ ಬೇಡ. ಕೇವಲ ಉತ್ತರ ಮಾತ್ರ ನೀಡಿ.

ಸಂದರ್ಭ:
1819 ರಲ್ಲಿ ನಡೆದ ಪೀಟರ್‌ಲೂ ಹತ್ಯಾಕಾಂಡದ ಬಳಿಕ, ಕವಿ ಪರ್ಸಿ ಶೆಲ್ಲಿ ಅವರು ಆ ವರ್ಷದ ನಂತರದ ಭಾಗದಲ್ಲಿ, ದಿ ಮಾಸ್ಕ್ ಆಫ್ ಅನಾರ್ಕಿ ಎಂಬ ರಾಜಕೀಯ ಕವಿತೆಯನ್ನು ಬರೆದರು; ತಮ್ಮ ಸಮಯದಲ್ಲಿ ಅಧಿಕಾರದ ಅನ್ಯಾಯದ ರೂಪಗಳೆಂದು ಅವರು ಭಾವಿಸಿದ ಚಿತ್ರಣಗಳಿಂದ ಇರು ಆರಂಭವಾಗುತ್ತದೆ—ಮತ್ತು ನಂತರ ಹೊಸ ಪ್ರಕಾರದ ಸಾಮಾಜಿಕ ಕ್ರಮವು ರೂಪುಗೊಳ್ಳುವ ಕಲ್ಪನೆಯನ್ನು ಹೊಂದಿದೆ. ಅಹಿಂಸಾತ್ಮಕ ಪ್ರತಿಭಟನೆಯ ಸಿದ್ಧಾಂತದ ಕುರಿತು ಇದು ಬಹುಶಃ ಮೊದಲನೆಯ ಆಧುನಿಕ[ಅಸ್ಪಷ್ಟ] ಹೇಳಿಕೆಯಾಗಿದೆ. ಲೇಖಕ ಹೆನ್ರಿ ಡೇವಿಡ್ ಥಾರೋ ಅವರು ಸಿವಿಲ್ ಡಿಸೊಬೀಡಿಯೆನ್ಸ್ ಎಂಬ ತನ್ನ ಪ್ರಬಂಧದಲ್ಲಿ ಇದರ ಒಂದು ಆವೃತ್ತಿಯನ್ನು ಅಳವಡಿಸಿಕೊಂಡರು ಮತ್ತು ನಂತರು ಗಾಂಧೀಜಿಯವರು ತಮ್ಮ ಸತ್ಯಾಗ್ರಹದ ಬೋಧನೆಗಳಲ್ಲಿ ಅಳವಡಿಸಿಕೊಂಡರು. ಗಾಂಧೀಜಿಯವರ ಸತ್ಯಾಗ್ರಹವು ಪ್ರತಿಭಟನೆ ಹಾಗೂ ರಾಜಕೀಯ ಕ್ರಮದಲ್ಲಿ ಶೆಲ್ಲಿಯವರ ಅಹಿಂಸೆಯಿಂದ ಆಂಶಿಕವಾಗಿ ಪ್ರಭಾವಿತವಾಗಿತ್ತು ಮತ್ತು ಪ್ರೇರಿತವಾಗಿತ್ತು. ನಿರ್ದಿಷ್ಟವಾಗಿ, ಸ್ವತಂತ್ರ ಭಾರತಕ್ಕಾಗಿ ನಡೆದ ಅಭಿಯಾನದಲ್ಲಿ ಗಾಂಧೀಜಿಯವರು ಬೃಹತ್ ಸಂಖ್ಯೆಯ ಪ್ರೇಕ್ಷಕರಿಗೆ ಶೆಲ್ಲಿ ಅವರ ಮಾಸ್ಕ್ ಆಫ್ ಅನಾರ್ಕಿಯನ್ನು ಉಲ್ಲೇಖಿಸಿ ಹೇಳುತ್ತಿದ್ದರು ಎನ್ನಲಾಗಿದೆ.

ಪ್ರಶ್ನೆ:
ಪೀಟರ್‌ಲೂ ಹತ್ಯಾಕಾಂಡದ ಬಳಿಕ ಯಾವ ಕವಿಯು ದಿ ಮಾಸ್ಕ್ ಆಫ್ ಅನಾರ್ಕಿಯನ್ನು ಬರೆದರು?

ಉತ್ತರ:"
81,ಅವರ ಕವಿತೆಯು ಅಹಿಂಸಾತ್ಮಕ ಪ್ರತಿಭಟನೆಯಲ್ಲಿ ಮೊತ್ತಮೊದಲನೆಯದಾಗಿತ್ತು.,ಅಹಿಂಸಾತ್ಮಕ,0.9818181818181818,"ನೀನು ಸಹಾಯಕ, ನಿಖರ ಮತ್ತು ಸ್ಪಷ್ಟವಾಗಿ ಉತ್ತರಿಸುವ ಕನ್ನಡ AI ಸಹಾಯಕ. ಬಳಕೆದಾರರ ಪ್ರಶ್ನೆ ಅಥವಾ ಸೂಚನೆಗೆ ಕನ್ನಡದಲ್ಲೇ ಸೂಕ್ತ ಉತ್ತರ ನೀಡಿ.

ಕೆಳಗಿನ ಸಂದರ್ಭವನ್ನು ಓದಿ ಪ್ರಶ್ನೆಗೆ ಚಿಕ್ಕ ಕನ್ನಡ ಉತ್ತರ ನೀಡಿ.
ವಿವರಣೆ ಬೇಡ. ಕೇವಲ ಉತ್ತರ ಮಾತ್ರ ನೀಡಿ.

ಸಂದರ್ಭ:
1819 ರಲ್ಲಿ ನಡೆದ ಪೀಟರ್‌ಲೂ ಹತ್ಯಾಕಾಂಡದ ಬಳಿಕ, ಕವಿ ಪರ್ಸಿ ಶೆಲ್ಲಿ ಅವರು ಆ ವರ್ಷದ ನಂತರದ ಭಾಗದಲ್ಲಿ, ದಿ ಮಾಸ್ಕ್ ಆಫ್ ಅನಾರ್ಕಿ ಎಂಬ ರಾಜಕೀಯ ಕವಿತೆಯನ್ನು ಬರೆದರು; ತಮ್ಮ ಸಮಯದಲ್ಲಿ ಅಧಿಕಾರದ ಅನ್ಯಾಯದ ರೂಪಗಳೆಂದು ಅವರು ಭಾವಿಸಿದ ಚಿತ್ರಣಗಳಿಂದ ಇರು ಆರಂಭವಾಗುತ್ತದೆ—ಮತ್ತು ನಂತರ ಹೊಸ ಪ್ರಕಾರದ ಸಾಮಾಜಿಕ ಕ್ರಮವು ರೂಪುಗೊಳ್ಳುವ ಕಲ್ಪನೆಯನ್ನು ಹೊಂದಿದೆ. ಅಹಿಂಸಾತ್ಮಕ ಪ್ರತಿಭಟನೆಯ ಸಿದ್ಧಾಂತದ ಕುರಿತು ಇದು ಬಹುಶಃ ಮೊದಲನೆಯ ಆಧುನಿಕ[ಅಸ್ಪಷ್ಟ] ಹೇಳಿಕೆಯಾಗಿದೆ. ಲೇಖಕ ಹೆನ್ರಿ ಡೇವಿಡ್ ಥಾರೋ ಅವರು ಸಿವಿಲ್ ಡಿಸೊಬೀಡಿಯೆನ್ಸ್ ಎಂಬ ತನ್ನ ಪ್ರಬಂಧದಲ್ಲಿ ಇದರ ಒಂದು ಆವೃತ್ತಿಯನ್ನು ಅಳವಡಿಸಿಕೊಂಡರು ಮತ್ತು ನಂತರು ಗಾಂಧೀಜಿಯವರು ತಮ್ಮ ಸತ್ಯಾಗ್ರಹದ ಬೋಧನೆಗಳಲ್ಲಿ ಅಳವಡಿಸಿಕೊಂಡರು. ಗಾಂಧೀಜಿಯವರ ಸತ್ಯಾಗ್ರಹವು ಪ್ರತಿಭಟನೆ ಹಾಗೂ ರಾಜಕೀಯ ಕ್ರಮದಲ್ಲಿ ಶೆಲ್ಲಿಯವರ ಅಹಿಂಸೆಯಿಂದ ಆಂಶಿಕವಾಗಿ ಪ್ರಭಾವಿತವಾಗಿತ್ತು ಮತ್ತು ಪ್ರೇರಿತವಾಗಿತ್ತು. ನಿರ್ದಿಷ್ಟವಾಗಿ, ಸ್ವತಂತ್ರ ಭಾರತಕ್ಕಾಗಿ ನಡೆದ ಅಭಿಯಾನದಲ್ಲಿ ಗಾಂಧೀಜಿಯವರು ಬೃಹತ್ ಸಂಖ್ಯೆಯ ಪ್ರೇಕ್ಷಕರಿಗೆ ಶೆಲ್ಲಿ ಅವರ ಮಾಸ್ಕ್ ಆಫ್ ಅನಾರ್ಕಿಯನ್ನು ಉಲ್ಲೇಖಿಸಿ ಹೇಳುತ್ತಿದ್ದರು ಎನ್ನಲಾಗಿದೆ.

ಪ್ರಶ್ನೆ:
ಅವರ ಕವಿತೆಯು ಯಾವ ರೀತಿಯ ಪ್ರತಿಭಟನೆಯಲ್ಲಿ ಮೊತ್ತಮೊದಲನೆಯದಾಗಿತ್ತು ಎಂದು ಹೇಳಲಾಗುತ್ತದೆ?

ಉತ್ತರ:"
82,ಸತ್ಯಾಗ್ರಹ (Satyagraha).,ಸತ್ಯಾಗ್ರಹ,0.4090909090909091,"ನೀನು ಸಹಾಯಕ, ನಿಖರ ಮತ್ತು ಸ್ಪಷ್ಟವಾಗಿ ಉತ್ತರಿಸುವ ಕನ್ನಡ AI ಸಹಾಯಕ. ಬಳಕೆದಾರರ ಪ್ರಶ್ನೆ ಅಥವಾ ಸೂಚನೆಗೆ ಕನ್ನಡದಲ್ಲೇ ಸೂಕ್ತ ಉತ್ತರ ನೀಡಿ.

ಕೆಳಗಿನ ಸಂದರ್ಭವನ್ನು ಓದಿ ಪ್ರಶ್ನೆಗೆ ಚಿಕ್ಕ ಕನ್ನಡ ಉತ್ತರ ನೀಡಿ.
ವಿವರಣೆ ಬೇಡ. ಕೇವಲ ಉತ್ತರ ಮಾತ್ರ ನೀಡಿ.

ಸಂದರ್ಭ:
1819 ರಲ್ಲಿ ನಡೆದ ಪೀಟರ್‌ಲೂ ಹತ್ಯಾಕಾಂಡದ ಬಳಿಕ, ಕವಿ ಪರ್ಸಿ ಶೆಲ್ಲಿ ಅವರು ಆ ವರ್ಷದ ನಂತರದ ಭಾಗದಲ್ಲಿ, ದಿ ಮಾಸ್ಕ್ ಆಫ್ ಅನಾರ್ಕಿ ಎಂಬ ರಾಜಕೀಯ ಕವಿತೆಯನ್ನು ಬರೆದರು; ತಮ್ಮ ಸಮಯದಲ್ಲಿ ಅಧಿಕಾರದ ಅನ್ಯಾಯದ ರೂಪಗಳೆಂದು ಅವರು ಭಾವಿಸಿದ ಚಿತ್ರಣಗಳಿಂದ ಇರು ಆರಂಭವಾಗುತ್ತದೆ—ಮತ್ತು ನಂತರ ಹೊಸ ಪ್ರಕಾರದ ಸಾಮಾಜಿಕ ಕ್ರಮವು ರೂಪುಗೊಳ್ಳುವ ಕಲ್ಪನೆಯನ್ನು ಹೊಂದಿದೆ. ಅಹಿಂಸಾತ್ಮಕ ಪ್ರತಿಭಟನೆಯ ಸಿದ್ಧಾಂತದ ಕುರಿತು ಇದು ಬಹುಶಃ ಮೊದಲನೆಯ ಆಧುನಿಕ[ಅಸ್ಪಷ್ಟ] ಹೇಳಿಕೆಯಾಗಿದೆ. ಲೇಖಕ ಹೆನ್ರಿ ಡೇವಿಡ್ ಥಾರೋ ಅವರು ಸಿವಿಲ್ ಡಿಸೊಬೀಡಿಯೆನ್ಸ್ ಎಂಬ ತನ್ನ ಪ್ರಬಂಧದಲ್ಲಿ ಇದರ ಒಂದು ಆವೃತ್ತಿಯನ್ನು ಅಳವಡಿಸಿಕೊಂಡರು ಮತ್ತು ನಂತರು ಗಾಂಧೀಜಿಯವರು ತಮ್ಮ ಸತ್ಯಾಗ್ರಹದ ಬೋಧನೆಗಳಲ್ಲಿ ಅಳವಡಿಸಿಕೊಂಡರು. ಗಾಂಧೀಜಿಯವರ ಸತ್ಯಾಗ್ರಹವು ಪ್ರತಿಭಟನೆ ಹಾಗೂ ರಾಜಕೀಯ ಕ್ರಮದಲ್ಲಿ ಶೆಲ್ಲಿಯವರ ಅಹಿಂಸೆಯಿಂದ ಆಂಶಿಕವಾಗಿ ಪ್ರಭಾವಿತವಾಗಿತ್ತು ಮತ್ತು ಪ್ರೇರಿತವಾಗಿತ್ತು. ನಿರ್ದಿಷ್ಟವಾಗಿ, ಸ್ವತಂತ್ರ ಭಾರತಕ್ಕಾಗಿ ನಡೆದ ಅಭಿಯಾನದಲ್ಲಿ ಗಾಂಧೀಜಿಯವರು ಬೃಹತ್ ಸಂಖ್ಯೆಯ ಪ್ರೇಕ್ಷಕರಿಗೆ ಶೆಲ್ಲಿ ಅವರ ಮಾಸ್ಕ್ ಆಫ್ ಅನಾರ್ಕಿಯನ್ನು ಉಲ್ಲೇಖಿಸಿ ಹೇಳುತ್ತಿದ್ದರು ಎನ್ನಲಾಗಿದೆ.

ಪ್ರಶ್ನೆ:
ಶೆಲ್ಲಿಯಿಂದ ಪ್ರೇರಿತವಾದ ಗಾಂಧೀಜಿಯವರ ಬೋಧನೆಗಳ ಹೆಸರೇನು?

ಉತ್ತರ:"
83,ಸತ್ಯಾಗ್ರಹದ ಚಳವಳಿ.,ಸ್ವತಂತ್ರ ಭಾರತ,0.9375,"ನೀನು ಸಹಾಯಕ, ನಿಖರ ಮತ್ತು ಸ್ಪಷ್ಟವಾಗಿ ಉತ್ತರಿಸುವ ಕನ್ನಡ AI ಸಹಾಯಕ. ಬಳಕೆದಾರರ ಪ್ರಶ್ನೆ ಅಥವಾ ಸೂಚನೆಗೆ ಕನ್ನಡದಲ್ಲೇ ಸೂಕ್ತ ಉತ್ತರ ನೀಡಿ.

ಕೆಳಗಿನ ಸಂದರ್ಭವನ್ನು ಓದಿ ಪ್ರಶ್ನೆಗೆ ಚಿಕ್ಕ ಕನ್ನಡ ಉತ್ತರ ನೀಡಿ.
ವಿವರಣೆ ಬೇಡ. ಕೇವಲ ಉತ್ತರ ಮಾತ್ರ ನೀಡಿ.

ಸಂದರ್ಭ:
1819 ರಲ್ಲಿ ನಡೆದ ಪೀಟರ್‌ಲೂ ಹತ್ಯಾಕಾಂಡದ ಬಳಿಕ, ಕವಿ ಪರ್ಸಿ ಶೆಲ್ಲಿ ಅವರು ಆ ವರ್ಷದ ನಂತರದ ಭಾಗದಲ್ಲಿ, ದಿ ಮಾಸ್ಕ್ ಆಫ್ ಅನಾರ್ಕಿ ಎಂಬ ರಾಜಕೀಯ ಕವಿತೆಯನ್ನು ಬರೆದರು; ತಮ್ಮ ಸಮಯದಲ್ಲಿ ಅಧಿಕಾರದ ಅನ್ಯಾಯದ ರೂಪಗಳೆಂದು ಅವರು ಭಾವಿಸಿದ ಚಿತ್ರಣಗಳಿಂದ ಇರು ಆರಂಭವಾಗುತ್ತದೆ—ಮತ್ತು ನಂತರ ಹೊಸ ಪ್ರಕಾರದ ಸಾಮಾಜಿಕ ಕ್ರಮವು ರೂಪುಗೊಳ್ಳುವ ಕಲ್ಪನೆಯನ್ನು ಹೊಂದಿದೆ. ಅಹಿಂಸಾತ್ಮಕ ಪ್ರತಿಭಟನೆಯ ಸಿದ್ಧಾಂತದ ಕುರಿತು ಇದು ಬಹುಶಃ ಮೊದಲನೆಯ ಆಧುನಿಕ[ಅಸ್ಪಷ್ಟ] ಹೇಳಿಕೆಯಾಗಿದೆ. ಲೇಖಕ ಹೆನ್ರಿ ಡೇವಿಡ್ ಥಾರೋ ಅವರು ಸಿವಿಲ್ ಡಿಸೊಬೀಡಿಯೆನ್ಸ್ ಎಂಬ ತನ್ನ ಪ್ರಬಂಧದಲ್ಲಿ ಇದರ ಒಂದು ಆವೃತ್ತಿಯನ್ನು ಅಳವಡಿಸಿಕೊಂಡರು ಮತ್ತು ನಂತರು ಗಾಂಧೀಜಿಯವರು ತಮ್ಮ ಸತ್ಯಾಗ್ರಹದ ಬೋಧನೆಗಳಲ್ಲಿ ಅಳವಡಿಸಿಕೊಂಡರು. ಗಾಂಧೀಜಿಯವರ ಸತ್ಯಾಗ್ರಹವು ಪ್ರತಿಭಟನೆ ಹಾಗೂ ರಾಜಕೀಯ ಕ್ರಮದಲ್ಲಿ ಶೆಲ್ಲಿಯವರ ಅಹಿಂಸೆಯಿಂದ ಆಂಶಿಕವಾಗಿ ಪ್ರಭಾವಿತವಾಗಿತ್ತು ಮತ್ತು ಪ್ರೇರಿತವಾಗಿತ್ತು. ನಿರ್ದಿಷ್ಟವಾಗಿ, ಸ್ವತಂತ್ರ ಭಾರತಕ್ಕಾಗಿ ನಡೆದ ಅಭಿಯಾನದಲ್ಲಿ ಗಾಂಧೀಜಿಯವರು ಬೃಹತ್ ಸಂಖ್ಯೆಯ ಪ್ರೇಕ್ಷಕರಿಗೆ ಶೆಲ್ಲಿ ಅವರ ಮಾಸ್ಕ್ ಆಫ್ ಅನಾರ್ಕಿಯನ್ನು ಉಲ್ಲೇಖಿಸಿ ಹೇಳುತ್ತಿದ್ದರು ಎನ್ನಲಾಗಿದೆ.

ಪ್ರಶ್ನೆ:
ಗಾಂಧೀಜಿಯವರು ಯಾವ ಪ್ರಯತ್ನದಲ್ಲಿ ಶೆಲ್ಲಿ ಅವರ ಕವಿತೆಯನ್ನು ಆಗಾಗ ಉಲ್ಲೇಖಿಸುತ್ತಿದ್ದರು? 

ಉತ್ತರ:"
84,ಹೆನ್ರಿ ಡೇವಿಡ್ ಥಾರೋ.,ಹೆನ್ರಿ ಡೇವಿಡ್ ಥಾರೋ,0.9411764705882353,"ನೀನು ಸಹಾಯಕ, ನಿಖರ ಮತ್ತು ಸ್ಪಷ್ಟವಾಗಿ ಉತ್ತರಿಸುವ ಕನ್ನಡ AI ಸಹಾಯಕ. ಬಳಕೆದಾರರ ಪ್ರಶ್ನೆ ಅಥವಾ ಸೂಚನೆಗೆ ಕನ್ನಡದಲ್ಲೇ ಸೂಕ್ತ ಉತ್ತರ ನೀಡಿ.

ಕೆಳಗಿನ ಸಂದರ್ಭವನ್ನು ಓದಿ ಪ್ರಶ್ನೆಗೆ ಚಿಕ್ಕ ಕನ್ನಡ ಉತ್ತರ ನೀಡಿ.
ವಿವರಣೆ ಬೇಡ. ಕೇವಲ ಉತ್ತರ ಮಾತ್ರ ನೀಡಿ.

ಸಂದರ್ಭ:
1819 ರಲ್ಲಿ ನಡೆದ ಪೀಟರ್‌ಲೂ ಹತ್ಯಾಕಾಂಡದ ಬಳಿಕ, ಕವಿ ಪರ್ಸಿ ಶೆಲ್ಲಿ ಅವರು ಆ ವರ್ಷದ ನಂತರದ ಭಾಗದಲ್ಲಿ, ದಿ ಮಾಸ್ಕ್ ಆಫ್ ಅನಾರ್ಕಿ ಎಂಬ ರಾಜಕೀಯ ಕವಿತೆಯನ್ನು ಬರೆದರು; ತಮ್ಮ ಸಮಯದಲ್ಲಿ ಅಧಿಕಾರದ ಅನ್ಯಾಯದ ರೂಪಗಳೆಂದು ಅವರು ಭಾವಿಸಿದ ಚಿತ್ರಣಗಳಿಂದ ಇರು ಆರಂಭವಾಗುತ್ತದೆ—ಮತ್ತು ನಂತರ ಹೊಸ ಪ್ರಕಾರದ ಸಾಮಾಜಿಕ ಕ್ರಮವು ರೂಪುಗೊಳ್ಳುವ ಕಲ್ಪನೆಯನ್ನು ಹೊಂದಿದೆ. ಅಹಿಂಸಾತ್ಮಕ ಪ್ರತಿಭಟನೆಯ ಸಿದ್ಧಾಂತದ ಕುರಿತು ಇದು ಬಹುಶಃ ಮೊದಲನೆಯ ಆಧುನಿಕ[ಅಸ್ಪಷ್ಟ] ಹೇಳಿಕೆಯಾಗಿದೆ. ಲೇಖಕ ಹೆನ್ರಿ ಡೇವಿಡ್ ಥಾರೋ ಅವರು ಸಿವಿಲ್ ಡಿಸೊಬೀಡಿಯೆನ್ಸ್ ಎಂಬ ತನ್ನ ಪ್ರಬಂಧದಲ್ಲಿ ಇದರ ಒಂದು ಆವೃತ್ತಿಯನ್ನು ಅಳವಡಿಸಿಕೊಂಡರು ಮತ್ತು ನಂತರು ಗಾಂಧೀಜಿಯವರು ತಮ್ಮ ಸತ್ಯಾಗ್ರಹದ ಬೋಧನೆಗಳಲ್ಲಿ ಅಳವಡಿಸಿಕೊಂಡರು. ಗಾಂಧೀಜಿಯವರ ಸತ್ಯಾಗ್ರಹವು ಪ್ರತಿಭಟನೆ ಹಾಗೂ ರಾಜಕೀಯ ಕ್ರಮದಲ್ಲಿ ಶೆಲ್ಲಿಯವರ ಅಹಿಂಸೆಯಿಂದ ಆಂಶಿಕವಾಗಿ ಪ್ರಭಾವಿತವಾಗಿತ್ತು ಮತ್ತು ಪ್ರೇರಿತವಾಗಿತ್ತು. ನಿರ್ದಿಷ್ಟವಾಗಿ, ಸ್ವತಂತ್ರ ಭಾರತಕ್ಕಾಗಿ ನಡೆದ ಅಭಿಯಾನದಲ್ಲಿ ಗಾಂಧೀಜಿಯವರು ಬೃಹತ್ ಸಂಖ್ಯೆಯ ಪ್ರೇಕ್ಷಕರಿಗೆ ಶೆಲ್ಲಿ ಅವರ ಮಾಸ್ಕ್ ಆಫ್ ಅನಾರ್ಕಿಯನ್ನು ಉಲ್ಲೇಖಿಸಿ ಹೇಳುತ್ತಿದ್ದರು ಎನ್ನಲಾಗಿದೆ.

ಪ್ರಶ್ನೆ:
ಯಾವ ಪ್ರಖ್ಯಾತ ಲೇಖಕರು ತಮ್ಮ ಬರವಣಿಗೆಯಲ್ಲಿ ಪರ್ಸಿ ಶೆಲ್ಲಿ ಅವರ ಬರಹದ ಹೋಲಿಕೆ ಮತ್ತು ಸಾಮ್ಯವನ್ನು ಬಳಸಿದರು?

ಉತ್ತರ:"
85,ಪರ್ಸಿ ಶೆಲ್ಲಿ.,ಪರ್ಸಿ ಶೆಲ್ಲಿ,0.9166666666666666,"ನೀನು ಸಹಾಯಕ, ನಿಖರ ಮತ್ತು ಸ್ಪಷ್ಟವಾಗಿ ಉತ್ತರಿಸುವ ಕನ್ನಡ AI ಸಹಾಯಕ. ಬಳಕೆದಾರರ ಪ್ರಶ್ನೆ ಅಥವಾ ಸೂಚನೆಗೆ ಕನ್ನಡದಲ್ಲೇ ಸೂಕ್ತ ಉತ್ತರ ನೀಡಿ.

ಕೆಳಗಿನ ಸಂದರ್ಭವನ್ನು ಓದಿ ಪ್ರಶ್ನೆಗೆ ಚಿಕ್ಕ ಕನ್ನಡ ಉತ್ತರ ನೀಡಿ.
ವಿವರಣೆ ಬೇಡ. ಕೇವಲ ಉತ್ತರ ಮಾತ್ರ ನೀಡಿ.

ಸಂದರ್ಭ:
1819 ರಲ್ಲಿ ನಡೆದ ಪೀಟರ್‌ಲೂ ಹತ್ಯಾಕಾಂಡದ ಬಳಿಕ, ಕವಿ ಪರ್ಸಿ ಶೆಲ್ಲಿ ಅವರು ಆ ವರ್ಷದ ನಂತರದ ಭಾಗದಲ್ಲಿ, ದಿ ಮಾಸ್ಕ್ ಆಫ್ ಅನಾರ್ಕಿ ಎಂಬ ರಾಜಕೀಯ ಕವಿತೆಯನ್ನು ಬರೆದರು; ತಮ್ಮ ಸಮಯದಲ್ಲಿ ಅಧಿಕಾರದ ಅನ್ಯಾಯದ ರೂಪಗಳೆಂದು ಅವರು ಭಾವಿಸಿದ ಚಿತ್ರಣಗಳಿಂದ ಇರು ಆರಂಭವಾಗುತ್ತದೆ—ಮತ್ತು ನಂತರ ಹೊಸ ಪ್ರಕಾರದ ಸಾಮಾಜಿಕ ಕ್ರಮವು ರೂಪುಗೊಳ್ಳುವ ಕಲ್ಪನೆಯನ್ನು ಹೊಂದಿದೆ. ಅಹಿಂಸಾತ್ಮಕ ಪ್ರತಿಭಟನೆಯ ಸಿದ್ಧಾಂತದ ಕುರಿತು ಇದು ಬಹುಶಃ ಮೊದಲನೆಯ ಆಧುನಿಕ[ಅಸ್ಪಷ್ಟ] ಹೇಳಿಕೆಯಾಗಿದೆ. ಲೇಖಕ ಹೆನ್ರಿ ಡೇವಿಡ್ ಥಾರೋ ಅವರು ಸಿವಿಲ್ ಡಿಸೊಬೀಡಿಯೆನ್ಸ್ ಎಂಬ ತನ್ನ ಪ್ರಬಂಧದಲ್ಲಿ ಇದರ ಒಂದು ಆವೃತ್ತಿಯನ್ನು ಅಳವಡಿಸಿಕೊಂಡರು ಮತ್ತು ನಂತರು ಗಾಂಧೀಜಿಯವರು ತಮ್ಮ ಸತ್ಯಾಗ್ರಹದ ಬೋಧನೆಗಳಲ್ಲಿ ಅಳವಡಿಸಿಕೊಂಡರು. ಗಾಂಧೀಜಿಯವರ ಸತ್ಯಾಗ್ರಹವು ಪ್ರತಿಭಟನೆ ಹಾಗೂ ರಾಜಕೀಯ ಕ್ರಮದಲ್ಲಿ ಶೆಲ್ಲಿಯವರ ಅಹಿಂಸೆಯಿಂದ ಆಂಶಿಕವಾಗಿ ಪ್ರಭಾವಿತವಾಗಿತ್ತು ಮತ್ತು ಪ್ರೇರಿತವಾಗಿತ್ತು. ನಿರ್ದಿಷ್ಟವಾಗಿ, ಸ್ವತಂತ್ರ ಭಾರತಕ್ಕಾಗಿ ನಡೆದ ಅಭಿಯಾನದಲ್ಲಿ ಗಾಂಧೀಜಿಯವರು ಬೃಹತ್ ಸಂಖ್ಯೆಯ ಪ್ರೇಕ್ಷಕರಿಗೆ ಶೆಲ್ಲಿ ಅವರ ಮಾಸ್ಕ್ ಆಫ್ ಅನಾರ್ಕಿಯನ್ನು ಉಲ್ಲೇಖಿಸಿ ಹೇಳುತ್ತಿದ್ದರು ಎನ್ನಲಾಗಿದೆ.

ಪ್ರಶ್ನೆ:
ದಿ ಮಾಸ್ಕ್ ಆಫ್ ಅನಾರ್ಕಿ ಕವಿತೆಯನ್ನು ಯಾರು ಬರೆದರು?

ಉತ್ತರ:"
86,ರಾಜಪ್ರಭುತ್ವದ ಅನ್ಯಾಯದ ರೂಪಗಳು.,ಅಧಿಕಾರದ ಅನ್ಯಾಯದ ರೂಪಗಳೆಂದು,0.9615384615384616,"ನೀನು ಸಹಾಯಕ, ನಿಖರ ಮತ್ತು ಸ್ಪಷ್ಟವಾಗಿ ಉತ್ತರಿಸುವ ಕನ್ನಡ AI ಸಹಾಯಕ. ಬಳಕೆದಾರರ ಪ್ರಶ್ನೆ ಅಥವಾ ಸೂಚನೆಗೆ ಕನ್ನಡದಲ್ಲೇ ಸೂಕ್ತ ಉತ್ತರ ನೀಡಿ.

ಕೆಳಗಿನ ಸಂದರ್ಭವನ್ನು ಓದಿ ಪ್ರಶ್ನೆಗೆ ಚಿಕ್ಕ ಕನ್ನಡ ಉತ್ತರ ನೀಡಿ.
ವಿವರಣೆ ಬೇಡ. ಕೇವಲ ಉತ್ತರ ಮಾತ್ರ ನೀಡಿ.

ಸಂದರ್ಭ:
1819 ರಲ್ಲಿ ನಡೆದ ಪೀಟರ್‌ಲೂ ಹತ್ಯಾಕಾಂಡದ ಬಳಿಕ, ಕವಿ ಪರ್ಸಿ ಶೆಲ್ಲಿ ಅವರು ಆ ವರ್ಷದ ನಂತರದ ಭಾಗದಲ್ಲಿ, ದಿ ಮಾಸ್ಕ್ ಆಫ್ ಅನಾರ್ಕಿ ಎಂಬ ರಾಜಕೀಯ ಕವಿತೆಯನ್ನು ಬರೆದರು; ತಮ್ಮ ಸಮಯದಲ್ಲಿ ಅಧಿಕಾರದ ಅನ್ಯಾಯದ ರೂಪಗಳೆಂದು ಅವರು ಭಾವಿಸಿದ ಚಿತ್ರಣಗಳಿಂದ ಇರು ಆರಂಭವಾಗುತ್ತದೆ—ಮತ್ತು ನಂತರ ಹೊಸ ಪ್ರಕಾರದ ಸಾಮಾಜಿಕ ಕ್ರಮವು ರೂಪುಗೊಳ್ಳುವ ಕಲ್ಪನೆಯನ್ನು ಹೊಂದಿದೆ. ಅಹಿಂಸಾತ್ಮಕ ಪ್ರತಿಭಟನೆಯ ಸಿದ್ಧಾಂತದ ಕುರಿತು ಇದು ಬಹುಶಃ ಮೊದಲನೆಯ ಆಧುನಿಕ[ಅಸ್ಪಷ್ಟ] ಹೇಳಿಕೆಯಾಗಿದೆ. ಲೇಖಕ ಹೆನ್ರಿ ಡೇವಿಡ್ ಥಾರೋ ಅವರು ಸಿವಿಲ್ ಡಿಸೊಬೀಡಿಯೆನ್ಸ್ ಎಂಬ ತನ್ನ ಪ್ರಬಂಧದಲ್ಲಿ ಇದರ ಒಂದು ಆವೃತ್ತಿಯನ್ನು ಅಳವಡಿಸಿಕೊಂಡರು ಮತ್ತು ನಂತರು ಗಾಂಧೀಜಿಯವರು ತಮ್ಮ ಸತ್ಯಾಗ್ರಹದ ಬೋಧನೆಗಳಲ್ಲಿ ಅಳವಡಿಸಿಕೊಂಡರು. ಗಾಂಧೀಜಿಯವರ ಸತ್ಯಾಗ್ರಹವು ಪ್ರತಿಭಟನೆ ಹಾಗೂ ರಾಜಕೀಯ ಕ್ರಮದಲ್ಲಿ ಶೆಲ್ಲಿಯವರ ಅಹಿಂಸೆಯಿಂದ ಆಂಶಿಕವಾಗಿ ಪ್ರಭಾವಿತವಾಗಿತ್ತು ಮತ್ತು ಪ್ರೇರಿತವಾಗಿತ್ತು. ನಿರ್ದಿಷ್ಟವಾಗಿ, ಸ್ವತಂತ್ರ ಭಾರತಕ್ಕಾಗಿ ನಡೆದ ಅಭಿಯಾನದಲ್ಲಿ ಗಾಂಧೀಜಿಯವರು ಬೃಹತ್ ಸಂಖ್ಯೆಯ ಪ್ರೇಕ್ಷಕರಿಗೆ ಶೆಲ್ಲಿ ಅವರ ಮಾಸ್ಕ್ ಆಫ್ ಅನಾರ್ಕಿಯನ್ನು ಉಲ್ಲೇಖಿಸಿ ಹೇಳುತ್ತಿದ್ದರು ಎನ್ನಲಾಗಿದೆ.

ಪ್ರಶ್ನೆ:
ಯಾವುದರ ವಿರುದ್ಧ ಪ್ರತಿಭಟಿಸಲು ದಿ ಮಾಸ್ಕ್ ಆಫ್ ಅನಾರ್ಕಿಯನ್ನು ಬರೆಯಲಾಯಿತು?

ಉತ್ತರ:"
87,ಅಹಿಂಸಾತ್ಮಕ ಪ್ರತಿಭಟೆಯ ತತ್ವ.,ಅಹಿಂಸಾತ್ಮಕ ಪ್ರತಿಭಟನೆ,0.9583333333333334,"ನೀನು ಸಹಾಯಕ, ನಿಖರ ಮತ್ತು ಸ್ಪಷ್ಟವಾಗಿ ಉತ್ತರಿಸುವ ಕನ್ನಡ AI ಸಹಾಯಕ. ಬಳಕೆದಾರರ ಪ್ರಶ್ನೆ ಅಥವಾ ಸೂಚನೆಗೆ ಕನ್ನಡದಲ್ಲೇ ಸೂಕ್ತ ಉತ್ತರ ನೀಡಿ.

ಕೆಳಗಿನ ಸಂದರ್ಭವನ್ನು ಓದಿ ಪ್ರಶ್ನೆಗೆ ಚಿಕ್ಕ ಕನ್ನಡ ಉತ್ತರ ನೀಡಿ.
ವಿವರಣೆ ಬೇಡ. ಕೇವಲ ಉತ್ತರ ಮಾತ್ರ ನೀಡಿ.

ಸಂದರ್ಭ:
1819 ರಲ್ಲಿ ನಡೆದ ಪೀಟರ್‌ಲೂ ಹತ್ಯಾಕಾಂಡದ ಬಳಿಕ, ಕವಿ ಪರ್ಸಿ ಶೆಲ್ಲಿ ಅವರು ಆ ವರ್ಷದ ನಂತರದ ಭಾಗದಲ್ಲಿ, ದಿ ಮಾಸ್ಕ್ ಆಫ್ ಅನಾರ್ಕಿ ಎಂಬ ರಾಜಕೀಯ ಕವಿತೆಯನ್ನು ಬರೆದರು; ತಮ್ಮ ಸಮಯದಲ್ಲಿ ಅಧಿಕಾರದ ಅನ್ಯಾಯದ ರೂಪಗಳೆಂದು ಅವರು ಭಾವಿಸಿದ ಚಿತ್ರಣಗಳಿಂದ ಇರು ಆರಂಭವಾಗುತ್ತದೆ—ಮತ್ತು ನಂತರ ಹೊಸ ಪ್ರಕಾರದ ಸಾಮಾಜಿಕ ಕ್ರಮವು ರೂಪುಗೊಳ್ಳುವ ಕಲ್ಪನೆಯನ್ನು ಹೊಂದಿದೆ. ಅಹಿಂಸಾತ್ಮಕ ಪ್ರತಿಭಟನೆಯ ಸಿದ್ಧಾಂತದ ಕುರಿತು ಇದು ಬಹುಶಃ ಮೊದಲನೆಯ ಆಧುನಿಕ[ಅಸ್ಪಷ್ಟ] ಹೇಳಿಕೆಯಾಗಿದೆ. ಲೇಖಕ ಹೆನ್ರಿ ಡೇವಿಡ್ ಥಾರೋ ಅವರು ಸಿವಿಲ್ ಡಿಸೊಬೀಡಿಯೆನ್ಸ್ ಎಂಬ ತನ್ನ ಪ್ರಬಂಧದಲ್ಲಿ ಇದರ ಒಂದು ಆವೃತ್ತಿಯನ್ನು ಅಳವಡಿಸಿಕೊಂಡರು ಮತ್ತು ನಂತರು ಗಾಂಧೀಜಿಯವರು ತಮ್ಮ ಸತ್ಯಾಗ್ರಹದ ಬೋಧನೆಗಳಲ್ಲಿ ಅಳವಡಿಸಿಕೊಂಡರು. ಗಾಂಧೀಜಿಯವರ ಸತ್ಯಾಗ್ರಹವು ಪ್ರತಿಭಟನೆ ಹಾಗೂ ರಾಜಕೀಯ ಕ್ರಮದಲ್ಲಿ ಶೆಲ್ಲಿಯವರ ಅಹಿಂಸೆಯಿಂದ ಆಂಶಿಕವಾಗಿ ಪ್ರಭಾವಿತವಾಗಿತ್ತು ಮತ್ತು ಪ್ರೇರಿತವಾಗಿತ್ತು. ನಿರ್ದಿಷ್ಟವಾಗಿ, ಸ್ವತಂತ್ರ ಭಾರತಕ್ಕಾಗಿ ನಡೆದ ಅಭಿಯಾನದಲ್ಲಿ ಗಾಂಧೀಜಿಯವರು ಬೃಹತ್ ಸಂಖ್ಯೆಯ ಪ್ರೇಕ್ಷಕರಿಗೆ ಶೆಲ್ಲಿ ಅವರ ಮಾಸ್ಕ್ ಆಫ್ ಅನಾರ್ಕಿಯನ್ನು ಉಲ್ಲೇಖಿಸಿ ಹೇಳುತ್ತಿದ್ದರು ಎನ್ನಲಾಗಿದೆ.

ಪ್ರಶ್ನೆ:
ದಿ ಮಾಸ್ಕ್ ಆಫ್ ಅನಾರ್ಕಿಯಲ್ಲಿ ಯಾವ ತತ್ವವನ್ನು ತೋರಿಸಲಾಗಿದೆ?

ಉತ್ತರ:"
88,The Moral Basis of the Indian National Movement.,ಸತ್ಯಾಗ್ರಹ,0.0,"ನೀನು ಸಹಾಯಕ, ನಿಖರ ಮತ್ತು ಸ್ಪಷ್ಟವಾಗಿ ಉತ್ತರಿಸುವ ಕನ್ನಡ AI ಸಹಾಯಕ. ಬಳಕೆದಾರರ ಪ್ರಶ್ನೆ ಅಥವಾ ಸೂಚನೆಗೆ ಕನ್ನಡದಲ್ಲೇ ಸೂಕ್ತ ಉತ್ತರ ನೀಡಿ.

ಕೆಳಗಿನ ಸಂದರ್ಭವನ್ನು ಓದಿ ಪ್ರಶ್ನೆಗೆ ಚಿಕ್ಕ ಕನ್ನಡ ಉತ್ತರ ನೀಡಿ.
ವಿವರಣೆ ಬೇಡ. ಕೇವಲ ಉತ್ತರ ಮಾತ್ರ ನೀಡಿ.

ಸಂದರ್ಭ:
1819 ರಲ್ಲಿ ನಡೆದ ಪೀಟರ್‌ಲೂ ಹತ್ಯಾಕಾಂಡದ ಬಳಿಕ, ಕವಿ ಪರ್ಸಿ ಶೆಲ್ಲಿ ಅವರು ಆ ವರ್ಷದ ನಂತರದ ಭಾಗದಲ್ಲಿ, ದಿ ಮಾಸ್ಕ್ ಆಫ್ ಅನಾರ್ಕಿ ಎಂಬ ರಾಜಕೀಯ ಕವಿತೆಯನ್ನು ಬರೆದರು; ತಮ್ಮ ಸಮಯದಲ್ಲಿ ಅಧಿಕಾರದ ಅನ್ಯಾಯದ ರೂಪಗಳೆಂದು ಅವರು ಭಾವಿಸಿದ ಚಿತ್ರಣಗಳಿಂದ ಇರು ಆರಂಭವಾಗುತ್ತದೆ—ಮತ್ತು ನಂತರ ಹೊಸ ಪ್ರಕಾರದ ಸಾಮಾಜಿಕ ಕ್ರಮವು ರೂಪುಗೊಳ್ಳುವ ಕಲ್ಪನೆಯನ್ನು ಹೊಂದಿದೆ. ಅಹಿಂಸಾತ್ಮಕ ಪ್ರತಿಭಟನೆಯ ಸಿದ್ಧಾಂತದ ಕುರಿತು ಇದು ಬಹುಶಃ ಮೊದಲನೆಯ ಆಧುನಿಕ[ಅಸ್ಪಷ್ಟ] ಹೇಳಿಕೆಯಾಗಿದೆ. ಲೇಖಕ ಹೆನ್ರಿ ಡೇವಿಡ್ ಥಾರೋ ಅವರು ಸಿವಿಲ್ ಡಿಸೊಬೀಡಿಯೆನ್ಸ್ ಎಂಬ ತನ್ನ ಪ್ರಬಂಧದಲ್ಲಿ ಇದರ ಒಂದು ಆವೃತ್ತಿಯನ್ನು ಅಳವಡಿಸಿಕೊಂಡರು ಮತ್ತು ನಂತರು ಗಾಂಧೀಜಿಯವರು ತಮ್ಮ ಸತ್ಯಾಗ್ರಹದ ಬೋಧನೆಗಳಲ್ಲಿ ಅಳವಡಿಸಿಕೊಂಡರು. ಗಾಂಧೀಜಿಯವರ ಸತ್ಯಾಗ್ರಹವು ಪ್ರತಿಭಟನೆ ಹಾಗೂ ರಾಜಕೀಯ ಕ್ರಮದಲ್ಲಿ ಶೆಲ್ಲಿಯವರ ಅಹಿಂಸೆಯಿಂದ ಆಂಶಿಕವಾಗಿ ಪ್ರಭಾವಿತವಾಗಿತ್ತು ಮತ್ತು ಪ್ರೇರಿತವಾಗಿತ್ತು. ನಿರ್ದಿಷ್ಟವಾಗಿ, ಸ್ವತಂತ್ರ ಭಾರತಕ್ಕಾಗಿ ನಡೆದ ಅಭಿಯಾನದಲ್ಲಿ ಗಾಂಧೀಜಿಯವರು ಬೃಹತ್ ಸಂಖ್ಯೆಯ ಪ್ರೇಕ್ಷಕರಿಗೆ ಶೆಲ್ಲಿ ಅವರ ಮಾಸ್ಕ್ ಆಫ್ ಅನಾರ್ಕಿಯನ್ನು ಉಲ್ಲೇಖಿಸಿ ಹೇಳುತ್ತಿದ್ದರು ಎನ್ನಲಾಗಿದೆ.

ಪ್ರಶ್ನೆ:
ಗಾಂಧೀಜಿ ಅವರ ಕೃತಿಯ ಹೆಸರೇನು?

ಉತ್ತರ:"
89,ಮಹಾತ್ಮ ಗಾಂಧೀಜಿ.,ಗಾಂಧೀಜಿ,0.9285714285714286,"ನೀನು ಸಹಾಯಕ, ನಿಖರ ಮತ್ತು ಸ್ಪಷ್ಟವಾಗಿ ಉತ್ತರಿಸುವ ಕನ್ನಡ AI ಸಹಾಯಕ. ಬಳಕೆದಾರರ ಪ್ರಶ್ನೆ ಅಥವಾ ಸೂಚನೆಗೆ ಕನ್ನಡದಲ್ಲೇ ಸೂಕ್ತ ಉತ್ತರ ನೀಡಿ.

ಕೆಳಗಿನ ಸಂದರ್ಭವನ್ನು ಓದಿ ಪ್ರಶ್ನೆಗೆ ಚಿಕ್ಕ ಕನ್ನಡ ಉತ್ತರ ನೀಡಿ.
ವಿವರಣೆ ಬೇಡ. ಕೇವಲ ಉತ್ತರ ಮಾತ್ರ ನೀಡಿ.

ಸಂದರ್ಭ:
1819 ರಲ್ಲಿ ನಡೆದ ಪೀಟರ್‌ಲೂ ಹತ್ಯಾಕಾಂಡದ ಬಳಿಕ, ಕವಿ ಪರ್ಸಿ ಶೆಲ್ಲಿ ಅವರು ಆ ವರ್ಷದ ನಂತರದ ಭಾಗದಲ್ಲಿ, ದಿ ಮಾಸ್ಕ್ ಆಫ್ ಅನಾರ್ಕಿ ಎಂಬ ರಾಜಕೀಯ ಕವಿತೆಯನ್ನು ಬರೆದರು; ತಮ್ಮ ಸಮಯದಲ್ಲಿ ಅಧಿಕಾರದ ಅನ್ಯಾಯದ ರೂಪಗಳೆಂದು ಅವರು ಭಾವಿಸಿದ ಚಿತ್ರಣಗಳಿಂದ ಇರು ಆರಂಭವಾಗುತ್ತದೆ—ಮತ್ತು ನಂತರ ಹೊಸ ಪ್ರಕಾರದ ಸಾಮಾಜಿಕ ಕ್ರಮವು ರೂಪುಗೊಳ್ಳುವ ಕಲ್ಪನೆಯನ್ನು ಹೊಂದಿದೆ. ಅಹಿಂಸಾತ್ಮಕ ಪ್ರತಿಭಟನೆಯ ಸಿದ್ಧಾಂತದ ಕುರಿತು ಇದು ಬಹುಶಃ ಮೊದಲನೆಯ ಆಧುನಿಕ[ಅಸ್ಪಷ್ಟ] ಹೇಳಿಕೆಯಾಗಿದೆ. ಲೇಖಕ ಹೆನ್ರಿ ಡೇವಿಡ್ ಥಾರೋ ಅವರು ಸಿವಿಲ್ ಡಿಸೊಬೀಡಿಯೆನ್ಸ್ ಎಂಬ ತನ್ನ ಪ್ರಬಂಧದಲ್ಲಿ ಇದರ ಒಂದು ಆವೃತ್ತಿಯನ್ನು ಅಳವಡಿಸಿಕೊಂಡರು ಮತ್ತು ನಂತರು ಗಾಂಧೀಜಿಯವರು ತಮ್ಮ ಸತ್ಯಾಗ್ರಹದ ಬೋಧನೆಗಳಲ್ಲಿ ಅಳವಡಿಸಿಕೊಂಡರು. ಗಾಂಧೀಜಿಯವರ ಸತ್ಯಾಗ್ರಹವು ಪ್ರತಿಭಟನೆ ಹಾಗೂ ರಾಜಕೀಯ ಕ್ರಮದಲ್ಲಿ ಶೆಲ್ಲಿಯವರ ಅಹಿಂಸೆಯಿಂದ ಆಂಶಿಕವಾಗಿ ಪ್ರಭಾವಿತವಾಗಿತ್ತು ಮತ್ತು ಪ್ರೇರಿತವಾಗಿತ್ತು. ನಿರ್ದಿಷ್ಟವಾಗಿ, ಸ್ವತಂತ್ರ ಭಾರತಕ್ಕಾಗಿ ನಡೆದ ಅಭಿಯಾನದಲ್ಲಿ ಗಾಂಧೀಜಿಯವರು ಬೃಹತ್ ಸಂಖ್ಯೆಯ ಪ್ರೇಕ್ಷಕರಿಗೆ ಶೆಲ್ಲಿ ಅವರ ಮಾಸ್ಕ್ ಆಫ್ ಅನಾರ್ಕಿಯನ್ನು ಉಲ್ಲೇಖಿಸಿ ಹೇಳುತ್ತಿದ್ದರು ಎನ್ನಲಾಗಿದೆ.

ಪ್ರಶ್ನೆ:
ಯಾವ ಪ್ರಖ್ಯಾತ ಭಾರತೀಯ ವ್ಯಕ್ತಿಯು ಸಿವಿಲ್ ಡಿಸೊಬೀಡಿಯೆನ್ಸ್ ಅನ್ನು ಕಾರ್ಯಗತಗೊಳಿಸಿದರು?

ಉತ್ತರ:"
90,Ergänzungsschulen (ಸಹಾಯಕ ಶಾಲೆಗಳು).,Ergänzungsschulen,0.375,"ನೀನು ಸಹಾಯಕ, ನಿಖರ ಮತ್ತು ಸ್ಪಷ್ಟವಾಗಿ ಉತ್ತರಿಸುವ ಕನ್ನಡ AI ಸಹಾಯಕ. ಬಳಕೆದಾರರ ಪ್ರಶ್ನೆ ಅಥವಾ ಸೂಚನೆಗೆ ಕನ್ನಡದಲ್ಲೇ ಸೂಕ್ತ ಉತ್ತರ ನೀಡಿ.

ಕೆಳಗಿನ ಸಂದರ್ಭವನ್ನು ಓದಿ ಪ್ರಶ್ನೆಗೆ ಚಿಕ್ಕ ಕನ್ನಡ ಉತ್ತರ ನೀಡಿ.
ವಿವರಣೆ ಬೇಡ. ಕೇವಲ ಉತ್ತರ ಮಾತ್ರ ನೀಡಿ.

ಸಂದರ್ಭ:
Ergänzungsschulen ಗಳು ಸೆಕೆಂಡರಿ ಅಥವಾ ಸೆಕೆಂಡರಿ-ನಂತರದ (ಟರ್ಷಿಯರಿ ಅಲ್ಲದ) ಶಾಲೆಗಳಾಗಿವೆ, ಇವುಗಳನ್ನು ಖಾಸಗಿ ವ್ಯಕ್ತಿಗಳು, ಖಾಸಗಿ ಸಂಸ್ಥೆಗಳು ಅಥವಾ ಅಪರೂಪವಾಗಿ, ಧಾರ್ಮಿಕ ಸಮೂಹಗಳು ನಡೆಸುತ್ತವೆ ಮತ್ತು ಸಾರ್ವಜನಿಕ ಶಾಲೆಗಳಲ್ಲಿ ಲಭ್ಯವಿಲ್ಲದ ಪ್ರಕಾರದ ಶಿಕ್ಷಣವನ್ನು ಒದಗಿಸುತ್ತವೆ. ಇವುಗಳಲ್ಲಿ ಬಹುತೇಕ ಶಾಲೆಗಳು ವೃತ್ತಿಶಿಕ್ಷಣದ ಶಾಲೆಗಳಾಗಿವೆ. ಆದರೂ, ಈ ವೃತ್ತಿಶಿಕ್ಷಣದ ಶಾಲೆಗಳು ಜರ್ಮನ್ ಡ್ಯುಯಲ್ ಶೈಕ್ಷಣಿಕ ವ್ಯವಸ್ಥೆಯ ಭಾಗವಾಗಿಲ್ಲ. Ergänzungsschulen ಗಳು ಸರಕಾರಿ ನಿಯಂತ್ರಣದ ಹೊರತಾಗಿ ಕಾರ್ಯನಿರ್ವಹಿಸುವ ಅಧಿಕಾರವನ್ನು ಹೊಂದಿವೆ ಮತ್ತು ತಮ್ಮ ವಿದ್ಯಾರ್ಥಿಗಳಿಗೆ ಟ್ಯೂಶನ್ ಶುಲ್ಕವನ್ನು ವಿಧಿಸುವ ಮೂಲಕವೇ ಸಂಪೂರ್ಣವಾಗಿ ಧನಸಹಾಯ ಪಡೆಯುತ್ತವೆ.

ಪ್ರಶ್ನೆ:
ಜರ್ಮನಿಯಲ್ಲಿ ಖಾಸಗಿ ಸೆಕೆಂಡರಿ ಶಾಲೆಗಳನ್ನು ಏನೆಂದು ಕರೆಯಲಾಗುತ್ತದೆ?

ಉತ್ತರ:"
91,ವೃತ್ತಿಪರ ಅಥವಾ ತಾಂತ್ರಿಕ ಶಾಲೆಗಳು.,ವೃತ್ತಿಶಿಕ್ಷಣ,0.9642857142857143,"ನೀನು ಸಹಾಯಕ, ನಿಖರ ಮತ್ತು ಸ್ಪಷ್ಟವಾಗಿ ಉತ್ತರಿಸುವ ಕನ್ನಡ AI ಸಹಾಯಕ. ಬಳಕೆದಾರರ ಪ್ರಶ್ನೆ ಅಥವಾ ಸೂಚನೆಗೆ ಕನ್ನಡದಲ್ಲೇ ಸೂಕ್ತ ಉತ್ತರ ನೀಡಿ.

ಕೆಳಗಿನ ಸಂದರ್ಭವನ್ನು ಓದಿ ಪ್ರಶ್ನೆಗೆ ಚಿಕ್ಕ ಕನ್ನಡ ಉತ್ತರ ನೀಡಿ.
ವಿವರಣೆ ಬೇಡ. ಕೇವಲ ಉತ್ತರ ಮಾತ್ರ ನೀಡಿ.

ಸಂದರ್ಭ:
Ergänzungsschulen ಗಳು ಸೆಕೆಂಡರಿ ಅಥವಾ ಸೆಕೆಂಡರಿ-ನಂತರದ (ಟರ್ಷಿಯರಿ ಅಲ್ಲದ) ಶಾಲೆಗಳಾಗಿವೆ, ಇವುಗಳನ್ನು ಖಾಸಗಿ ವ್ಯಕ್ತಿಗಳು, ಖಾಸಗಿ ಸಂಸ್ಥೆಗಳು ಅಥವಾ ಅಪರೂಪವಾಗಿ, ಧಾರ್ಮಿಕ ಸಮೂಹಗಳು ನಡೆಸುತ್ತವೆ ಮತ್ತು ಸಾರ್ವಜನಿಕ ಶಾಲೆಗಳಲ್ಲಿ ಲಭ್ಯವಿಲ್ಲದ ಪ್ರಕಾರದ ಶಿಕ್ಷಣವನ್ನು ಒದಗಿಸುತ್ತವೆ. ಇವುಗಳಲ್ಲಿ ಬಹುತೇಕ ಶಾಲೆಗಳು ವೃತ್ತಿಶಿಕ್ಷಣದ ಶಾಲೆಗಳಾಗಿವೆ. ಆದರೂ, ಈ ವೃತ್ತಿಶಿಕ್ಷಣದ ಶಾಲೆಗಳು ಜರ್ಮನ್ ಡ್ಯುಯಲ್ ಶೈಕ್ಷಣಿಕ ವ್ಯವಸ್ಥೆಯ ಭಾಗವಾಗಿಲ್ಲ. Ergänzungsschulen ಗಳು ಸರಕಾರಿ ನಿಯಂತ್ರಣದ ಹೊರತಾಗಿ ಕಾರ್ಯನಿರ್ವಹಿಸುವ ಅಧಿಕಾರವನ್ನು ಹೊಂದಿವೆ ಮತ್ತು ತಮ್ಮ ವಿದ್ಯಾರ್ಥಿಗಳಿಗೆ ಟ್ಯೂಶನ್ ಶುಲ್ಕವನ್ನು ವಿಧಿಸುವ ಮೂಲಕವೇ ಸಂಪೂರ್ಣವಾಗಿ ಧನಸಹಾಯ ಪಡೆಯುತ್ತವೆ.

ಪ್ರಶ್ನೆ:
ಯಾವ ರೀತಿಯ ಶಾಲೆಗಳು ಹೆಚ್ಚಾಗಿ ergänzungsschulen ಆಗಿರುತ್ತವೆ?

ಉತ್ತರ:"
92,ವಿದ್ಯಾರ್ಥಿಗಳಿಗೆ ಟ್ಯೂಶನ್ ಶುಲ್ಕ ವಿಧಿಸುವ ಮೂಲಕ.,ಟ್ಯೂಶನ್,0.9743589743589743,"ನೀನು ಸಹಾಯಕ, ನಿಖರ ಮತ್ತು ಸ್ಪಷ್ಟವಾಗಿ ಉತ್ತರಿಸುವ ಕನ್ನಡ AI ಸಹಾಯಕ. ಬಳಕೆದಾರರ ಪ್ರಶ್ನೆ ಅಥವಾ ಸೂಚನೆಗೆ ಕನ್ನಡದಲ್ಲೇ ಸೂಕ್ತ ಉತ್ತರ ನೀಡಿ.

ಕೆಳಗಿನ ಸಂದರ್ಭವನ್ನು ಓದಿ ಪ್ರಶ್ನೆಗೆ ಚಿಕ್ಕ ಕನ್ನಡ ಉತ್ತರ ನೀಡಿ.
ವಿವರಣೆ ಬೇಡ. ಕೇವಲ ಉತ್ತರ ಮಾತ್ರ ನೀಡಿ.

ಸಂದರ್ಭ:
Ergänzungsschulen ಗಳು ಸೆಕೆಂಡರಿ ಅಥವಾ ಸೆಕೆಂಡರಿ-ನಂತರದ (ಟರ್ಷಿಯರಿ ಅಲ್ಲದ) ಶಾಲೆಗಳಾಗಿವೆ, ಇವುಗಳನ್ನು ಖಾಸಗಿ ವ್ಯಕ್ತಿಗಳು, ಖಾಸಗಿ ಸಂಸ್ಥೆಗಳು ಅಥವಾ ಅಪರೂಪವಾಗಿ, ಧಾರ್ಮಿಕ ಸಮೂಹಗಳು ನಡೆಸುತ್ತವೆ ಮತ್ತು ಸಾರ್ವಜನಿಕ ಶಾಲೆಗಳಲ್ಲಿ ಲಭ್ಯವಿಲ್ಲದ ಪ್ರಕಾರದ ಶಿಕ್ಷಣವನ್ನು ಒದಗಿಸುತ್ತವೆ. ಇವುಗಳಲ್ಲಿ ಬಹುತೇಕ ಶಾಲೆಗಳು ವೃತ್ತಿಶಿಕ್ಷಣದ ಶಾಲೆಗಳಾಗಿವೆ. ಆದರೂ, ಈ ವೃತ್ತಿಶಿಕ್ಷಣದ ಶಾಲೆಗಳು ಜರ್ಮನ್ ಡ್ಯುಯಲ್ ಶೈಕ್ಷಣಿಕ ವ್ಯವಸ್ಥೆಯ ಭಾಗವಾಗಿಲ್ಲ. Ergänzungsschulen ಗಳು ಸರಕಾರಿ ನಿಯಂತ್ರಣದ ಹೊರತಾಗಿ ಕಾರ್ಯನಿರ್ವಹಿಸುವ ಅಧಿಕಾರವನ್ನು ಹೊಂದಿವೆ ಮತ್ತು ತಮ್ಮ ವಿದ್ಯಾರ್ಥಿಗಳಿಗೆ ಟ್ಯೂಶನ್ ಶುಲ್ಕವನ್ನು ವಿಧಿಸುವ ಮೂಲಕವೇ ಸಂಪೂರ್ಣವಾಗಿ ಧನಸಹಾಯ ಪಡೆಯುತ್ತವೆ.

ಪ್ರಶ್ನೆ:
ergänzungsschulen ಗಳಿಗೆ ಧನಸಹಾಯ ಹೇಗೆ ಸಿಗುತ್ತದೆ?

ಉತ್ತರ:"
93,"ಧಾರ್ಮಿಕ ಸಮೂಹಗಳು (ಉದಾಹರಣೆಗೆ, Catholic Church).",ಧಾರ್ಮಿಕ,0.5609756097560976,"ನೀನು ಸಹಾಯಕ, ನಿಖರ ಮತ್ತು ಸ್ಪಷ್ಟವಾಗಿ ಉತ್ತರಿಸುವ ಕನ್ನಡ AI ಸಹಾಯಕ. ಬಳಕೆದಾರರ ಪ್ರಶ್ನೆ ಅಥವಾ ಸೂಚನೆಗೆ ಕನ್ನಡದಲ್ಲೇ ಸೂಕ್ತ ಉತ್ತರ ನೀಡಿ.

ಕೆಳಗಿನ ಸಂದರ್ಭವನ್ನು ಓದಿ ಪ್ರಶ್ನೆಗೆ ಚಿಕ್ಕ ಕನ್ನಡ ಉತ್ತರ ನೀಡಿ.
ವಿವರಣೆ ಬೇಡ. ಕೇವಲ ಉತ್ತರ ಮಾತ್ರ ನೀಡಿ.

ಸಂದರ್ಭ:
Ergänzungsschulen ಗಳು ಸೆಕೆಂಡರಿ ಅಥವಾ ಸೆಕೆಂಡರಿ-ನಂತರದ (ಟರ್ಷಿಯರಿ ಅಲ್ಲದ) ಶಾಲೆಗಳಾಗಿವೆ, ಇವುಗಳನ್ನು ಖಾಸಗಿ ವ್ಯಕ್ತಿಗಳು, ಖಾಸಗಿ ಸಂಸ್ಥೆಗಳು ಅಥವಾ ಅಪರೂಪವಾಗಿ, ಧಾರ್ಮಿಕ ಸಮೂಹಗಳು ನಡೆಸುತ್ತವೆ ಮತ್ತು ಸಾರ್ವಜನಿಕ ಶಾಲೆಗಳಲ್ಲಿ ಲಭ್ಯವಿಲ್ಲದ ಪ್ರಕಾರದ ಶಿಕ್ಷಣವನ್ನು ಒದಗಿಸುತ್ತವೆ. ಇವುಗಳಲ್ಲಿ ಬಹುತೇಕ ಶಾಲೆಗಳು ವೃತ್ತಿಶಿಕ್ಷಣದ ಶಾಲೆಗಳಾಗಿವೆ. ಆದರೂ, ಈ ವೃತ್ತಿಶಿಕ್ಷಣದ ಶಾಲೆಗಳು ಜರ್ಮನ್ ಡ್ಯುಯಲ್ ಶೈಕ್ಷಣಿಕ ವ್ಯವಸ್ಥೆಯ ಭಾಗವಾಗಿಲ್ಲ. Ergänzungsschulen ಗಳು ಸರಕಾರಿ ನಿಯಂತ್ರಣದ ಹೊರತಾಗಿ ಕಾರ್ಯನಿರ್ವಹಿಸುವ ಅಧಿಕಾರವನ್ನು ಹೊಂದಿವೆ ಮತ್ತು ತಮ್ಮ ವಿದ್ಯಾರ್ಥಿಗಳಿಗೆ ಟ್ಯೂಶನ್ ಶುಲ್ಕವನ್ನು ವಿಧಿಸುವ ಮೂಲಕವೇ ಸಂಪೂರ್ಣವಾಗಿ ಧನಸಹಾಯ ಪಡೆಯುತ್ತವೆ.

ಪ್ರಶ್ನೆ:
ಖಾಸಗಿ ವ್ಯಕ್ತಿಗಳು ಹಾಗೂ ಸಂಸ್ಥೆಗಳೊಂದಿಗೆ, ಯಾವ ಸಮೂಹಗಳು ಕೆಲವೊಮ್ಮೆ ergänzungsschulen ನಡೆಸುತ್ತವೆ?

ಉತ್ತರ:"
94,ಜ್ಯಾಕ್ಸನ್‌ವಿಲ್ಲೆ.,ಜ್ಯಾಕ್ಸನ್‌ವಿಲ್ಲೆ,0.8823529411764706,"ನೀನು ಸಹಾಯಕ, ನಿಖರ ಮತ್ತು ಸ್ಪಷ್ಟವಾಗಿ ಉತ್ತರಿಸುವ ಕನ್ನಡ AI ಸಹಾಯಕ. ಬಳಕೆದಾರರ ಪ್ರಶ್ನೆ ಅಥವಾ ಸೂಚನೆಗೆ ಕನ್ನಡದಲ್ಲೇ ಸೂಕ್ತ ಉತ್ತರ ನೀಡಿ.

ಕೆಳಗಿನ ಸಂದರ್ಭವನ್ನು ಓದಿ ಪ್ರಶ್ನೆಗೆ ಚಿಕ್ಕ ಕನ್ನಡ ಉತ್ತರ ನೀಡಿ.
ವಿವರಣೆ ಬೇಡ. ಕೇವಲ ಉತ್ತರ ಮಾತ್ರ ನೀಡಿ.

ಸಂದರ್ಭ:
ಯು.ಎಸ್‌ನ ಫ್ಲೋರಿಡಾ ರಾಜ್ಯದಲ್ಲಿ ಜ್ಯಾಕ್ಸನ್‌ವಿಲ್ಲೆಯು ಜನಸಂಖ್ಯೆಯ ಪ್ರಕಾರ ಅತ್ಯಂತ ದೊಡ್ಡ ನಗರವಾಗಿದೆ ಮತ್ತು ಹೊಂದಿಕೊಂಡಿರುವ ಯುನೈಟೆಡ್ ಸ್ಟೇಟ್ಸ್‌ನಲ್ಲಿ ವಿಸ್ತೀರ್ಣದ ಪ್ರಕಾರ ಅತ್ಯಂತ ದೊಡ್ಡ ನಗರವಾಗಿದೆ. ನಗರ ಸರಕಾರವು 1968 ರಲ್ಲಿ ಏಕೀಕೃತಗೊಳಿಸಿದ ಡುವಾಲ್ ಕೌಂಟಿಯ ಕೌಂಟಿ ಸೀಟ್ ಇದಾಗಿದೆ. ಏಕೀಕರಣವು ಜ್ಯಾಕ್ಸನ್‌ವಿಲ್ಲೆಗೆ ಈ ದೊಡ್ಡ ಗಾತ್ರವನ್ನು ಒದಗಿಸಿದೆ ಮತ್ತು ಅದರ ಬಹುತೇಕ ಮೆಟ್ರೋಪಾಲಿಟನ್ ಜನಸಂಖ್ಯೆಯನ್ನು ನಗರದ ಮಿತಿಗಳ ಒಳಗೆ ಇರಿಸಿದೆ; 2014 ರಲ್ಲಿ ಅಂದಾಜು 853,382 ಜನಸಂಖ್ಯೆಯೊಂದಿಗೆ, ಇದು ಫ್ಲೋರಿಡಾ ಹಾಗೂ ದಕ್ಷಿಣಪೂರ್ವದಲ್ಲಿ ಅತ್ಯಂತ ಹೆಚ್ಚು ಜನಸಂಖ್ಯೆಯುಳ್ಳ ನಗರವಾಗಿದೆ ಮತ್ತು ಯುನೈಟೆಡ್ ಸ್ಟೇಟ್ಸ್‌ನಲ್ಲಿ ಅತ್ಯಂತ ಹೆಚ್ಚು ಜನಸಂಖ್ಯೆಯುಳ್ಳ 12ನೇ ನಗರವಾಗಿದೆ. 2010 ರಲ್ಲಿ 1,345,596 ಜನಸಂಖ್ಯೆಯೊಂದಿಗೆ ಜ್ಯಾಕ್ಸನ್‌ವಿಲ್ಲೆ ಮೆಟ್ರೋಪಾಲಿಟನ್ ಪ್ರದೇಶದಲ್ಲಿ ಜ್ಯಾಕ್ಸನ್‌ವಿಲ್ಲೆಯು ಪ್ರಮುಖ ನಗರವಾಗಿದೆ.

ಪ್ರಶ್ನೆ:
ಫ್ಲೋರಿಡಾದ ಯಾವ ನಗರವು ಅತ್ಯಂತ ಹೆಚ್ಚು ಜನಸಂಖ್ಯೆಯನ್ನು ಹೊಂದಿದೆ?

ಉತ್ತರ:"
95,"1,345,596.","1,345,596",0.0,"ನೀನು ಸಹಾಯಕ, ನಿಖರ ಮತ್ತು ಸ್ಪಷ್ಟವಾಗಿ ಉತ್ತರಿಸುವ ಕನ್ನಡ AI ಸಹಾಯಕ. ಬಳಕೆದಾರರ ಪ್ರಶ್ನೆ ಅಥವಾ ಸೂಚನೆಗೆ ಕನ್ನಡದಲ್ಲೇ ಸೂಕ್ತ ಉತ್ತರ ನೀಡಿ.

ಕೆಳಗಿನ ಸಂದರ್ಭವನ್ನು ಓದಿ ಪ್ರಶ್ನೆಗೆ ಚಿಕ್ಕ ಕನ್ನಡ ಉತ್ತರ ನೀಡಿ.
ವಿವರಣೆ ಬೇಡ. ಕೇವಲ ಉತ್ತರ ಮಾತ್ರ ನೀಡಿ.

ಸಂದರ್ಭ:
ಯು.ಎಸ್‌ನ ಫ್ಲೋರಿಡಾ ರಾಜ್ಯದಲ್ಲಿ ಜ್ಯಾಕ್ಸನ್‌ವಿಲ್ಲೆಯು ಜನಸಂಖ್ಯೆಯ ಪ್ರಕಾರ ಅತ್ಯಂತ ದೊಡ್ಡ ನಗರವಾಗಿದೆ ಮತ್ತು ಹೊಂದಿಕೊಂಡಿರುವ ಯುನೈಟೆಡ್ ಸ್ಟೇಟ್ಸ್‌ನಲ್ಲಿ ವಿಸ್ತೀರ್ಣದ ಪ್ರಕಾರ ಅತ್ಯಂತ ದೊಡ್ಡ ನಗರವಾಗಿದೆ. ನಗರ ಸರಕಾರವು 1968 ರಲ್ಲಿ ಏಕೀಕೃತಗೊಳಿಸಿದ ಡುವಾಲ್ ಕೌಂಟಿಯ ಕೌಂಟಿ ಸೀಟ್ ಇದಾಗಿದೆ. ಏಕೀಕರಣವು ಜ್ಯಾಕ್ಸನ್‌ವಿಲ್ಲೆಗೆ ಈ ದೊಡ್ಡ ಗಾತ್ರವನ್ನು ಒದಗಿಸಿದೆ ಮತ್ತು ಅದರ ಬಹುತೇಕ ಮೆಟ್ರೋಪಾಲಿಟನ್ ಜನಸಂಖ್ಯೆಯನ್ನು ನಗರದ ಮಿತಿಗಳ ಒಳಗೆ ಇರಿಸಿದೆ; 2014 ರಲ್ಲಿ ಅಂದಾಜು 853,382 ಜನಸಂಖ್ಯೆಯೊಂದಿಗೆ, ಇದು ಫ್ಲೋರಿಡಾ ಹಾಗೂ ದಕ್ಷಿಣಪೂರ್ವದಲ್ಲಿ ಅತ್ಯಂತ ಹೆಚ್ಚು ಜನಸಂಖ್ಯೆಯುಳ್ಳ ನಗರವಾಗಿದೆ ಮತ್ತು ಯುನೈಟೆಡ್ ಸ್ಟೇಟ್ಸ್‌ನಲ್ಲಿ ಅತ್ಯಂತ ಹೆಚ್ಚು ಜನಸಂಖ್ಯೆಯುಳ್ಳ 12ನೇ ನಗರವಾಗಿದೆ. 2010 ರಲ್ಲಿ 1,345,596 ಜನಸಂಖ್ಯೆಯೊಂದಿಗೆ ಜ್ಯಾಕ್ಸನ್‌ವಿಲ್ಲೆ ಮೆಟ್ರೋಪಾಲಿಟನ್ ಪ್ರದೇಶದಲ್ಲಿ ಜ್ಯಾಕ್ಸನ್‌ವಿಲ್ಲೆಯು ಪ್ರಮುಖ ನಗರವಾಗಿದೆ.

ಪ್ರಶ್ನೆ:
2010 ರಲ್ಲಿ ಜ್ಯಾಕ್ಸನ್‌ವಿಲ್ಲೆ ನಗರದ ಜನಸಂಖ್ಯೆ ಎಷ್ಟಿತ್ತು?

ಉತ್ತರ:"
96,12ನೇ ರ‍್ಯಾಂಕಿಂಗ್.,12ನೇ,0.75,"ನೀನು ಸಹಾಯಕ, ನಿಖರ ಮತ್ತು ಸ್ಪಷ್ಟವಾಗಿ ಉತ್ತರಿಸುವ ಕನ್ನಡ AI ಸಹಾಯಕ. ಬಳಕೆದಾರರ ಪ್ರಶ್ನೆ ಅಥವಾ ಸೂಚನೆಗೆ ಕನ್ನಡದಲ್ಲೇ ಸೂಕ್ತ ಉತ್ತರ ನೀಡಿ.

ಕೆಳಗಿನ ಸಂದರ್ಭವನ್ನು ಓದಿ ಪ್ರಶ್ನೆಗೆ ಚಿಕ್ಕ ಕನ್ನಡ ಉತ್ತರ ನೀಡಿ.
ವಿವರಣೆ ಬೇಡ. ಕೇವಲ ಉತ್ತರ ಮಾತ್ರ ನೀಡಿ.

ಸಂದರ್ಭ:
ಯು.ಎಸ್‌ನ ಫ್ಲೋರಿಡಾ ರಾಜ್ಯದಲ್ಲಿ ಜ್ಯಾಕ್ಸನ್‌ವಿಲ್ಲೆಯು ಜನಸಂಖ್ಯೆಯ ಪ್ರಕಾರ ಅತ್ಯಂತ ದೊಡ್ಡ ನಗರವಾಗಿದೆ ಮತ್ತು ಹೊಂದಿಕೊಂಡಿರುವ ಯುನೈಟೆಡ್ ಸ್ಟೇಟ್ಸ್‌ನಲ್ಲಿ ವಿಸ್ತೀರ್ಣದ ಪ್ರಕಾರ ಅತ್ಯಂತ ದೊಡ್ಡ ನಗರವಾಗಿದೆ. ನಗರ ಸರಕಾರವು 1968 ರಲ್ಲಿ ಏಕೀಕೃತಗೊಳಿಸಿದ ಡುವಾಲ್ ಕೌಂಟಿಯ ಕೌಂಟಿ ಸೀಟ್ ಇದಾಗಿದೆ. ಏಕೀಕರಣವು ಜ್ಯಾಕ್ಸನ್‌ವಿಲ್ಲೆಗೆ ಈ ದೊಡ್ಡ ಗಾತ್ರವನ್ನು ಒದಗಿಸಿದೆ ಮತ್ತು ಅದರ ಬಹುತೇಕ ಮೆಟ್ರೋಪಾಲಿಟನ್ ಜನಸಂಖ್ಯೆಯನ್ನು ನಗರದ ಮಿತಿಗಳ ಒಳಗೆ ಇರಿಸಿದೆ; 2014 ರಲ್ಲಿ ಅಂದಾಜು 853,382 ಜನಸಂಖ್ಯೆಯೊಂದಿಗೆ, ಇದು ಫ್ಲೋರಿಡಾ ಹಾಗೂ ದಕ್ಷಿಣಪೂರ್ವದಲ್ಲಿ ಅತ್ಯಂತ ಹೆಚ್ಚು ಜನಸಂಖ್ಯೆಯುಳ್ಳ ನಗರವಾಗಿದೆ ಮತ್ತು ಯುನೈಟೆಡ್ ಸ್ಟೇಟ್ಸ್‌ನಲ್ಲಿ ಅತ್ಯಂತ ಹೆಚ್ಚು ಜನಸಂಖ್ಯೆಯುಳ್ಳ 12ನೇ ನಗರವಾಗಿದೆ. 2010 ರಲ್ಲಿ 1,345,596 ಜನಸಂಖ್ಯೆಯೊಂದಿಗೆ ಜ್ಯಾಕ್ಸನ್‌ವಿಲ್ಲೆ ಮೆಟ್ರೋಪಾಲಿಟನ್ ಪ್ರದೇಶದಲ್ಲಿ ಜ್ಯಾಕ್ಸನ್‌ವಿಲ್ಲೆಯು ಪ್ರಮುಖ ನಗರವಾಗಿದೆ.

ಪ್ರಶ್ನೆ:
ಕೇವಲ ಜನಸಂಖ್ಯೆಯನ್ನು ಆಧರಿಸಿ, ಯುನೈಟೆಡ್ ಸ್ಟೇಟ್ಸ್‌ನಲ್ಲಿ ಜ್ಯಾಕ್ಸನ್‌ವಿಲ್ಲೆ ಎಷ್ಟನೆಯ ರ‍್ಯಾಂಕಿಂಗ್ ಹೊಂದಿದೆ?

ಉತ್ತರ:"
97,ಜ್ಯಾಕ್ಸನ್‌ವಿಲ್ಲೆಯು ಫ್ಲೋರಿಡಾ ಕೌಂಟಿಯಲ್ಲಿದೆ.,ಡುವಾಲ್ ಕೌಂಟಿ,0.9487179487179487,"ನೀನು ಸಹಾಯಕ, ನಿಖರ ಮತ್ತು ಸ್ಪಷ್ಟವಾಗಿ ಉತ್ತರಿಸುವ ಕನ್ನಡ AI ಸಹಾಯಕ. ಬಳಕೆದಾರರ ಪ್ರಶ್ನೆ ಅಥವಾ ಸೂಚನೆಗೆ ಕನ್ನಡದಲ್ಲೇ ಸೂಕ್ತ ಉತ್ತರ ನೀಡಿ.

ಕೆಳಗಿನ ಸಂದರ್ಭವನ್ನು ಓದಿ ಪ್ರಶ್ನೆಗೆ ಚಿಕ್ಕ ಕನ್ನಡ ಉತ್ತರ ನೀಡಿ.
ವಿವರಣೆ ಬೇಡ. ಕೇವಲ ಉತ್ತರ ಮಾತ್ರ ನೀಡಿ.

ಸಂದರ್ಭ:
ಯು.ಎಸ್‌ನ ಫ್ಲೋರಿಡಾ ರಾಜ್ಯದಲ್ಲಿ ಜ್ಯಾಕ್ಸನ್‌ವಿಲ್ಲೆಯು ಜನಸಂಖ್ಯೆಯ ಪ್ರಕಾರ ಅತ್ಯಂತ ದೊಡ್ಡ ನಗರವಾಗಿದೆ ಮತ್ತು ಹೊಂದಿಕೊಂಡಿರುವ ಯುನೈಟೆಡ್ ಸ್ಟೇಟ್ಸ್‌ನಲ್ಲಿ ವಿಸ್ತೀರ್ಣದ ಪ್ರಕಾರ ಅತ್ಯಂತ ದೊಡ್ಡ ನಗರವಾಗಿದೆ. ನಗರ ಸರಕಾರವು 1968 ರಲ್ಲಿ ಏಕೀಕೃತಗೊಳಿಸಿದ ಡುವಾಲ್ ಕೌಂಟಿಯ ಕೌಂಟಿ ಸೀಟ್ ಇದಾಗಿದೆ. ಏಕೀಕರಣವು ಜ್ಯಾಕ್ಸನ್‌ವಿಲ್ಲೆಗೆ ಈ ದೊಡ್ಡ ಗಾತ್ರವನ್ನು ಒದಗಿಸಿದೆ ಮತ್ತು ಅದರ ಬಹುತೇಕ ಮೆಟ್ರೋಪಾಲಿಟನ್ ಜನಸಂಖ್ಯೆಯನ್ನು ನಗರದ ಮಿತಿಗಳ ಒಳಗೆ ಇರಿಸಿದೆ; 2014 ರಲ್ಲಿ ಅಂದಾಜು 853,382 ಜನಸಂಖ್ಯೆಯೊಂದಿಗೆ, ಇದು ಫ್ಲೋರಿಡಾ ಹಾಗೂ ದಕ್ಷಿಣಪೂರ್ವದಲ್ಲಿ ಅತ್ಯಂತ ಹೆಚ್ಚು ಜನಸಂಖ್ಯೆಯುಳ್ಳ ನಗರವಾಗಿದೆ ಮತ್ತು ಯುನೈಟೆಡ್ ಸ್ಟೇಟ್ಸ್‌ನಲ್ಲಿ ಅತ್ಯಂತ ಹೆಚ್ಚು ಜನಸಂಖ್ಯೆಯುಳ್ಳ 12ನೇ ನಗರವಾಗಿದೆ. 2010 ರಲ್ಲಿ 1,345,596 ಜನಸಂಖ್ಯೆಯೊಂದಿಗೆ ಜ್ಯಾಕ್ಸನ್‌ವಿಲ್ಲೆ ಮೆಟ್ರೋಪಾಲಿಟನ್ ಪ್ರದೇಶದಲ್ಲಿ ಜ್ಯಾಕ್ಸನ್‌ವಿಲ್ಲೆಯು ಪ್ರಮುಖ ನಗರವಾಗಿದೆ.

ಪ್ರಶ್ನೆ:
ಜ್ಯಾಕ್ಸನ್‌ವಿಲ್ಲೆ ಯಾವ ಕೌಂಟಿಯಲ್ಲಿದೆ?

ಉತ್ತರ:"
98,1968.,1968,0.0,"ನೀನು ಸಹಾಯಕ, ನಿಖರ ಮತ್ತು ಸ್ಪಷ್ಟವಾಗಿ ಉತ್ತರಿಸುವ ಕನ್ನಡ AI ಸಹಾಯಕ. ಬಳಕೆದಾರರ ಪ್ರಶ್ನೆ ಅಥವಾ ಸೂಚನೆಗೆ ಕನ್ನಡದಲ್ಲೇ ಸೂಕ್ತ ಉತ್ತರ ನೀಡಿ.

ಕೆಳಗಿನ ಸಂದರ್ಭವನ್ನು ಓದಿ ಪ್ರಶ್ನೆಗೆ ಚಿಕ್ಕ ಕನ್ನಡ ಉತ್ತರ ನೀಡಿ.
ವಿವರಣೆ ಬೇಡ. ಕೇವಲ ಉತ್ತರ ಮಾತ್ರ ನೀಡಿ.

ಸಂದರ್ಭ:
ಯು.ಎಸ್‌ನ ಫ್ಲೋರಿಡಾ ರಾಜ್ಯದಲ್ಲಿ ಜ್ಯಾಕ್ಸನ್‌ವಿಲ್ಲೆಯು ಜನಸಂಖ್ಯೆಯ ಪ್ರಕಾರ ಅತ್ಯಂತ ದೊಡ್ಡ ನಗರವಾಗಿದೆ ಮತ್ತು ಹೊಂದಿಕೊಂಡಿರುವ ಯುನೈಟೆಡ್ ಸ್ಟೇಟ್ಸ್‌ನಲ್ಲಿ ವಿಸ್ತೀರ್ಣದ ಪ್ರಕಾರ ಅತ್ಯಂತ ದೊಡ್ಡ ನಗರವಾಗಿದೆ. ನಗರ ಸರಕಾರವು 1968 ರಲ್ಲಿ ಏಕೀಕೃತಗೊಳಿಸಿದ ಡುವಾಲ್ ಕೌಂಟಿಯ ಕೌಂಟಿ ಸೀಟ್ ಇದಾಗಿದೆ. ಏಕೀಕರಣವು ಜ್ಯಾಕ್ಸನ್‌ವಿಲ್ಲೆಗೆ ಈ ದೊಡ್ಡ ಗಾತ್ರವನ್ನು ಒದಗಿಸಿದೆ ಮತ್ತು ಅದರ ಬಹುತೇಕ ಮೆಟ್ರೋಪಾಲಿಟನ್ ಜನಸಂಖ್ಯೆಯನ್ನು ನಗರದ ಮಿತಿಗಳ ಒಳಗೆ ಇರಿಸಿದೆ; 2014 ರಲ್ಲಿ ಅಂದಾಜು 853,382 ಜನಸಂಖ್ಯೆಯೊಂದಿಗೆ, ಇದು ಫ್ಲೋರಿಡಾ ಹಾಗೂ ದಕ್ಷಿಣಪೂರ್ವದಲ್ಲಿ ಅತ್ಯಂತ ಹೆಚ್ಚು ಜನಸಂಖ್ಯೆಯುಳ್ಳ ನಗರವಾಗಿದೆ ಮತ್ತು ಯುನೈಟೆಡ್ ಸ್ಟೇಟ್ಸ್‌ನಲ್ಲಿ ಅತ್ಯಂತ ಹೆಚ್ಚು ಜನಸಂಖ್ಯೆಯುಳ್ಳ 12ನೇ ನಗರವಾಗಿದೆ. 2010 ರಲ್ಲಿ 1,345,596 ಜನಸಂಖ್ಯೆಯೊಂದಿಗೆ ಜ್ಯಾಕ್ಸನ್‌ವಿಲ್ಲೆ ಮೆಟ್ರೋಪಾಲಿಟನ್ ಪ್ರದೇಶದಲ್ಲಿ ಜ್ಯಾಕ್ಸನ್‌ವಿಲ್ಲೆಯು ಪ್ರಮುಖ ನಗರವಾಗಿದೆ.

ಪ್ರಶ್ನೆ:
ಯಾವ ಇಸವಿಯಲ್ಲಿನ ಏಕೀಕರಣದಿಂದಾಗಿ ಜ್ಯಾಕ್ಸನ್‌ವಿಲ್ಲೆಯು ಡುವಾಲ್ ಕೌಂಟಿಯ ಭಾಗವಾಯಿತು?

ಉತ್ತರ:"
99,ಡಾಕ್ಟರ್ ಹೂ 10 ಬಾರಿ ಏಕಾಂಗಿಯಾಗಿ ಪ್ರಯಾಣಿಸುತ್ತಾನೆ.,ಅಪರೂಪಕ್ಕೆ,0.926829268292683,"ನೀನು ಸಹಾಯಕ, ನಿಖರ ಮತ್ತು ಸ್ಪಷ್ಟವಾಗಿ ಉತ್ತರಿಸುವ ಕನ್ನಡ AI ಸಹಾಯಕ. ಬಳಕೆದಾರರ ಪ್ರಶ್ನೆ ಅಥವಾ ಸೂಚನೆಗೆ ಕನ್ನಡದಲ್ಲೇ ಸೂಕ್ತ ಉತ್ತರ ನೀಡಿ.

ಕೆಳಗಿನ ಸಂದರ್ಭವನ್ನು ಓದಿ ಪ್ರಶ್ನೆಗೆ ಚಿಕ್ಕ ಕನ್ನಡ ಉತ್ತರ ನೀಡಿ.
ವಿವರಣೆ ಬೇಡ. ಕೇವಲ ಉತ್ತರ ಮಾತ್ರ ನೀಡಿ.

ಸಂದರ್ಭ:
ಡಾಕ್ಟರ್ ಅಪರೂಪಕ್ಕೆ ಏಕಾಂಗಿಯಾಗಿ ಪ್ರಯಾಣಿಸುತ್ತಾನೆ ಮತ್ತು ಹೆಚ್ಚಾಗಿ, ಈ ಸಾಹಸಗಳನ್ನು ಹಂಚಿಕೊಳ್ಳಲು ಒಬ್ಬರು ಅಥವಾ ಹೆಚ್ಚು ಸಂಗಾತಿಗಳನ್ನು ಕರೆತರುತ್ತಾನೆ. ಆತನ ಸಂಗಾತಿಗಳು ಹೆಚ್ಚಾಗಿ ಮಾನವರಾಗಿರುತ್ತಾರೆ, ಏಕೆಂದರೆ ಭೂ ಗ್ರಹದ ಕುರಿತು ಆತನಿಗೆ ಆಕರ್ಷಣೆ ಹುಟ್ಟಿಕೊಂಡಿದೆ. ದುಷ್ಟ ಶಕ್ತಿಗಳು ಮುಗ್ಧ ಜನರಿಗೆ ಹಾನಿ ಮಾಡದಂತೆ ಅಥವಾ ಇತಿಹಾಸ ಬದಲಿಸದಂತೆ ತಡೆಯಲು ಕೇವಲ ತನ್ನ ಜಾಣ್ಮೆ ಮತ್ತು ಬಹೂಪಯೋಗಿ ಸೋನಿಕ್ ಸ್ಕ್ರೂ-ಡ್ರೈವರ್‌ನಂತಹ ಕನಿಷ್ಠ ಸಂಪನ್ಮೂಲಗಳನ್ನು ಬಳಸಿಕೊಂಡು ಆತ ಪ್ರಯತ್ನಿಸುವಾಗ, ಕುತೂಹಲ ಕೆರಳಿಸುವ ಘಟನೆಗಳು ಆತನಿಗೆ ಆಗಾಗ ಎದುರಾಗುತ್ತವೆ. ಟೈಮ್ ಲಾರ್ಡ್ ಆಗಿರುವ ಡಾಕ್ಟರ್, ತನ್ನ ದೇಹಕ್ಕೆ ಮಾರಣಾಂತಿಕ ಹಾನಿಯಾದಾಗ, ಹೊಸ ರೂಪ ಮತ್ತು ವ್ಯಕ್ತಿತ್ವವನ್ನು ಹೊಂದಿ ಪುನರ್ಜನ್ಮ ಪಡೆಯುವ ಸಾಮರ್ಥ್ಯ ಹೊಂದಿದ್ದಾನೆ. ತನ್ನ ಪ್ರಯಾಣಗಳಿಂದಾಗಿ ಡಾಕ್ಟರ್, ಅಸಂಖ್ಯಾತ ಸಂಖ್ಯೆಯ, ಮರುಕಳಿಸುವ ವಿರೋಧಿಗಳನ್ನು ಹೊಂದಿದ್ದಾನೆ; ಇವರಲ್ಲಿ ದಾಲೆಕ್‌ಗಳು, ಸೈಬರ್‌ಮೆನ್, ಮಾಸ್ಟರ್, ಹಾಗೂ ಮತ್ತೊಬ್ಬ ವಿದ್ರೋಹಿ ಟೈಮ್ ಲಾರ್ಡ್ ಒಳಗೊಂಡಿದ್ದಾರೆ.

ಪ್ರಶ್ನೆ:
ಡಾಕ್ಟರ್ ಹೂ ಎಷ್ಟು ಬಾರಿ ಏಕಾಂಗಿಯಾಗಿ ಪ್ರಯಾಣಿಸುತ್ತಾನೆ?

ಉತ್ತರ:"
